r,chi0,chi1,chi2,chi3,chi4,chi5,chi6,chi7,chi8,chi9,chi10,chi11,chi12,chi13,chi14,chi15,chi16,chi17,chi18,chi19,chi20,chi21,chi22,chi23,chi24,chi25,chi26,chi27,chi28,chi29,chi30,chi31,chi32,chi33,chi34,chi35,chi36,chi37,chi38,chi39,chi40,chi41,chi42,chi43,chi44,chi45,chi46,chi47,chi48,chi49,chi50,chi51,chi52,chi53,chi54,chi55,chi56,chi57,chi58,chi59,chi60,chi61,chi62,chi63,chi64,chi65,chi66,chi67,chi68,chi69,chi70,chi71,chi72,chi73,chi74,chi75,chi76,chi77,chi78,chi79,chi80,chi81,chi82,chi83,chi84,chi85,chi86,chi87,chi88,chi89,chi90,chi91,chi92,chi93,chi94,chi95,chi96,chi97,chi98,chi99,chi100,chi101,chi102,chi103,chi104,chi105,chi106,chi107,chi108,chi109,chi110,chi111,chi112,chi113,chi114,chi115,chi116,chi117,chi118,chi119,chi120,chi121,chi122,chi123,chi124,chi125,chi126,chi127,chi128,chi129,chi130,chi131,chi132,chi133,chi134,chi135,chi136,chi137,chi138,chi139,chi140,chi141,chi142,chi143,chi144,chi145,chi146,chi147,chi148,chi149
0.01,2.3444776426364164e-33,1.0157859779907218e-31,3.574818936428138e-30,1.033750574843323e-28,2.4832633582924335e-27,5.006650407412696e-26,8.554857099931772e-25,1.2502819539834615e-23,1.5765211361843415e-22,1.7292019385445955e-21,1.6626671725602464e-20,1.411729146736694e-19,1.0658109344234335e-18,7.201472298937134e-18,4.3817432671596706e-17,2.4147966585121956e-16,1.2120074096693523e-15,5.568926528962712e-15,2.3539886937281785e-14,9.196250259578621e-14,3.3349230991601494e-13,1.1272469526640688e-12,3.565335549476091e-12,1.0590722472724751e-11,2.964841168107013e-11,7.847851793611888e-11,1.9702312490821335e-10,4.70510465269623e-10,1.0717782689590136e-09,2.334829666655535e-09,4.8762731327841045e-09,9.786147800731171e-09,1.8913788293298424e-08,3.527663963492976e-08,6.36189590671376e-08,1.1114192217872568e-07,1.8841601343383813e-07,3.1047067017976924e-07,4.980358374238897e-07,7.788871788547544e-07,1.1892237474427003e-06,1.7749869416380152e-06,2.5930155138564327e-06,3.711925700284953e-06,5.212609731072354e-06,7.188260406799378e-06,9.743853197807457e-06,1.2995048439897477e-05,1.7066511832305938e-05,2.2089688328046936e-05,2.8200099356760508e-05,3.553426321759414e-05,4.4226361136006705e-05,5.440478549201705e-05,6.618871152895117e-05,7.968482975435071e-05,9.49843642811853e-05,0.00011216048402004199,0.0001312661907822225,0.00015233274291155772,0.0001753686468879436,0.000200359224077769,0.00022726673678346118,0.0002560310379429462,0.00028657069287591755,0.00031878450963861567,0.00035255340684666245,0.0003877425439701076,0.0004242036387278518,0.00046177739874071104,0.0005002959994817813,0.0005395855471860765,0.0005794684731819987,0.0006197658145687836,0.0006602993448397684,0.0007008935265659976,0.0007413772663788516,0.0007815854597406102,0.0008213603199483194,0.000860552491128502,0.0008990219501438433,0.0009366387060840497,0.0009732833091232107,0.001008847182453775,0.0010432327952150432,0.0010763536859536805,0.0011081343651422656,0.0011385101019623118,0.0011674266187355958,0.0011948397063742916,0.001220714775953933,0.0012450263601086298,0.0012677575767720117,0.001288899566574888,0.0013084509139716053,0.001326417060938145,0.0013428097209500325,0.0013576462997702498,0.001370949328583754,0.001382745914020181,0.0013930672087316633,0.0014019479053945497,0.0014094257562920934,0.0014155411200065613,0.001420336536200044,0.001423856328988738,0.0014261462390113145,0.0014272530839451569,0.0014272244469589368,0.0014261083923330516,0.0014239532073196672,0.0014208071691591251,0.001416718336067216,0.0014117343609327644,0.001405902326417416,0.0013992686001250366,0.001391878708502978,0.0013837772281484054,0.0013750076932169774,0.001365612517666062,0.0013556329311054027,0.0013451089270864972,0.0013340792227004572,0.00132258122842701,0.0013106510272277508,0.0012983233619399243,0.0012856316300871031,0.0012726078852829629,0.0012592828444630542,0.001245685900236464,0.0012318451377043116,0.001217787355144745,0.001203538088012869,0.001189121635763876,0.0011745610910128266,0.0011598783706639876,0.001145094248590225,0.001130228389547921,0.0011152993840142437,0.0011003247836925342,0.0010853211374199307,0.0010703040272814425,0.001055288104734578,0.0010402871266318777,0.001025313990631276,0.0010103807709642282,0.0009954987526289607,0.000980678465740249,0.0009659297188616765,0.0009512616316315107
0.01663758389261745,1.7519122658810833e-21,1.7310474356651907e-20,1.508115716411064e-19,1.1666007743992048e-18,8.065584781734712e-18,5.0151073530067407e-17,2.821042660010746e-16,1.4435647053053324e-15,6.755195580277787e-15,2.905131308175992e-14,1.1535890253689518e-13,4.2482710021741174e-13,1.4570030900536048e-12,4.672038530899902e-12,1.4059350951508363e-11,3.984393949794582e-11,1.0669342208696844e-10,2.708016708384311e-10,6.534125678604257e-10,1.502998738739328e-09,3.304529360607784e-09,6.96179871018941e-09,1.4086881834886912e-08,2.743807079671062e-08,5.1552234139925885e-08,9.361722262816284e-08,1.6462261521858224e-07,2.808112863266199e-07,4.654295883185683e-07,7.507415230179456e-07,1.1802347734979366e-06,1.8109079680114678e-06,2.7154939016740988e-06,3.984447675050733e-06,5.727516097600589e-06,8.074708162270082e-06,1.117650692483863e-05,1.5203199654007043e-05,2.03432526835816e-05,2.6800715524745534e-05,3.479170014420494e-05,4.45400403768078e-05,5.627228818099442e-05,7.021224382067692e-05,8.657524340774141e-05,0.00010556243834343703,0.00012735529727787788,0.00015211054378359596,0.00017995571433848277,0.00021098548446085353,0.00024525886912470346,0.00028279736004766984,0.0003235840199063221,0.00036756351432669674,0.00041464302838140006,0.0004646939864463589,0.000517554473201157,0.0005730322394054302,0.0006309081684444257,0.0006909400779459715,0.0007528667341083047,0.0008164119638202971,0.0008812887601950485,0.0009472032898177816,0.001013858723949123,0.001080958830356877,0.0011482112767312834,0.00121533061026307,0.0012820408905503144,0.001348077964293179,0.0014131913800699558,0.0014771459498136971,0.001539722970412906,0.0016007211237587795,0.0016599570813903071,0.00171726582916528,0.0017725007562819349,0.0018255335196766115,0.0018762537221727077,0.0019245684284538906,0.0019704015457393024,0.002013693094061925,0.002054398389299566,0.002092487160169437,0.002127942618382773,0.002160760499091987,0.0021909480867020087,0.0022185232392101678,0.002243513422259476,0.0022659547624066956,0.0022858911274268668,0.002303373239992219,0.0023184578297082573,0.002331206827279492,0.0023416866035064006,0.0023499672548781794,0.002356121936715054,0.0023602262441218365,0.002362357640420125,0.0023625949322683046,0.0023610177902395647,0.002357706313347848,0.0023527406357449604,0.002346200573632585,0.0023381653103006967,0.0023287131171185835,0.0023179211082588118,0.0023058650269218526,0.002292619060843989,0.00227825568490878,0.002262845528738584,0.0022464572672088057,0.002229157531924286,0.0022110108417605296,0.0021920795506935754,0.002172423811226536,0.0021521015518261803,0.0021311684668833923,0.0021096780178115316,0.0020876814439950314,0.002065227782396252,0.002042363894720891,0.00201913450130502,0.0019955822195782814,0.0019717476099136814,0.0019476692220016475,0.001923383647139366,0.001898925572149374,0.0018743278355849737,0.0018496214855080846,0.0018248358384310244,0.0017999985389661158,0.0017751356198510754,0.0017502715620214475,0.0017254293545371125,0.0017006305535178163,0.00167589534167625,0.0016512425852666002,0.001626689891290831,0.0016022536630278653,0.001577949154394582,0.00155379052292495,0.0015297908813392532,0.0015059623476138847,0.0014823160935241483,0.001458862391626074,0.0014356106606586445,0.0014125695093571617,0.0013897467786770446,0.0013671495824348595
0.023275167785234897,2.607012915211455e-16,1.364674786581616e-15,6.524435995218916e-15,2.863295214218917e-14,1.1589339999663142e-13,4.345763460495939e-13,1.5160911552533719e-12,4.940502510261672e-12,1.509529514694476e-11,4.339938673977515e-11,1.1780336599374942e-10,3.02860852469074e-10,7.396772033725125e-10,1.7210151320998149e-09,3.825001818971452e-09,8.141030828104345e-09,1.6632713294840756e-08,3.269340610100401e-08,6.19574375864273e-08,1.1343164903067574e-07,2.0100424007341715e-07,3.453687801307994e-07,5.763696945688648e-07,9.357325788343514e-07,1.4800915367513426e-06,2.284171690633649e-06,3.443934635597713e-06,5.079455024951924e-06,7.337273971124532e-06,1.0391974163304263e-05,1.4446744608734152e-05,1.9732748903991793e-05,2.6507176383900347e-05,3.504993454959556e-05,4.565902658091217e-05,5.8644741758436455e-05,7.432286196901529e-05,9.300714812344954e-05,0.00011500141202946998,0.00014059149989301394,0.00017003751295918912,0.0002035665706423849,0.00024136638480383178,0.00028357986470718303,0.00033030091504711946,0.0003815715287580562,0.0004373802161458389,0.0004976617556898316,0.0005622982022880908,0.0006311210475840967,0.0007039143952816052,0.0007804189923473268,0.0008603369442635295,0.0009433369383257626,0.0010290598021492493,0.0011171242337822682,0.0012071325537163155,0.001298676346272213,0.0013913418770648616,0.0014847151933915297,0.0015783868345079681,0.001671956098098827,0.001765034827241506,0.0018572506984092753,0.0019482500053010986,0.0020376999454185577,0.0021252904263066776,0.002210735415779782,0.0022937738709395573,0.0023741702692255387,0.002451714799303619,0.0025262232310040607,0.0025975365158036486,0.0026655201526057165,0.0027300633567374968,0.002791078067521789,0.002848497827389636,0.0029022765628245856,0.0029523872946176925,0.002998820802032361,0.003041584262556452,0.003080699886239519,0.0031162035607991525,0.0031481435212822604,0.003176579055676337,0.0032015792557429502,0.0032232218204050252,0.003241591917282256,0.0032567811064290867,0.0032688863289795068,0.0032780089622322967,0.003284253941694232,0.00328772894985629,0.0032885436702697777,0.0032868091066712317,0.00328263696200068,0.003276139079373083,0.003267426938760943,0.0032566112064493463,0.003243801337763525,0.00322910522568936,0.0032126288948926634,0.003194476237141319,0.003174748785187142,0.0031535455225999176,0.0031309627232492107,0.003107093827866214,0.0030820293380005833,0.0030558567418615353,0.003028660459412827,0.0030005218081083835,0.0029715189859745787,0.0029417270712434234,0.0029112180355403278,0.0028800607696365284,0.0028483211199710483,0.0028160619345397324,0.0027833431168348944,0.002750221686633029,0.0027167518465391893,0.002682985053287614,0.002648970092904246,0.0026147531589271575,0.0025803779329320094,0.0025458856667541748,0.0025113152657847307,0.0024767033728511326,0.002442084452219388,0.00240749087331946,0.0023729529938448274,0.002338499241922627,0.0023041561970964844,0.002269948669895115,0.0022358997797935058,0.0022020310314356142,0.002168362388939624,0.0021349123482352125,0.0021016980073147572,0.0020687351343513017,0.002036038233636036,0.0020036206093072494,0.001971494426856355,0.0019396707724087582,0.0019081597097880538,0.0018769703353813325,0.00184611083083141,0.0018155885135885405,0.0017854098853634592,0.001755580678503833,0.0017261059003870513
0.029912751677852352,2.1441601083099002e-13,7.881614880629711e-13,2.6983771744343297e-12,8.638287042814061e-12,2.595392646683126e-11,7.3443273826446e-11,1.963869753229237e-10,4.977864145378731e-10,1.199569455834493e-09,2.7559452456009525e-09,6.052319327379109e-09,1.2736748087527135e-08,2.5745423145309206e-08,5.009664198857564e-08,9.403573741238909e-08,1.706125191674607e-07,2.997591753110107e-07,5.109077048758307e-07,8.461411638104931e-07,1.3638144433582688e-06,2.1425128382433344e-06,3.2851476637892906e-06,4.922926411961838e-06,7.21888941358263e-06,1.0370683286997155e-05,1.4612248761542249e-05,2.021413842884145e-05,2.748224654310818e-05,3.675482274040273e-05,4.839774633507733e-05,6.279814805426399e-05,8.035657180931867e-05,0.00010147796134281352,0.0001265618281875272,0.00015599200358499158,0.00019012639579567275,0.00022928716607100314,0.00027375170423701574,0.00032374473264464086,0.00037943180061536785,0.00044091435622007757,0.0005082265039037843,0.0005813334801545788,0.0006601318092748976,0.0007444510404607055,0.0008340569178402514,0.0009286557978973748,0.0010279001038611469,0.001131394593553233,0.0012387032146877718,0.0013493563281168517,0.001462858087103777,0.0015786938295794329,0.0016963371897712209,0.0018152569943937818,0.0019349237095557274,0.0020548151961413807,0.0021744221448495036,0.0022932526810002683,0.0024108364057740784,0.0025267277693917555,0.0026405088547254685,0.0027517914409736794,0.0028602186411190366,0.002965465892718648,0.003067241524620359,0.0031652868353535674,0.003259375844420724,0.003349314664019862,0.0034349406025851,0.003516121026601845,0.003592752028717538,0.0036647569430907742,0.0037320847461318842,0.003794708376772475,0.003852623006759714,0.00390584428701582,0.00395440659859613,0.00399836131244892,0.004037775100702684,0.004072728287281353,0.004103313264526044,0.00412963297930888,0.004151799495923525,0.004169932640360295,0.004184158728933993,0.004194609382574041,0.004201420428541433,0.004204730884424193,0.004204682030189149,0.004201416558411401,0.004195077805793157,0.00418580905666272,0.004173752922672542,0.004159050787329014,0.004141842315880064,0.004122265025106163,0.00410045390914234,0.0040765411173491126,0.004050655680279486,0.004022923280098417,0.003993466061240156,0.003962402478658316,0.0039298471794015,0.003895910914863809,0.0038607004804961146,0.003824318680225676,0.003786864312847056,0.0037484321780057693,0.0037091130994077993,0.003668993963322855,0.0036281577699247437,0.003586683696514789,0.003544647170146845,0.0035021199486697796,0.003459170208632131,0.0034158626389454616,0.0033722585388931297,0.0033284159199922516,0.003284389610274962,0.0032402313605324005,0.0031959899516749196,0.0031517113026022256,0.003107438578024213,0.0030632122957438973,0.0030190704329763293,0.002975048531336009,0.002931179800176666,0.0028874952180132927,0.0028440236317925907,0.002800791853859233,0.002757824756387152,0.00271514536325627,0.0026727749391930763,0.0026307330761507802,0.002589037776867102,0.0025477055356509476,0.002506751415837595,0.002466189125560823,0.002426031089115656,0.002386288516681452,0.0023469714707969208,0.0023080889301837692,0.0022696488508764227,0.002231658224746742,0.00219412313545543,0.0021570488119139436,0.0021204396793213227,0.002084299407887011,0.0020486309590428842
0.0365503355704698,1.625937217315549e-11,4.771438549331556e-11,1.3204820256980198e-10,3.4574821120676264e-10,8.59132114584954e-10,2.0318270673159176e-09,4.585900802018712e-09,9.903569789062986e-09,2.0513696879469336e-08,4.084868315623471e-08,7.836739425811214e-08,1.4514586986986818e-07,2.6003091028558605e-07,4.5142802419931627e-07,7.60752301472011e-07,1.246509069233688e-06,1.9888945229576376e-06,3.0947222707091926e-06,4.702399572402655e-06,6.986608183336415e-06,1.0162299509938232e-05,1.4487600673181618e-05,2.0265251665813037e-05,2.7842254399984814e-05,3.760750786480155e-05,4.998732176084416e-05,6.543883302760931e-05,8.444148356757651e-05,0.00010748684134902748,0.00013506715071483035,0.00016766307345369123,0.00020573112556468507,0.00024969132428895904,0.00029991553785096867,0.00035671698046031285,0.00042034122352236367,0.0004909590075112925,0.000568661044658045,0.0006534549071534557,0.0007452640047436953,0.0008439285739932155,0.0009492085323925488,0.0010607879958492712,0.0011782812187065383,0.001301239690943312,0.0014291601166491375,0.0015614929994728704,0.0016976515725711408,0.0018370208304261664,0.0019789664455935026,0.002122843382929654,0.0022680040552952806,0.002413805896564099,0.0025596182587052877,0.0027048285687602184,0.0028488477079959083,0.0029911145989137185,0.0031311000058915684,0.0032683095719639762,0.0034022861277314374,0.0035326113185392017,0.0036589066039057253,0.003780833687658655,0.0038980944403136032,0.00401043037588314,0.004117621744635565,0.0042194863013522745,0.004315877805707258,0.0044066843077665676,0.0044918262674754445,0.004571254552606998,0.004644948355108926,0.004712913061160837,0.004775178105962576,0.004831794839797526,0.004882834428038839,0.004928385803925083,0.004968553689497218,0.005003456696944387,0.005033225519784102,0.005058001220795141,0.005077933621418287,0.005093179795425452,0.00510390266801334,0.005110269720085828,0.005112451796304145,0.005110622014595433,0.005104954773921796,0.005095624856617252,0.005082806621075027,0.005066673280252284,0.005047396261231173,0.00502514464094308,0.005000084653109986,0.004972379261469952,0.0049421877944212066,0.004909665636332071,0.00487496397090025,0.004838229572154281,0.004799604638826284,0.0047592266680891735,0.0047172283648348355,0.004673737582936338,0.0046288772950440265,0.004582765587923919,0.004535515680274181,0.00448723596040499,0.004438030041257777,0.004387996830473127,0.004337230613403279,0.004285821147145853,0.004233853763855423,0.00418140948173184,0.004128565122256907,0.004075393432387004,0.004021963210516837,0.003968339435209393,0.003914583395727796,0.0038607528235674463,0.003806902024253829,0.0037530820087678493,0.003699340624040094,0.0036457226820282656,0.0035922700869640486,0.0035390219604079184,0.0034860147638002127,0.003433282418297964,0.003380856421616607,0.0033287659617828695,0.0032770380276221475,0.0032256975158959046,0.0031747673350153646,0.0031242685052852827,0.0030742202556525424,0.0030246401169625728,0.002975544011713104,0.0029269463403705704,0.002878860064251105,0.002831296785039791,0.0027842668210057986,0.0027377792799512957,0.0026918421300370704,0.002646462261470479,0.002601645560246821,0.0025573969589124386,0.002513720499544,0.002470619387972864,0.0024280960463670207,0.002386152163259983,0.002344788741118935
0.04318791946308725,3.380360729850479e-10,8.486494020049821e-10,2.0266209463772174e-09,4.616298080485537e-09,1.0055954892928474e-08,2.100047436873564e-08,4.2142443945451075e-08,8.14418028923013e-08,1.5188369488351573e-07,2.738797395703734e-07,4.784043287410675e-07,8.109114469729995e-07,1.3360088180219985e-06,2.1427785615610497e-06,3.350535005063198e-06,5.114711774918021e-06,7.632484859142865e-06,1.1147678616748753e-05,1.5954478190734104e-05,2.2399491008798226e-05,3.088176332811831e-05,4.1850461213658886e-05,5.580006013363991e-05,7.326304127803094e-05,9.480025155631609e-05,0.00012098923391929697,0.00015241096252605928,0.0001896355136477076,0.00023320726203382533,0.00028363021145164324,0.00034135404882167325,0.0004067614581833995,0.0004801571503658215,0.0005617589646907511,0.0006516912886724199,0.0007499809285289079,0.0008565554544380337,0.0009712439455970434,0.0010937799754446246,0.001223806609489144,0.0013608831382417737,0.001504493235584766,0.0016540542175143484,0.0018089270755994528,0.0019684269715930973,0.0021318339011432426,0.0022984032647448264,0.0024673761172471454,0.0026379889050402467,0.0028094825373286775,0.002981110674927759,0.0031521471548587167,0.003321892480132806,0.0034896794988837844,0.0036548778390753547,0.00381689785034921,0.003975193365151299,0.004129263768763375,0.004278655295246035,0.00442296163853595,0.004561823951161505,0.004694930304175157,0.00482201468138225,0.004942855578829699,0.005057274277214756,0.005165132850693413,0.005266331970750065,0.005360808558621756,0.005448533334405745,0.005529508305497103,0.00560376423187237,0.0056713581004124,0.005732370635797899,0.005786903870912889,0.005835078795561044,0.005877033098515332,0.005912919014519415,0.005942901284832211,0.005967155237243288,0.005985864989168634,0.005999221775442313,0.006007422400728888,0.00601066781503944,0.006009161809748806,0.006003109830430682,0.005992717902213937,0.005978191662709442,0.005959735497258126,0.005937551770635734,0.005911840149838995,0.005882797011681258,0.005850614929591238,0.005815482233752436,0.005777582638943217,0.005737094934583278,0.00569419273173725,0.005649044261986945,0.0056018122233941125,0.005552653668995045,0.005501719933570913,0.0054491565946108295,0.005395103463836828,0.005339694605690049,0.005283058379619299,0.0052253175031680595,0.005166589133103339,0.005106984962194059,0.00504661132897172,0.004985569339002553,0.004923954995143194,0.004861859335440422,0.0047993685770012645,0.004736564264449571,0.004673523421740376,0.0046103187062046845,0.004547018563849419,0.004483687385038682,0.0044203856597914495,0.0043571701320269255,0.004294093952175772,0.004231206827660741,0.004168555170812515,0.004106182243862886,0.004044128300709187,0.0039824307252063285,0.003921124165774962,0.0038602406686602244,0.0037998097920869042,0.0037398587550885477,0.003680412528899247,0.003621493966358924,0.0035631239086103368,0.003505321291624034,0.0034481032483860085,0.0033914852070394633,0.003335480985040241,0.003280102879402308,0.003225361753078649,0.0031712671176373636,0.003117827212247284,0.0030650490791208082,0.0030129386355002927,0.002961500742295689,0.002910739269480832,0.0028606571583571112,0.002811256480793773,0.0027625384955541625,0.0027145037018165984,0.0026671518900002644,0.002620482189986767
0.0498255033557047,3.213876823176848e-09,7.195289799742853e-09,1.5420101179381012e-08,3.170962487971083e-08,6.271143643403886e-08,1.19532464303897e-07,2.2003316420367726e-07,3.919079976635478e-07,6.766405196037982e-07,1.1343580186744706e-06,1.849522330171171e-06,2.9372862183681353e-06,4.550229510344915e-06,6.885079506588341e-06,1.018893150071263e-05,1.476443121480696e-05,2.0973372283523884e-05,2.9238203853546175e-05,4.004103509358319e-05,5.3919858168111175e-05,7.146187710686098e-05,9.329401172771786e-05,0.00012007082684439878,0.0001524603014659929,0.00019112798726020065,0.00023672020047363595,0.0002898469415792965,0.000351065241176907,0.0004208635923925098,0.0004996480553379975,0.0005877305166286266,0.0006853194660029363,0.0007925135223642416,0.000909297811961957,0.0010355431795737802,0.0011710081053447601,0.0013153431095216702,0.0014680973570080115,0.0016287271242116086,0.0017966057613775105,0.0019710347729256492,0.002151255643749108,0.0023364620582174305,0.0025258121877488266,0.0027184407593147824,0.0029134706583625264,0.003110023862944915,0.0033072315492575707,0.0035042432506351075,0.003700234991077095,0.0038944163496765095,0.004086036443311004,0.004274388841412067,0.004458815448445576,0.00463870940710237,0.00481351708837039,0.004982739244016807,0.005145931402977662,0.005302703596192139,0.005452719494977137,0.005595695046659441,0.005731396687845619,0.005859639211960826,0.005980283361835741,0.006093233212859809,0.006198433405874303,0.006295866282767008,0.006385548971449156,0.006467530461039529,0.006541888701991348,0.006608727760726052,0.006668175053148729,0.006720378676798884,0.006765504857331535,0.006803735521004499,0.006835266001865569,0.006860302889157068,0.006879062018073959,0.0068917666048249225,0.006898645525105358,0.006899931733671525,0.006895860821333844,0.006886669704826751,0.006872595444177956,0.006853874181644983,0.006830740195875695,0.006803425064684598,0.006772156929694009,0.006737159856049292,0.00669865328046306,0.006656851540958688,0.00661196348185649,0.006564192127751987,0.006513734420528314,0.006460781013645089,0.006405516118320458,0.006348117396440358,0.0062887558955007595,0.00622759602089995,0.006164795541576029,0.006100505624988979,0.006034870897887557,0.005968029529530722,0.005900113334392662,0.005831247891341559,0.005761552677130849,0.005691141211506253,0.005620121212072764,0.005548594756920988,0.005476658453443316,0.005404403611551948,0.005331916420294099,0.005259278126345033,0.005186565213472506,0.0051138495819773675,0.005041198727551168,0.004968675916996292,0.004896340365684646,0.004824247407056221,0.004752448662864199,0.0046809922082722815,0.00460992273337848,0.004539281700519113,0.004469107497306454,0.004399435585108845,0.004330298642921824,0.004261726706529284,0.00419374730303769,0.004126385579856609,0.004059664430849977,0.003993604615152395,0.003928224873228852,0.0038635420375205515,0.0037995711386638186,0.003736325507215227,0.0036738168710264913,0.0036120554483290834,0.003551050036664732,0.0034908080977713897,0.0034313358386095795,0.0033726382882073975,0.003314719371784052,0.0032575819800534094,0.0032012280360585853,0.0031456585583288323,0.00309087372092871,0.0030368729104631614,0.0029836547801380658,0.002931217301042933,0.0028795578107232646
0.05646308724832215,1.8348300896523242e-08,3.76310010221367e-08,7.423507291040354e-08,1.4116081733924472e-07,2.592610333551357e-07,4.607929627204821e-07,7.939646844814787e-07,1.3284979805517729e-06,2.162127926917072e-06,3.427836901367167e-06,5.301490113384404e-06,8.009416659468572e-06,1.1835381950787787e-05,1.7126339488567736e-05,2.4296344136617385e-05,3.38280607429071e-05,4.627140976056033e-05,6.223904730447013e-05,8.239856699414256e-05,0.00010746151746024992,0.00013816953382493586,0.00017527806584312903,0.00021953833488392994,0.00027167825586479086,0.0003323831130532402,0.0004022767796501968,0.00048190422417060115,0.0005717159594088525,0.0006720549705938674,0.0007831465227266648,0.0009050910974786763,0.0010378605651504425,0.0011812975591249004,0.001335117899223755,0.0014989158095433759,0.0016721715985008447,0.0018542614146353988,0.0020444686603340234,0.002241996635180422,0.0024459819882118395,0.002655508580827887,0.002869621360755321,0.003087340171476722,0.0033076724815674736,0.0035296260415993578,0.003752220058039493,0.003974495494807719,0.00419552417014497,0.0044144166380986356,0.004630328843407377,0.0048424675681111974,0.005050094712555241,0.005252530472531609,0.005449155489176037,0.005639412058025868,0.005822804490420953,0.00599889872339891,0.006167321274672075,0.006327757637399463,0.006479950205814792,0.006623695817772114,0.006758842987675147,0.006885288949462642,0.007002976437476987,0.00711189049563502,0.007212055133425955,0.0073035300313520944,0.007386407233147626,0.007460807956167834,0.007526879455043582,0.00758479201569165,0.007634736078215902,0.007676919504673564,0.007711565000543118,0.007738907696117067,0.007759192890916695,0.007772673961923774,0.007779610433700003,0.007780266212183163,0.007774907963918527,0.0077638036585514795,0.007747221245234252,0.007725427469996215,0.0076986868221881315,0.0076672606031098125,0.0076314061091342185,0.00759137592160498,0.0075474172958527605,0.007499771641817201,0.007448674088966669,0.007394353128452899,0.007337030325575147,0.007276920097418345,0.007214229545525657,0.007149158344592593,0.007081898675051872,0.007012635198468306,0.006941545069774512,0.006868797982119776,0.0067945562403169514,0.006718974859170086,0.006642201683274141,0.006564377525163979,0.006485636318988146,0.0064061052871014525,0.006325905117259486,0.00624515014828179,0.0061639485623414154,0.006082402582095233,0.006000608671227691,0.005918657736988441,0.005836635333700471,0.005754621865741257,0.005672692789826439,0.005590918815051896,0.005509366100456034,0.005428096449349695,0.005347167500018327,0.005266632912111113,0.005186542548855262,0.005106942654241578,0.005027876025422144,0.004949382179876494,0.004871497517335768,0.004794255476348452,0.004717686685592412,0.004641819108874746,0.004566678186956183,0.00449228697102605,0.004418666253093551,0.004345834690243903,0.0042738089238966645,0.004202603693984961,0.004132231948235889,0.0040627049466033585,0.003994032361022171,0.003926222370604217,0.0038592817524900043,0.0037932159679789222,0.0037280292456319513,0.0036637246589045825,0.0036003042010390586,0.003537768855807532,0.003476118664767679,0.003415352791081677,0.0033554695800650397,0.003296466616571777,0.0032383407793641883,0.003181088292591709,0.0031247047745416407
0.06310067114093959,7.370821575537088e-08,1.4105603243867646e-07,2.606342283560175e-07,4.658770032408575e-07,8.070500512895999e-07,1.3572638480807572e-06,2.21955714034462e-06,3.5348494884261914e-06,5.490416246631228e-06,8.328398954784821e-06,1.2353748345238211e-05,1.794092362151543e-05,2.553865450239089e-05,3.5672119137197754e-05,4.894200115339563e-05,6.602005497758621e-05,8.76410156220561e-05,0.00011459091828311854,0.00014769212350435547,0.00018778555485590918,0.00023571083081548106,0.0002922850979206422,0.0003582814411503431,0.00043440775814281696,0.0005212869399116098,0.0006194391100153746,0.0007292665458299019,0.0008510417554725569,0.000984899017630739,0.001130829528448921,0.001288680142950116,0.0014581555597078164,0.001638823680683907,0.00183012378676514,0.0020313771046424236,0.002241799301569819,0.0024605144292793274,0.0026865698438284695,0.0029189516509211654,0.0031566002624413957,0.0033984256957968442,0.0036433222996522384,0.0038901826445977717,0.0041379103725633064,0.004385431852198361,0.004631706537329759,0.0048757359708231805,0.005116571415931662,0.005353320131200046,0.005585150333072579,0.005811294912734694,0.006031053990737407,0.006243796405077141,0.0064489602361792065,0.006646052476244045,0.006834647951247098,0.007014387602108211,0.007184976227696844,0.00734617978691332,0.00749782235049122,0.007639782785826278,0.007771991250340961,0.007894425560906656,0.00800710749883661,0.008110099102481234,0.008203498991677367,0.008287438761712004,0.008362079477810872,0.00842760829536981,0.008484235225601773,0.008532190061869154,0.00857171947725957,0.008603084300638447,0.008626556975014245,0.008642419199370484,0.008650959752763364,0.008652472497682296,0.008647254556955922,0.00863560466512121,0.00861782166710774,0.008594203190379542,0.008565044448724348,0.008530637189404396,0.008491268768397562,0.008447221345973152,0.008398771194024695,0.008346188106712414,0.008289734906196493,0.008229667035511794,0.008166232231006394,0.008099670267031287,0.00803021276604226,0.007958083067576519,0.007883496150097228,0.0078066585998600516,0.007727768621639877,0.007647016086307116,0.0075645826107326244,0.007480641665826843,0.007395358708867822,0.007308891336594541,0.007221389455879207,0.007132995469037959,0.007043844471166194,0.006954064457088077,0.0068637765358514615,0.006773095150736388,0.006682128303183449,0.006590977779053863,0.006499739375901388,0.006408503130066665,0.006317353542588546,0.006226369802944273,0.006135626009989691,0.006045191389286881,0.005955130506340544,0.005865503475224366,0.005776366162283061,0.005687770384424671,0.005599764101977423,0.005512391605719868,0.005425693698047924,0.005339707868150331,0.00525446846130727,0.0051700068411309795,0.005086351548244421,0.005003528449629521,0.0049215608845149085,0.004840469803401407,0.004760273901492977,0.00468098974644469,0.004602631900624224,0.004525213037950649,0.004448744055494918,0.004373234179979126,0.004298691069412283,0.004225120909445436,0.004152528506329225,0.004080917373761664,0.004010289816659676,0.003940647010290763,0.0038719890754980177,0.003804315150098464,0.003737623456574812,0.0036719113662893785,0.003607175460277798,0.003543411586826442,0.003480614915994051,0.003418779990935632,0.0033579007770078236
0.06973825503355705,2.2995057330562802e-07,4.1605461075849854e-07,7.290618690321777e-07,1.23947593262074e-06,2.0478135941601e-06,3.293063716242938e-06,5.1618822950865205e-06,7.898040769813423e-06,1.1811504312893298e-05,1.728641619959127e-05,2.478722117077534e-05,3.486218584433928e-05,4.814367080062267e-05,6.534467127182096e-05,8.7251357808903e-05,0.00011471159533624641,0.00014861967594901503,0.00018989774451999073,0.000239474606049453,0.00029826276345835707,0.0003671346340107583,0.000446898927497034,0.000538278141920863,0.0006418880494212372,0.0007582199173265361,0.0008876260494109537,0.0010303090542231465,0.001186315063884087,0.0013555309496335382,0.0015376854190751847,0.001732353741499115,0.001938965736214135,0.002156816576551393,0.002385079908910035,0.0026228227603132736,0.0028690217062920524,0.00312257978984893,0.0033823437175765146,0.0036471209064922005,0.003915696010765752,0.004186846617608472,0.00445935786296702,0.00473203577802881,0.005003719233496589,0.005273290402302595,0.005539683705503593,0.005801893247698674,0.006058978755923242,0.006310070262199181,0.006554371094059029,0.006791160145910025,0.0070197926726173815,0.0072397002457973494,0.007450389818677154,0.007651442043355415,0.007842508955849144,0.00802331113881285,0.00819363446489807,0.008353326515767309,0.008502292763306473,0.008640492590731344,0.008767935222349933,0.008884675622352825,0.008990810414260827,0.00908647386513802,0.009171833971150779,0.00924708867435979,0.009312462234493588,0.009368201773946252,0.009414574009352463,0.009451862178799779,0.00948036317001036,0.009500384851308765,0.009512243607031552,0.009516262067843671,0.009512767042497206,0.009502087633610727,0.009484553536899426,0.00946049351337652,0.009430234025993658,0.009394098031441544,0.00935240391759049,0.009305464576962467,0.009253586606665525,0.009197069625365555,0.009136205698100768,0.009071278860023698,0.009002564730565678,0.008930330209795827,0.008854833249267176,0.008776322690010854,0.008695038160797747,0.008611210030225884,0.008525059406629528,0.008436798180236117,0.00834662910241529,0.008254745897268491,0.008161333401139278,0.008066567726435991,0.007970616444963606,0.007873638789393058,0.0077757858679222795,0.007677200890546635,0.007578019404278558,0.007478369534835557,0.007378372233296761,0.007278141525622448,0.007177784763665644,0.007077402876443537,0.006977090620323383,0.006876936825434552,0.00677702464414449,0.0066774317886768185,0.00657823076972612,0.006479489127915036,0.006381269660258971,0.006283630640738282,0.006186626034881661,0.006090305707976604,0.005994715626810762,0.005899898054806188,0.005805891740655849,0.005712732099185477,0.005620451388186163,0.005529078875021217,0.005438640999304457,0.005349161527996942,0.005260661704281185,0.005173160390124266,0.005086674202744126,0.005001217645006058,0.004916803230050917,0.004833441600193782,0.004751141640334962,0.004669910586033229,0.004589754126420976,0.00451067650213891,0.004432680598468414,0.004355768033839135,0.00427993924388791,0.004205193561248455,0.004131529291210237,0.004058943783487186,0.003987433500178798,0.003916994080137171,0.00384762039987899,0.003779306631197598,0.003712046295623439,0.0036458323158764555,0.0035806570644495734
0.07637583892617449,5.943408226366501e-07,1.0266388716809932e-06,1.7218621810517085e-06,2.8085204263542843e-06,4.461862432128218e-06,6.914139104333582e-06,1.046483772469409e-05,1.5490146495749107e-05,2.2450825627534012e-05,3.1897648331411475e-05,4.4473639870701386e-05,6.0912483956900585e-05,8.203267302710307e-05,0.00010872723378683504,0.00014194913839165918,0.00018269278942448705,0.0002319722187924213,0.0002907968464205281,0.0003601457892247601,0.00044094178629623193,0.0005340258113118255,0.0006401333827128798,0.0007598734664499209,0.0008937107058487505,0.0010419515292510995,0.0012047344825951616,0.0013820249376472584,0.00157361413812025,0.0017791223806239277,0.0019980059892645776,0.00222956763581721,0.002472969482653166,0.0027272485820562927,0.002991333950510165,0.003264064746479015,0.003544209009623577,0.0038304824666818994,0.004121566964484271,0.0044161281559269815,0.004712832131094914,0.005010360752966896,0.005307425521571275,0.005602779850400561,0.005895229692958179,0.006183642504659161,0.006466954565545935,0.006744176701395238,0.007014398635156958,0.00727679163125676,0.007530610287910376,0.007775192867430818,0.00800996073795316,0.008234416910720195,0.008448143822923937,0.00865080048995671,0.008842119144023178,0.009021901467807621,0.009190014522822554,0.009346386462501296,0.009491002110216749,0.00962389847304715,0.009745160252378536,0.009854915403810782,0.009953330790321513,0.010040607964945084,0.010116979112148953,0.01018270316657652,0.010238062155170842,0.01028335768801767,0.010318907750153181,0.010345043653677178,0.010362107237588769,0.010370448284362573,0.010370422153232955,0.010362387623965985,0.010346704943687437,0.010323734068079514,0.01029383308763031,0.010257356828522232,0.010214655618444698,0.010166074206134301,0.01011195082448022,0.010052616386617894,0.009988393804799992,0.009919597422088278,0.00984653254734355,0.009769495084280364,0.009688771245908306,0.009604637346081713,0.009517359660418575,0.009427194349194033,0.0093343874355761,0.00923917483270205,0.009141782413838232,0.009042426120179255,0.008941312101316497,0.008838636883816673,0.0087345875637424,0.008629342019342531,0.008523069140445481,0.008415929071468885,0.008308073465239561,0.008199645745102268,0.00809078137308577,0.007981608122109116,0.007872246350463243,0.0077628092769987545,0.00765340325564552,0.007544128048044531,0.00743507709338251,0.007326337774141357,0.007217991677652058,0.007110114852149166,0.007002778057179105,0.006896047007800148,0.006789982612212147,0.006684641206831423,0.00658007475868444,0.006476331124675565,0.00637345421812909,0.00627148423205778,0.006170457829448264,0.006070408330491649,0.005971365892547106,0.005873357682924952,0.0057764080445985196,0.005680538654983725,0.005585768677871531,0.00549211490879638,0.005399591913873449,0.005308212162366419,0.005217986153142488,0.0051289225352078565,0.005041028222516238,0.004954308503245094,0.004868767143735034,0.004784406487287647,0.004701227548015805,0.004619230099943083,0.004538412761514709,0.00445877307576098,0.004380307586236842,0.004303011908951218,0.004226880800448554,0.004151908222263768,0.00407808740156229,0.004005410889182706,0.003933870613472939,0.0038634579318327397,0.0037941636790485094
0.08301342281879194,1.3301816829013405e-06,2.20990379178906e-06,3.5723743587525086e-06,5.62743068305907e-06,8.650577908914855e-06,1.2993909948409478e-05,1.9095896337280863e-05,2.748912593474848e-05,3.880511257568217e-05,5.377536704166134e-05,7.322811947662638e-05,9.808032193157792e-05,0.00012932484988226284,0.00016801312772124724,0.00021523369855678737,0.00027208751781434626,0.0003396609525454063,0.00041899760056492353,0.0005110700989357741,0.0006167530715298846,0.0007367982774438414,0.0008718128770621835,0.0010222415490332773,0.0011883529792633986,0.0013702310257573918,0.0015677706486539116,0.0017806784985380242,0.0020084778855742457,0.002250517713237751,0.002505984856327225,0.0027739193936837147,0.0030532320700002056,0.003342723354753181,0.0036411034853440155,0.003947012921027504,0.004259042689058372,0.004575754169807723,0.0048956979389348215,0.005217431358083651,0.005539534678403485,0.005860625488163452,0.006179371402329549,0.006494500944026383,0.0068048126200884905,0.007109182232192781,0.0074065684988347215,0.0076960170892438964,0.007976663189401425,0.008247732733244327,0.008508542439682088,0.008758498798991779,0.008997096151276952,0.00922391399571035,0.009438613662913166,0.00964093447468807,0.009830689505881812,0.010007761053049851,0.010172095903988109,0.010323700491473254,0.010462636004444775,0.01058901351931931,0.01070298920504643,0.010804759646411224,0.010894557321989639,0.010972646265727607,0.011039317934442381,0.011094887297615586,0.011139689160638703,0.011174074728148,0.01119840841020933,0.011213064870777707,0.01121842631525754,0.011214880011516944,0.011202816037097975,0.011182625243839546,0.011154697430086477,0.011119419709879097,0.011077175068000997,0.011028341089466038,0.01097328885191575,0.010912381969442496,0.010845975776525305,0.010774416641041357,0.010698041395653031,0.010617176877361282,0.010532139565352733,0.010443235307892823,0.010350759129461578,0.0102549951098808,0.01015621632770978,0.010054684860713866,0.009950651836727801,0.00984435752873928,0.009736031488493582,0.009625892713469412,0.009514149842129423,0.009401001374143512,0.009286635909206403,0.009171232404406036,0.009054960444063457,0.00893798051930185,0.008820444317122852,0.008702495013827659,0.008584267572343856,0.008465889041177075,0.008347478853405053,0.008229149124748491,0.008111004946456873,0.007993144681057095,0.00787566024488331,0.007758637391788113,0.007642155988236159,0.0075262902825419,0.007411109166685448,0.00729667643143063,0.007183051013457173,0.00707028723490011,0.0069584350349691905,0.006847540193808799,0.006737644547071255,0.0066287861957008126,0.00652099970349842,0.006414316289737729,0.006308764014461554,0.006204367952065218,0.006101150363108365,0.005999130854546156,0.0058983265345192585,0.0057987521599177074,0.005700420277193807,0.005603341356733485,0.00550752392026314,0.005412974663695447,0.005319698571981607,0.0052276990298057175,0.005136977926196005,0.005047535753938146,0.0049593717039343715,0.004872483754661165,0.00478686875701704,0.0047025225146548316,0.0046194398600557665,0.004537614726509709,0.004457040216186473,0.004377708664474519,0.004299611700757922,0.004222740305796884,0.004147084865871532,0.004072635223843018,0.003999380727283374
0.0896510067114094,2.6596957268217584e-06,4.274408299523724e-06,6.696158328807257e-06,1.0239662299377858e-05,1.530476086986681e-05,2.238655986095014e-05,3.2083140868699366e-05,4.5099891318367044e-05,6.224963164145791e-05,8.444792942288222e-05,0.00011270326885254482,0.00014810206311856766,0.00019178882828112668,0.0002449421496617559,0.0003087473396070273,0.0003843668878263063,0.0004729099295836233,0.0005754019978114356,0.0006927562856366413,0.0008257475355332272,0.0009749895021297266,0.0011409167302666012,0.0013237711555319199,0.001523593800404255,0.0017402216099932054,0.0019732892650460216,0.002222235633050825,0.0024863143768589185,0.0027646081366541147,0.003056045635000864,0.0033594210237660534,0.0036734147921253777,0.003996615580670047,0.004327542295276842,0.004664665975348753,0.005006430945129409,0.005351274854297817,0.005697647293783681,0.006044026750319834,0.006388935736322764,0.0067309539983823,0.007068729766690478,0.007400989058531791,0.00772654309132754,0.008044293908537328,0.008353238235344196,0.008652469994995835,0.00894118113803312,0.009218661432717603,0.009484297075409888,0.009737568373567821,0.009978046635879248,0.010205390410713167,0.01041934120479517,0.010619718803573264,0.010806416303569799,0.010979394955382719,0.011138678904764053,0.011284349907643884,0.011416542084476141,0.011535436769010456,0.011641257497179154,0.011734265173398572,0.0118147534428645,0.011883044293193156,0.011939483900323521,0.011984438729943432,0.012018291900106776,0.012041439806949173,0.012054289011934501,0.012057253386419785,0.012050751506756793,0.012035204291569715,0.012011032871279253,0.011978656678971954,0.011938491750783407,0.011890949223825859,0.011836434019003628,0.011775343696340701,0.011708067470366864,0.01163498537338209,0.011556467554741434,0.011472873704702225,0.011384552591905319,0.011291841703964616,0.011195066981312729,0.011094542634932604,0.010990571039244734,0.010883442691914942,0.01077343623301511,0.010660818516449075,0.010545844727135932,0.010428758537952615,0.010309792300938137,0.010189167267728805,0.010067093834676211,0.009943771808459645,0.009819390688469943,0.009694129962552254,0.00956815941312882,0.00944163943089071,0.00931472133373287,0.00918754768872926,0.009060252635271724,0.008932962207704984,0.00880579465600338,0.008678860763225688,0.008552264158666046,0.008426101625766402,0.008300463404006737,0.008175433484095433,0.008051089896019903,0.007927504989273571,0.007804745705274864,0.0076828738413880614,0.007561946306542475,0.007442015368268105,0.007323128891089391,0.007205330566260764,0.0070886601328714275,0.006973153590384703,0.006858843402710152,0.006745758693934398,0.006633925435870419,0.006523366627534827,0.006414102466857678,0.006306150514697432,0.0061995258514444245,0.006094241226406001,0.0059903072003186205,0.005887732280382198,0.005786523050543371,0.005686684293084025,0.005588219105940392,0.0054911290134526634,0.005395414071602104,0.005301072967866308,0.005208103115901734,0.005116500745254877,0.005026260986330217,0.004937377950812984,0.004849844807806479,0.004763653855469292,0.004678796589567892,0.0045952637670820876,0.004513045467084907,0.004432131147840246,0.004352509700691446,0.004274169500844328,0.004197098455172237
0.09628859060402684,4.860413449090246e-06,7.590739819213792e-06,1.1573788643856018e-05,1.725100355840018e-05,2.5167248042105947e-05,3.597865524580358e-05,5.045672181216889e-05,6.948778733235694e-05,9.4067279770067e-05,0.00012528841401667686,0.00016432537746236046,0.00021241139143579895,0.00027081236849623374,0.00034079716528753463,0.000423605637639866,0.000520415826099834,0.0006323116320095377,0.0007602522905743356,0.0009050448195062459,0.001067320432503519,0.0012475156819499254,0.001445858840353511,0.001662361779237604,0.0018968173597572347,0.0021488021313872513,0.002417683949748644,0.002702633978137124,0.0030026424315819826,0.0033165373567658404,0.0036430057129183653,0.0039806160237457954,0.004327841901693172,0.004683085801392618,0.005044702426260189,0.005411021293569904,0.0057803680471061525,0.006151084192341803,0.006521545012075353,0.006890175498266084,0.0072554642064578,0.00761597500148271,0.007970356716433959,0.008317350791165374,0.00865579697561892,0.008984637337109783,0.009302918387376076,0.009609792041216873,0.009904515021021099,0.01018644720584044,0.01045504897955916,0.010709877752880409,0.010950583809659806,0.011176905617834867,0.011388664733778985,0.011585760416769451,0.011768164057639257,0.01193591351369729,0.012089107420764173,0.012227899611712917,0.012352493516130414,0.012463136893289952,0.012560116632032966,0.012643753823866054,0.012714399116753625,0.012772428236987467,0.01281823791850889,0.012852242016111452,0.012874867945120778,0.0128865533717265,0.012887743238446598,0.012878886978579534,0.012860436048660497,0.012832841684888975,0.012796552899401957,0.012752014699082251,0.01269966651468083,0.012639940825800342,0.012573261968859842,0.012500045114494644,0.012420695401346516,0.012335607213519322,0.012245163589527906,0.012149735750940057,0.01204968273962264,0.011945351153014054,0.011837074967554565,0.011725175440787253,0.011609961083743214,0.011491727695239618,0.011370758450796787,0.011247324039220949,0.011121682840438017,0.010994081139382545,0.010864753368816695,0.010733922379321678,0.010601799729019376,0.010468585990927622,0.010334471073789217,0.010199634553243792,0.010064246010552934,0.009928465376290158,0.009792443276786652,0.009656321381344358,0.009520232748483747,0.009384302169714304,0.009248646509515866,0.00911337504041519,0.00897858977218382,0.008844385774359167,0.008710851491409537,0.008578069049999743,0.008446114557900675,0.008315058394192056,0.00818496549062416,0.008055895603550274,0.007927903577040296,0.007801039596274871,0.007675349431913623,0.007550874675039528,0.0074276529630197315,0.0073057181961528675,0.007185100745563389,0.007065827652214795,0.006947922817336038,0.006831407184568485,0.006716298913877489,0.006602613547569263,0.006490364168611226,0.0063795615515027946,0.006270214305942017,0.006162329013535754,0.006055910357801913,0.005950961247711643,0.005847482935017598,0.005745475125617725,0.005644936085158747,0.005545862739187978,0.005448250768004992,0.005352094696486489,0.0052573879790881635,0.005164123080302849,0.005072291550337648,0.0049818840975447785,0.004892890655577704,0.00480530044768346,0.004719102046978789,0.0046342834333292825,0.004550832046940563,0.004468734838794149,0.0043879783181511355
0.10292617449664429,8.256497092035713e-06,1.2576959342075788e-05,1.872934387812196e-05,2.730049979296661e-05,3.899635237889423e-05,5.464605379423742e-05,7.520116335172996e-05,0.00010172920902571824,0.0001354013128069814,0.00017747393477066632,0.00022926517013118318,0.00029212638595188794,0.000367410280104818,0.00045643666245397357,0.0005604573833627835,0.000680621864085206,0.0008179446216820617,0.0009732760399332373,0.0011472774340827655,0.0013404012108196833,0.0015528766560426032,0.001784701610749805,0.0020356400366092786,0.002305225240539263,0.0025927683314380594,0.0028973713277411326,0.0032179442237354737,0.0035532252548879624,0.0039018035744920075,0.004262143560950688,0.0046326100111031,0.005011493533832328,0.005397035533476358,0.005787452258343184,0.0061809574806412255,0.006575783465833497,0.006970199978155066,0.0073625311520120265,0.007751170134154936,0.008134591467687469,0.00851136124541693,0.00888014510685332,0.009239714189732916,0.009588949176163495,0.009926842592104027,0.010252499532671667,0.010565136991651222,0.01086408197486262,0.011148768573814317,0.011418734169426573,0.011673614926367006,0.011913140727354058,0.012137129684441928,0.012345482351217386,0.012538175746245897,0.012715257285326983,0.012876838706609862,0.013023090060832269,0.013154233827163677,0.013270539204532639,0.013372316618557483,0.013459912475396484,0.013533704185978634,0.013594095477145523,0.013641512000189848,0.013676397242066112,0.013699208740120919,0.013710414597419973,0.013710490292866272,0.013699915777495351,0.013679172846681659,0.013648742774010222,0.013609104209845235,0.01356073128270271,0.013504091969376554,0.01343964663916606,0.01336784680585538,0.013289134057107748,0.013203939151713301,0.013112681256138018,0.01301576735224301,0.012913591728813359,0.012806535619857078,0.012694966933538903,0.012579240076265019,0.012459695859522125,0.012336661480857164,0.012210450569819235,0.012081363291304579,0.011949686498786465,0.011815693931368654,0.011679646446624775,0.011541792286779644,0.0114023673699976,0.011261595604031303,0.011119689217454952,0.010976849104855899,0.01083326518251415,0.01068911675176877,0.01054457286721487,0.010399792707492006,0.010254925946550657,0.010110113123585103,0.00996548601005047,0.009821167972353146,0.00967727432933189,0.009533912702681231,0.009391183360844381,0.009249179554407738,0.009107987843041043,0.0089676884134908,0.008828355388152338,0.008690057124025196,0.008552856501856082,0.008416811205360303,0.008281973990473446,0.008148392944639524,0.008016111736189078,0.007885169853901952,0.00775560283688445,0.007627442494920132,0.007500717119493852,0.0073754516856003385,0.0072516680447622306,0.007129385109264089,0.007008619027993786,0.006889383354096382,0.006771689204707543,0.0066555454130303865,0.006540958673021613,0.006427933676953278,0.006316473246115665,0.006206578454924612,0.006098248748700401,0.005991482055331302,0.005886274892555565,0.005782622461268158,0.0056805187543702874,0.005579956632682992,0.0054809279168483655,0.005383423466218283,0.005287433254692787,0.005192946442313724,0.005099951442819455,0.005008435987351394,0.004918387184501574,0.004829791576860185,0.00474263519427536,0.004656903603945725,0.0045725819575307206
0.10956375838926173,1.32069488541825e-05,1.9681718403364144e-05,2.8708127245737876e-05,4.103300779921103e-05,5.7534135009361555e-05,7.921949048036048e-05,0.00010722055827496014,0.00014277930476997705,0.00018722889099484196,0.00024196857056534842,0.00030843360307864593,0.00038806133007537874,0.00048225479462893063,0.0005923454213618005,0.000719556307380362,0.0008649676108207331,0.0010294853739533682,0.0012138149034322256,0.0014184395660547583,0.0016436055734930426,0.0018893130381730447,0.0021553133060634015,0.002441112324785597,0.0027459795918520057,0.0030689620694275936,0.003408902324211617,0.0037644600853425298,0.00413413637930007,0.004516299408886805,0.004909211381467759,0.005311055554261248,0.005719962844724588,0.006134037445630315,0.006551380981596446,0.006970114841787935,0.0073884004183068655,0.007804457068461042,0.008216577699427916,0.008623141944548177,0.009022626960786269,0.00941361588433726,0.009794804360935773,0.010165004406729199,0.010523147259265373,0.010868283912988599,0.011199584423768845,0.011516335876352994,0.011817939245689935,0.012103905333365444,0.012373849950466566,0.012627488506199214,0.01286463014838396,0.013085171587898044,0.013289090724676031,0.013476440179127481,0.013647340818441227,0.013801975354641064,0.013940582078667978,0.014063448783450182,0.01417090691850662,0.014263326009240759,0.014341108365707714,0.014404684098254013,0.014454506450993347,0.014491047458545733,0.01451479392669381,0.014526243733838984,0.014525902446615252,0.014514280240620825,0.014491889115022302,0.014459240388230075,0.014416842460673275,0.014365198829903964,0.01430480634277767,0.014236153669240918,0.014159719982261777,0.014075973828628829,0.01398537217568396,0.013888359619481996,0.013785367740518913,0.013676814593612644,0.013563104319353684,0.013444626865142485,0.01332175780457432,0.013194858244647665,0.013064274810987528,0.01293033970197874,0.012793370803141595,0.012653671855730256,0.01251153266835852,0.012367229365848786,0.01222102468460669,0.012073168274468775,0.011923897040254915,0.011773435494952604,0.01162199612859552,0.011469779787973877,0.011316976064305295,0.011163763685760655,0.011010310912535166,0.01085677593221826,0.010703307253555908,0.010550044096939725,0.010397116780180663,0.010244647098351087,0.010092748696623957,0.009941527435215211,0.00979108174582239,0.009641502978687594,0.00949287574033175,0.009345278220684794,0.009198782510610959,0.009053454908446754,0.008909356216150213,0.008766542024782465,0.008625062989368597,0.0084849650932011,0.008346289901692049,0.008209074805917146,0.008073353256033922,0.007939154984732327,0.007806506221009957,0.007675429894449528,0.007545945830280652,0.007418070935483755,0.007291819376209256,0.007167202746790549,0.007044230230632803,0.0069229087532617275,0.006803243127816626,0.006685236193270985,0.006568888945661151,0.00645420066260832,0.006341169021357475,0.006229790212336355,0.006120059036966207,0.006011969024287965,0.005905512509574937,0.00580068073221984,0.0056974639189204535,0.0055958513637782365,0.005495831503913757,0.0053973919908062475,0.005300519757562371,0.0052052010823148455,0.0051114216479179264,0.0050191665981688975,0.004928420590678001,0.004839167846586676,0.004751392197283694
0.11620134228187919,2.0092559856379067e-05,2.9367312084016512e-05,4.205608283438595e-05,5.907572550961223e-05,8.148132447603515e-05,0.00011045966803678247,0.0001473160376343699,0.00019345432606791794,0.00025035092815750933,0.00031952325160250396,0.00040249403958581725,0.0005007529538578344,0.0006157170207416417,0.0007486915877353486,0.0009008333791569296,0.0010731170872101713,0.0012663067123265487,0.0014809325889901552,0.001717274731767117,0.001975352826154799,0.002254922893282229,0.0025554803905036734,0.0028762692829854076,0.0032162964414246117,0.0035743505906476614,0.003949024952660634,0.00433874269209355,0.004741784276706593,0.005156315904040298,0.005580418210229216,0.0060121145612504895,0.006449398323647725,0.00689025861493733,0.007332704138251728,0.007774784807027754,0.008214610960470554,0.008650370056683577,0.00908034080635336,0.009502904774806092,0.0099165555342113,0.010319905489902846,0.010711690538705146,0.011090772738691447,0.011456141185989527,0.01180691130121281,0.012142322729816269,0.012461736057182536,0.012764628531807395,0.013050588979513745,0.013319312078923163,0.013570592154401009,0.013804316627725388,0.014020459254330835,0.014219073255297882,0.01440028444089387,0.014564284408004446,0.014711323880332444,0.014841706248141196,0.014955781353174411,0.01505393955433741,0.015136606100760586,0.015204235830960743,0.015257308209924653,0.01529632271001137,0.015321794536457116,0.015334250694229019,0.015334226389196652,0.01532226175402501,0.015298898886828581,0.015264679188960647,0.015220140987057562,0.015165817423602972,0.015102234599759231,0.015029909953981055,0.01494935085993209,0.01486105342742613,0.014765501490478686,0.014663165767011602,0.01455450317544499,0.014439956293885095,0.014319952948505564,0.014194905918360574,0.01406521274466243,0.013931255633319888,0.013793401440297429,0.0136520017301063,0.013507392898469962,0.013359896350912694,0.013209818730909876,0.013057452182190723,0.012903074664326511,0.01274695027347647,0.012589329605480353,0.012430450131188603,0.012270536588362715,0.012109801384965145,0.011948445010823074,0.011786656454342636,0.011624613621843551,0.011462483757127979,0.011300423859863785,0.01113858109683192,0.010977093217076076,0.010816088948725749,0.010655688397309905,0.01049600343204329,0.010337138063641924,0.010179188812178589,0.010022245064793173,0.009866389422646522,0.009711698036942868,0.009558240933802732,0.00940608232787759,0.00925528092466377,0.009105890211520713,0.008957958737552417,0.008811530382202858,0.008666644613162052,0.008523336733337024,0.008381638117321568,0.008241576437592804,0.008103175880632613,0.007966457353278307,0.007831438679576598,0.007698134788432217,0.007566557892347893,0.0074367176575561396,0.007308621365845117,0.00718227406838119,0.007057678731829225,0.006934836377068951,0.006813746210810452,0.006694405750345563,0.006576810941833484,0.006460956272269364,0.006346834875488555,0.006234438632442599,0.006123758266007196,0.006014783430570784,0.0059075027966444885,0.005801904130726182,0.005697974370643481,0.00559569969659236,0.005495065598083973,0.005396056936976011,0.005298658007615128,0.0052028525887420725,0.005108624003800705,0.005015955162428342,0.004924828610710592
0.12283892617449664,2.9303059574973427e-05,4.209420979754185e-05,5.9302313844021324e-05,8.201969727087015e-05,0.00011147918307668995,0.00014904116943098016,0.00019617362205937713,0.0002544253844370413,0.00032539364360780366,0.0004106867649262221,0.0005118839961969444,0.0006304937210619382,0.0007679120060633563,0.0009253831384048652,0.0011039637032792442,0.0013044915234613386,0.001527560496007825,0.0017735020440761335,0.002042373572797525,0.0023339540016756367,0.0026477461590211204,0.002982985572966988,0.003338655003688728,0.003713503906001627,0.004106071926493648,0.0045147154913473654,0.004937636541813,0.005372912510574138,0.005818526697856712,0.006272398293245205,0.0067324113904912285,0.00719644245151354,0.007662385786621624,0.008128176726067018,0.00859181225976283,0.009051369014708833,0.009505018521714695,0.00995103979337963,0.010387829293984732,0.010813908428119294,0.011227928712071398,0.011628674816038917,0.01201506568332355,0.012386153940894915,0.012741123818198587,0.013079287787901264,0.013400082134773877,0.013703061648121259,0.013987893619881136,0.014254351315748513,0.014502307070848226,0.014731725145119983,0.014942654457947152,0.015135221305183072,0.015309622147322602,0.015466116543171024,0.015605020290396404,0.015726698822400083,0.015831560900153883,0.01592005262802237,0.015992651814088314,0.016049862688083352,0.01609221098364156,0.01612023938608555,0.016134503342590503,0.016135567227505736,0.016124000852826784,0.0161003763112585,0.016065265137499736,0.016019235772015514,0.01596285131062722,0.015896667522679743,0.015821231120280017,0.015737078261093506,0.015644733267388976,0.01554470754439965,0.015437498681549722,0.015323589720825733,0.015203448577075222,0.015077527595957178,0.01494626323595106,0.014810075861675204,0.014669369636578663,0.014524532503883514,0.014375936245454834,0.014223936609054848,0.014068873495190669,0.013911071196764784,0.013750838675209237,0.013588469893197733,0.013424244153148022,0.01325842648065199,0.01309126802104999,0.012923006453664327,0.012753866418209591,0.012584059950136067,0.01241378692140255,0.012243235484072657,0.012072582514202278,0.011901994053870555,0.011731625749479219,0.01156162328469802,0.011392122806689222,0.01122325134440847,0.01105512721797942,0.01088786043846242,0.010721553097036995,0.010556299743685387,0.010392187753854374,0.010229297684378899,0.010067703616962131,0.009907473489982681,0.009748669418288784,0.009591348001041026,0.009435560617678775,0.009281353712133759,0.00912876906545544,0.008977844057056447,0.008828611914759569,0.008681101953977553,0.008535339806228365,0.008391347637305369,0.008249144355394731,0.008108745809449014,0.007970164978131862,0.007833412149652507,0.007698495092810846,0.0075654192195738134,0.007434187739502527,0.007304801806346385,0.007177260657125243,0.007051561743951813,0.006927700860842466,0.006805672252874765,0.006685468746471069,0.006567081837050053,0.006450501798318752,0.006335717775089547,0.006222717872649796,0.006111489241119774,0.0060020181550308116,0.005894290088353829,0.005788289785203369,0.0056840013264041105,0.005581408192176971,0.005480493321081782,0.005381239165440502,0.005283627743408477,0.005187640687907692,0.005093259292304809
0.12947651006711408,4.122545019737264e-05,5.8307933151445827e-05,8.094527659767054e-05,0.00011040638025151371,0.0001480977365585971,0.00019554379694054983,0.00025436016921348076,0.00032622044327271547,0.00041281785403070016,0.0005158233141693501,0.0006368415623614676,0.0007773672647434204,0.0009387428798214551,0.0011221199598038234,0.00132842533689612,0.0015583333490888668,0.0018122449296206066,0.0020902740367544984,0.002392241562220772,0.002717676545553322,0.003065824250214696,0.0034356604403477796,0.0038259110296356737,0.004235076167602465,0.004661457771657377,0.005103189505123021,0.005558268233388441,0.006024586054668513,0.006499962090461518,0.006982173325792391,0.007468983903604814,0.007958172394966836,0.008447556681950337,0.008935016199132508,0.009418511798796042,0.009896100240333255,0.010365952118210377,0.010826358632755061,0.011275742001987258,0.011712660879544796,0.012135813908225124,0.012544041205751371,0.012936324008595224,0.013311782703363783,0.013669673472739827,0.01400938377568694,0.01433042687068532,0.014632435577036524,0.014915155453819592,0.015178437559477781,0.01542223093760286,0.01564657495798355,0.01585159162447672,0.016037477945875313,0.016204498450546067,0.016352977911694523,0.016483294337273666,0.01659587226694441,0.016691176408116327,0.016769705633922737,0.01683198735796878,0.016878572293771092,0.016910029600916802,0.016926942414950536,0.01692990375413299,0.01691951279248559,0.01689637148629216,0.016861081538971295,0.016814241687803582,0.016756445294947325,0.016688278224528487,0.016610316987276264,0.016523127134140038,0.01642726188051676,0.01632326094578788,0.01621164957187691,0.01609293776049472,0.015967619618889373,0.015836172892881126,0.015699058616286548,0.015556720882101692,0.015409586719552485,0.015258066065953799,0.015102551821564687,0.014943419977740503,0.014781029808699775,0.01461572412065114,0.014447829538079427,0.014277656852994522,0.014105501379004513,0.013931643353918124,0.013756348356593477,0.013579867742762132,0.013402439094061545,0.01322428667671948,0.01304562190624165,0.01286664381526393,0.012687539521882975,0.012508484696168547,0.012329644022854126,0.012151171658410056,0.011973211681474657,0.011795898534046294,0.011619357454551981,0.011443704899870951,0.01126904895664173,0.011095489741155665,0.010923119787254977,0.010752024422002281,0.010582282128883598,0.010413964898417635,0.010247138566120627,0.01008186313784453,0.009918193102565911,0.009756177732754182,0.009595861372491774,0.009437283713564745,0.009280479939117868,0.009125481579427682,0.00897231554737253,0.008821005575010542,0.00867157183049437,0.008524031248299027,0.008378397728875579,0.0082346823286941,0.00809289344094334,0.007953036967346014,0.007815116481307971,0.007679133382807582,0.007545087045340751,0.0074129749551949155,0.007282792845264383,0.00715453481114699,0.007028193447232272,0.0069037599408404045,0.006781224186912194,0.006660574886203069,0.006541799639692514,0.006424885037692282,0.006309816743905081,0.006196579574676227,0.006085157573676054,0.00597553408221256,0.005867691805441857,0.005761612874626611,0.005657278905675586,0.005554671054142715,0.005453770066911727,0.005354556330441733,0.005257009916635219
0.13611409395973154,5.623408149040056e-05,7.842862764343718e-05,0.00010744265942510871,0.0001447188233496114,0.00019182936782896647,0.00025044973892921087,0.00032232522574151943,0.0004092318297959344,0.0005129328990995865,0.0006351333221526421,0.0007774332052829158,0.0009412829577728186,0.001127941591956609,0.0013384398256325973,0.0015735492853965192,0.0018337587612222248,0.0021192581032249014,0.0024299299882694398,0.002765349448020679,0.0031247907537447534,0.0035072410084709686,0.003911419609964375,0.004335802619831919,0.004778651002621426,0.0052380416792761125,0.005711900362609121,0.006198035205839147,0.006694170380394116,0.007197978809334537,0.007707113400464511,0.008219236247175828,0.008732045387536287,0.009243298829048929,0.009750835654384447,0.010252594119964951,0.010746626743132542,0.011231112444392491,0.011704365867957905,0.012164844049792565,0.012611150633731543,0.013042037859906033,0.01345640656216778,0.013853304416553197,0.014231922681376921,0.014591591662793542,0.014931775128807301,0.015252063880708714,0.015552168674895442,0.01583191267066206,0.016091223561226924,0.016330125527701644,0.016548731137188768,0.016747233289677744,0.016925897301961906,0.017085053201845172,0.01722508829208976,0.01734644003103576,0.017449589265607513,0.01753505384248688,0.017603382614538653,0.017655149852050824,0.017690950061936467,0.017711393212560895,0.01771710035762572,0.017708699648460793,0.01768682272157953,0.01765210144586854,0.01760516501218045,0.017546637343628962,0.017477134830411845,0.0173972643006417,0.017307621322506607,0.017208788703350176,0.017101335235563016,0.016985814647717062,0.016862764746446192,0.016732706731841292,0.016596144670164792,0.016453565108439632,0.0163054368165346,0.016152210642844753,0.01599431947145493,0.015832178268485975,0.015666184207078267,0.015496716860883738,0.015324138456881724,0.015148794179100714,0.01497101251556857,0.01479110564154622,0.01460936983268857,0.01442608590247179,0.014241519658781999,0.014055922375003742,0.013869531271477817,0.013682570004823934,0.013495249158217797,0.013307766736078242,0.01312030865439207,0.0129330492283113,0.01274615165390218,0.012559768482651192,0.01237404208735282,0.012189105118263075,0.012005080948572654,0.011822083855144156,0.011640220706918574,0.011459588841484831,0.01128027899451531,0.011102374416778216,0.010925951497611532,0.010751080121788674,0.010577824013075499,0.010406241064555292,0.010236383655853313,0.010068298957439464,0.009902029222227136,0.009737612064738771,0.009575080728001763,0.00941446434245859,0.009255788150774215,0.009099073777535431,0.008944339413309505,0.008791600044240159,0.008640867649044856,0.008492151389934975,0.008345457794079318,0.00820079092596753,0.008058152551026673,0.007917542290848609,0.0077789577703186895,0.007642394757091293,0.007507847293622007,0.00737530782215048,0.007244767302922136,0.007116215326045219,0.006989640216650102,0.006865029135517715,0.006742368172315938,0.006621642434846535,0.006502836132676997,0.006385932656031115,0.006270914650092161,0.006157764084904832,0.00604646232119278,0.00593699017218252,0.00582932796171422,0.005723455578847701,0.005619352528837416,0.005516997981594561,0.005416370816232949
0.142751677852349,7.468268894514892e-05,0.0001028433183171647,0.00013920462186536856,0.00018537675586652265,0.00024308666071667126,0.0003141450441296616,0.0004004069057758135,0.0005037271227900322,0.0006259129191973103,0.0007686752155574818,0.0009335808940189143,0.0011220079243887834,0.0013351050934621324,0.0015737577952416976,0.0018385609858362197,0.0021298000317284353,0.0024474397949305546,0.0027911219357948484,0.0031601700892279795,0.003553602296633274,0.003970149861844315,0.004408281647376703,0.00486623273613505,0.005342036348932332,0.005833557920941354,0.006338530297054332,0.006854589089322415,0.007379307350611368,0.007910228840300714,0.008444899287698301,0.008980895188677602,0.00951584979614454,0.01004747608139071,0.010573586548425513,0.011092109875335012,0.011601104434894982,0.012098768810124396,0.012583449472046896,0.013053645823333487,0.013508012838913022,0.013945361550231036,0.014364657627405618,0.014765018313609756,0.015145707960160218,0.015506132400303744,0.01584583238563051,0.016164476292595705,0.016461852288570687,0.01673786013907733,0.016992502728004122,0.017225877662256705,0.017438168656920484,0.01762963733171527,0.01780061485498852,0.017951494255991317,0.018082722771204485,0.018194794669941172,0.018288244453564077,0.018363640467507464,0.018421578937798957,0.01846267843675875,0.018487574776537435,0.018496916324487692,0.018491359729887188,0.018471566048720228,0.018438197250452114,0.018391913089130657,0.018333368319041032,0.01826321023577643,0.01818207652122045,0.018090593372304044,0.01798937389277731,0.01787901672781539,0.01776010492174833,0.017633204980022982,0.017498866117075993,0.017357619672869563,0.01720997868164509,0.01705643757748363,0.01689747202206888,0.01673353884133261,0.016565076058225933,0.01639250301011079,0.016216220540015737,0.01603661125191695,0.01585403982103402,0.015668853350914065,0.015481381769871266,0.015291938259962692,0.015100819712439248,0.014908307204160684,0.01471466649007709,0.01452014850736247,0.014324989887330244,0.01412941347166654,0.013933628829952029,0.013737832775814222,0.01354220987939719,0.013346932974146472,0.013152163656128268,0.012958052774951703,0.012764740913450734,0.012572358857804925,0.012381028054596989,0.012190861055699569,0.012001961950003586,0.011814426781639577,0.01162834395443917,0.011443794622469926,0.011260853066569298,0.011079587056881807,0.01090005820147191,0.010722322281144326,0.010546429570654324,0.010372425146532768,0.010200349181805062,0.010030237227787807,0.009862120483497881,0.00969602605276972,0.00953197718957531,0.009369993531859853,0.00921009132426841,0.009052283630137355,0.008896580533127038,0.0087429893288728,0.00859151470702985,0.008442158924084484,0.008294921967307566,0.008149801710164056,0.008006794059629818,0.007865893095660735,0.007727091203213419,0.0075903791971277754,0.007455746440288331,0.007323180954716919,0.007192669527871607,0.007064197811152457,0.006937750414183959,0.006813310993178793,0.006690862334277097,0.006570386432064456,0.006451864563427489,0.006335277357097542,0.006220604858982209,0.006107826593573005,0.005996921621651972,0.0058878685941690665,0.005780645803453857,0.005675231230308332,0.0055716025887800535
0.14938926174496645,9.689838766037669e-05,0.00013190062444640824,0.00017658990669401888,0.00023273481176881434,0.0003022034349941947,0.0003869240928186694,0.0004888402962435418,0.0006098618171457704,0.0007518138974500861,0.0009163867375452734,0.0011050873483484701,0.001319195673646106,0.001559726616234387,0.0018273992478164388,0.002122614095124471,0.0024454389891257005,0.0027956035742083937,0.0031725022184116033,0.0035752047603226835,0.004002474283270085,0.0044527909272463854,0.0049243806336242615,0.005415247663388286,0.0059232097281318894,0.006445934620046852,0.006980977305966793,0.00752581656028966,0.008077890336069845,0.008634629208589237,0.009193487362725366,0.009751970728949559,0.010307661998339355,0.010858242361247017,0.011401509915233397,0.011935394774449735,0.012457970983876947,0.012967465399936767,0.013462263741424545,0.013940914046672533,0.014402127792349135,0.014844778939727117,0.015267901176406052,0.015670683616965803,0.016052465216251387,0.01641272813513094,0.016751090281871103,0.01706729723362516,0.017361213722737332,0.017632814852270168,0.017882177185699934,0.01810946983538859,0.018314945656777454,0.01849893263739669,0.01866182555417096,0.018804077956877052,0.01892619452439007,0.019028723826174907,0.01911225151311318,0.01917739395179821,0.019224792309008445,0.01925510708641175,0.019269013100374197,0.01926719489682577,0.019250342587940776,0.019219148094339354,0.0191743017744609,0.01911648942114337,0.019046389604531654,0.018964671339688308,0.01887199205717387,0.01876899585487923,0.018656312009120626,0.01853455372846809,0.01840431711718128,0.01826618035056724,0.01812070302211374,0.017968425652532902,0.01780986937781329,0.017645535687634092,0.01747590638937154,0.01730144359459588,0.01712258982942527,0.01693976821932863,0.01675338274325053,0.016563818547400962,0.016371442309883147,0.01617660264819068,0.015979630562248034,0.015780839906491206,0.015580527885028912,0.015378975564728446,0.015176448401293074,0.01497319677434861,0.014769456527697069,0.014565449511509078,0.014361384123581913,0.014157455847165849,0.013953847783195188,0.01375073117507535,0.013548265924356203,0.013346601096548194,0.013145875414175801,0.012946217739270032,0.012747747541231539,0.012550575351829166,0.012354803205811645,0.012160525067196141,0.011967827240956195,0.011776788770027347,0.011587481817622128,0.011399972034919553,0.011214318914257934,0.011030576128014828,0.010848791853404007,0.010669009083474488,0.010491265924519218,0.01031559588040452,0.010142028123977402,0.009970587756027107,0.009801296052142316,0.009634170698058022,0.009469226012491866,0.009306473162012621,0.009145920361449414,0.008987573067109345,0.008831434159077594,0.008677504114365688,0.008525781171051997,0.008376261483866528,0.00822893927150715,0.00808380695608829,0.007940855295056363,0.007800073506008001,0.007661449384062811,0.007524969414135283,0.007390618875033716,0.007258381939061346,0.00712824176537788,0.0070001805880710345,0.0068741797991198166,0.006750220026440938,0.00662828120738916,0.006508342657803468,0.006390383136913068,0.0062743809083335,0.0061603137970312645,0.0060481592434452214,0.005937894353297333,0.0058294959449255645,0.005722940593316423
0.1560268456375839,0.0001231774718530542,0.0001659075991687202,0.00021990428804537646,0.00028708314957634154,0.0003694380508375842,0.0004689960037585427,0.0005877672514192045,0.0007276926287383017,0.0008905904185369539,0.0010781049202051862,0.0012916588064391594,0.001532411090821787,0.0018012221832148679,0.002098627114912549,0.0024248175923344893,0.00277963312141303,0.0031625610568767767,0.0035727450903743404,0.004009001411571522,0.00446984156334589,0.004953500867963996,0.0054579712223016665,0.00598103704093351,0.006520313157738275,0.0070732835699347405,0.007637340013115959,0.00820981948214256,0.0087880399516872,0.00936933369394972,0.009951077733003442,0.010530721110273818,0.01110580875981672,0.011674001902933736,0.01223309496753682,0.012781029118064306,0.01331590254675264,0.013835977727394456,0.014339685869474168,0.014825628835153128,0.01529257879548815,0.01573947590725326,0.016165424288650747,0.01656968656440577,0.01695167723636185,0.017310955119751933,0.017647215065949212,0.017960279159257325,0.018250087656323785,0.018516689558076428,0.01876023339881646,0.018980957922758075,0.019179183015540207,0.01935530088292796,0.019509767555404074,0.01964309477024982,0.019755842269930712,0.019848610544316476,0.019922034034417092,0.019976774806261654,0.020013516700861267,0.02003295994423297,0.020035816228416523,0.02002280423029531,0.019994645564005993,0.01995206114415501,0.019895767939885425,0.01982647609803267,0.01974488641286245,0.019651688119545294,0.019547556988523555,0.01943315369820503,0.019309122463926392,0.01917608990177947,0.019034664106849054,0.018885433926098563,0.018728968407375517,0.018565816406914796,0.01839650633883169,0.018221546051167478,0.01804142281412039,0.01785660340714548,0.017667534292628653,0.017474641818471966,0.017278332763709783,0.01707899424388346,0.01687699459244391,0.016672683580640113,0.016466392954085498,0.016258436945426835,0.01604911280401172,0.01583870134656657,0.015627467513461134,0.015415660933020707,0.015203516488377467,0.014991254883963844,0.01477908320977968,0.014567195495372722,0.01435577326866784,0.014144986089351197,0.013934992083929319,0.013725938464065118,0.013517962033097575,0.013311189678741116,0.01310573885182281,0.012901718030188272,0.012699227167632918,0.01249835812758,0.012299195101799007,0.012101815011313721,0.011906287898028282,0.011712677293070345,0.011521040576157307,0.011331429317743842,0.011143889607045165,0.010958462365899766,0.010775183648548965,0.01059408492822715,0.010415193370348052,0.010238532093060037,0.010064120415641229,0.009891974093779007,0.00972210554630231,0.009554524066858461,0.00938923602787279,0.009226245073048357,0.009065552300197196,0.008907156434618355,0.008751053993338084,0.008597239440769481,0.008445705335969288,0.008296442471985513,0.008149440007703988,0.008004685591871622,0.00786216548165229,0.00772186465266945,0.007583766904217157,0.0074478549579190655,0.007314110550799246,0.00718251448669236,0.007053046900051665,0.00692568697101027,0.006800413360986781,0.0066772040999943496,0.0065560366873863764,0.006436888152105118,0.006319735109879792,0.0062045538159365065,0.006091320215047586,0.005980009988112017,0.005870598595770378
0.16266442953020135,0.00015378279403443996,0.0002051283232136665,0.0002694008373714581,0.0003486498154935555,0.0004449782247972027,0.0005604921573721897,0.0006972467503827882,0.0008571906701872098,0.0010421114970511182,0.0012535842532259145,0.0014929250927527909,0.0017611518481937566,0.0020589527265771203,0.0023866640162428614,0.0027442572221340424,0.0031313356279232445,0.003547139904839591,0.0039905620714075956,0.004460166854946078,0.004954219329974818,0.005470717599421463,0.006007429242050997,0.006561930263746823,0.0071316453518631305,0.007713888330367204,0.008305901838408345,0.008904895396579982,0.009508081174699472,0.010112706925030279,0.010716085689574033,0.011315622535076683,0.01190883460812874,0.012493375198844308,0.01306704401241007,0.013627801645401123,0.014173777743989814,0.01470327656287894,0.015214780309073373,0.015706948580028596,0.016178617992382027,0.01662879715510134,0.017056662497251483,0.01746155125439449,0.01784295396687027,0.018200506059746803,0.01853397881739435,0.01884326994774391,0.019128393909818145,0.01938947215525861,0.01962672341424687,0.019840454135846123,0.02003104917426732,0.020198962795419544,0.0203447100625528,0.020468858645859355,0.020572021088543047,0.02065484755104678,0.020718019045766086,0.0207622411665885,0.020788238310784427,0.020796748385483954,0.020788517985925084,0.020764298029534348,0.020724839826820423,0.020670891562842988,0.020603195203344873,0.020522483692415175,0.020429478600659048,0.02032488801701963,0.020209404769299798,0.020083704923134604,0.019948446499617325,0.019804268491829268,0.01965179001022838,0.019491609673653376,0.01932430515023999,0.01915043285393443,0.01897052778535323,0.018785103474976094,0.018594652059453976,0.018399644432407252,0.01820053048499953,0.017997739415977255,0.017791680102315664,0.01758274152120717,0.017371293215010387,0.017157685791514336,0.016942251452701326,0.016725304545909973,0.016507142131422275,0.016288044563965594,0.016068276077272767,0.015848085378401617,0.015627706238049384,0.015407358080140222,0.01518724656607042,0.014967564171609148,0.014748490755294169,0.014530194114630548,0.014312830532194643,0.014096545307271521,0.013881473273868263,0.013667739304027534,0.01345545879619634,0.013244738147015218,0.013035675208498054,0.01282835972820355,0.012622873773703174,0.012419292140932882,0.012217682746606388,0.012018107004867712,0.011820620188415386,0.011625271774387776,0.011432105775271978,0.011241161055271516,0.011052471632436034,0.010866066966975738,0.010681972236165179,0.010500208596257169,0.01032079343183547,0.010143740593039102,0.009969060621093175,0.009796760962580694,0.009626846172886866,0.00945931810924305,0.009294176113802377,0.00913141718709207,0.00897103615460631,0.008813025811276843,0.008657377090797783,0.008504079182661295,0.008353119674756626,0.00820448467539424,0.008058158930592469,0.007914125934742054,0.007772368034965964,0.007632866529480247,0.0074956017602551646,0.007360553200227998,0.0072276995354033325,0.0070970187420302845,0.006968488159148781,0.006842084556729128,0.006717784199688254,0.006595562907625506,0.006475396111611174,0.006357258906351226,0.006241126099792913,0.006126972259226909,0.006014771754432893
0.1693020134228188,0.0001889424688927755,0.000249783889618566,0.00032528154354720135,0.00041760430438925845,0.0005289467606752401,0.0006614742263569896,0.0008172652427087454,0.000998254004808069,0.0012061751118779785,0.0014425128599361604,0.0017084569988609641,0.0020048664824591847,0.002332242301794707,0.0026907100275101155,0.0030800122359946587,0.0034995105791298126,0.003948196897747101,0.004424712487469998,0.0049273744082762696,0.005454207586566698,0.006002981387165338,0.006571249323067932,0.00715639061895342,0.007755652429893037,0.008366191640036462,0.008985115307014032,0.009609518972258766,0.010236522215037267,0.0108633009822457,0.011487116371587499,0.012105339678654351,0.012715473636152311,0.013315169874768728,0.013902242718538519,0.014474679496077265,0.015030647598812964,0.0155684985554173,0.0160867694148125,0.016584181742840806,0.017059638540663204,0.017512219388125107,0.017941174104311626,0.01834591520168363,0.018726009391033287,0.019081168373045798,0.01941123914257686,0.01971619390196124,0.019996120030583257,0.020251209786514224,0.020481750331258562,0.020688113899128408,0.020870748288992005,0.021030167732163152,0.0211669441883679,0.021281699108185777,0.021375095688459408,0.021447831630238015,0.021500632452653306,0.021534245224094813,0.02154943293496818,0.021546969269603956,0.021527633900117842,0.021492208237079046,0.021441471622431846,0.021376197940952246,0.02129715262702353,0.021205090040802857,0.02110075118927572,0.020984861766992616,0.020858130491932737,0.020721247712498145,0.02057488426262087,0.020419690542663228,0.020256295805086158,0.02008530762484683,0.019907311483896614,0.019722870814889798,0.01953252639920809,0.019336796918192893,0.019136178829180204,0.018931146641891456,0.01872215322034439,0.018509630151178288,0.018293988168407424,0.0180756176255874,0.0178548890071303,0.01763215347142931,0.017407743419122452,0.017181973080586468,0.016955139117314052,0.016727521232524176,0.01649938278682236,0.016270971415269918,0.016042519642668222,0.015814245494283275,0.015586353099612496,0.015359033287156897,0.015132464168441469,0.014906811709835198,0.014682230290944391,0.01445886324864896,0.014236843405908159,0.014016293584823343,0.013797327103457506,0.013580048256124055,0.013364552776959299,0.013150928286703051,0.012939254722705632,0.012729604752260466,0.012522044169432188,0.012316632275609713,0.01211342224406407,0.01191246146885429,0.011713791898313262,0.011517450353754932,0.011323468833532937,0.011131874803043729,0.010942691471056544,0.010755938052824274,0.010571630020426938,0.01038977934080221,0.01021039470191731,0.010033481727534453,0.009859043181017416,0.009687079158630605,0.009517585123611541,0.00935056282523276,0.009185998972114933,0.00902388687865872,0.008864215866574597,0.008706973553044261,0.008552145981420782,0.008399717746279765,0.008249672109229493,0.00810199110977298,0.007956655669147564,0.00781364568826526,0.007672940139936495,0.00753451715561597,0.007398354107056897,0.007264427683002957,0.007132713961257471,0.007003188476394268,0.006875826282958472,0.006750602015534877,0.006627489943963258,0.006506464025830698,0.006387497955273431,0.006270565208655822,0.0061556390872477594
0.17593959731543624,0.00022884964788705205,0.0003000534489949133,0.0003876998925827329,0.000494061880925191,0.0006214077423502597,0.0007719422789155715,0.0009477466013288066,0.0011507192876685996,0.0013825212780311659,0.0016445266604905708,0.0019377811309039246,0.002262969471374142,0.0026203929130985486,0.0030099567700683787,0.0034311682772897242,0.003883144164368451,0.004364627158801024,0.004874010351971343,0.005409368178332501,0.005968492652018575,0.0065489334678992235,0.007148040600400116,0.007763008105670256,0.008390917947522322,0.009028782806868805,0.009673586991423745,0.010322324726464318,0.010972035270862684,0.011619834459158675,0.012262942415276612,0.012898707313509788,0.013524625175435054,0.014138355786709984,0.014737734864914793,0.015320782912494054,0.015885710384900383,0.01643092041944941,0.01695500916255411,0.017456762302168707,0.017935151830811614,0.018389329463175952,0.018818619353275563,0.019222509605857706,0.01960064294899998,0.019952806783806072,0.020278922932036956,0.020579036925770275,0.020853307564460223,0.021101996310140037,0.02132545697558812,0.021524125687331107,0.021698511216371456,0.021849185736853766,0.021976776057899845,0.02208195536085166,0.022165435462668814,0.022227959616399697,0.022270295851159493,0.022293230847339036,0.022297564336482806,0.022284104011039953,0.022253660925266695,0.02220704536568179,0.022145063167823435,0.02206851245378773,0.021978180765237828,0.021874842565335312,0.02175925708347862,0.02163216647694163,0.021494294284113508,0.021346344144804665,0.021188998764178967,0.02102291909583918,0.02084874373582102,0.02066708846840189,0.02047854600990347,0.02028368586760722,0.020083054336749995,0.019877174607157946,0.019666546967466954,0.01945164909391446,0.019232936412822144,0.01901084252329053,0.018785779647427024,0.018558139287006243,0.01832829250431609,0.018096590780728554,0.0178633664851937,0.01762893352357482,0.017393587971751518,0.017157608715231767,0.01692125809137497,0.016684782530724765,0.01644841319450485,0.016212366605301586,0.01597684526987019,0.015742038289434622,0.01550812195985005,0.01527526035709916,0.01504360590720266,0.014813299942369684,0.01458447323949045,0.01435724654230799,0.014131731066391139,0.013908028986714747,0.013686233908208363,0.013466431316045165,0.013248699015414476,0.013033107544832096,0.012819720579315136,0.012608595314011773,0.012399782832033397,0.012193328455742855,0.011989272082997826,0.011787648507664157,0.01158848772549347,0.011391815225603688,0.011197652268283434,0.011006016148002642,0.010816920446867846,0.010630375271055691,0.010446387478638552,0.010264960894506233,0.010086096514434484,0.00990979269854309,0.009736045354497335,0.00956484811109674,0.009396192482435301,0.009230068023204521,0.009066462475597819,0.008905361907437077,0.008746750844230461,0.008590612391575384,0.008436928352597902,0.008285679337076768,0.008136844865621417,0.007990403466847797,0.007846332769169332,0.00770460958713429,0.007565210002541556,0.007428109440670067,0.007293282741905204,0.007160704228630236,0.007030347768747194,0.006902186834159913,0.006776194556318376,0.006652343777892421,0.006530607101143964,0.006410956933126161,0.006293365527886948
0.1825771812080537,0.0002736631291024783,0.00035607602922823136,0.0004567640840294494,0.000578088320943477,0.0007223728558924762,0.0008918426563662763,0.0010885614463248907,0.0013143723443007713,0.0015708436184216441,0.0018592216104169484,0.0021803924462838473,0.0025348536720636353,0.0029226964474812125,0.003343598443310557,0.003796827139183531,0.0042812528389055875,0.0047953704046139545,0.00533732848773648,0.005904964885132369,0.006495846578968065,0.007107313016484787,0.007736521241067905,0.008380491587063381,0.00903615278550071,0.009700385484879693,0.010370063359996459,0.011042091153488857,0.011713439162092781,0.012381173836722865,0.013042484308461923,0.01369470477856834,0.01433533281863877,0.014962043715229719,0.015572701065951704,0.016165363885401723,0.01673829051912228,0.017289939686875245,0.017818968988745132,0.018324231209368082,0.01880476874911095,0.01925980649804127,0.01968874345049079,0.0200911433366089,0.02046672452353711,0.02081534941336525,0.02113701354042212,0.021431834544153396,0.02170004117034976,0.021941962429900336,0.02215801702274224,0.02234870311473343,0.022514588537059527,0.022656301461517935,0.02277452159058979,0.022869971888558983,0.022943410868978643,0.02299562544442748,0.023027424336513218,0.02303963203785133,0.023033083311845594,0.023008618212391568,0.022967077602010125,0.022909299137987827,0.022836113746914372,0.022748342422941742,0.02264679355242069,0.022532260507541965,0.022405519618619796,0.02226732846401437,0.02211842440822,0.021959523481964976,0.021791319408726736,0.021614482910836882,0.021429661186483876,0.02123747756357092,0.02103853131866701,0.020833397609873096,0.020622627564081175,0.020406748446324237,0.0201862639318997,0.01996165445889111,0.01973337763799559,0.01950186874855412,0.019267541245493156,0.01903078733423231,0.018791978566359755,0.01855146646230605,0.01830958315267703,0.018066642033085542,0.01782293842718649,0.01757875025381688,0.0173343386943672,0.017089948857083953,0.01684581043543409,0.016602138357933796,0.01635913342823426,0.016116982951036703,0.015875861346680745,0.015635930749031357,0.015397341587902107,0.015160233154807131,0.014924734151275643,0.01469096321943436,0.014459029454550652,0.014229032899389458,0.014001065020344795,0.013775209165403734,0.013551541004084337,0.013330128949560635,0.013111034563249293,0.012894312942195747,0.01268001308956464,0.012468178268739081,0.012258846341374616,0.012052050089895948,0.011847817524898682,0.011646172177937588,0.011447133380183324,0.011250716527488684,0.011056933332216686,0.010865792062561656,0.010677297769615878,0.010491452502808581,0.010308255514159391,0.010127703451743068,0.009949790545527802,0.00977450876807992,0.009601848023992976,0.009431796279579756,0.009264339722088111,0.009099462895530248,0.008937148831278274,0.00877737917125811,0.008620134284098779,0.008465393374580882,0.008313134586720661,0.00816333510077144,0.008015971224520774,0.007871018479094175,0.007728451679594313,0.007588245010826526,0.007450372098427776,0.007314806075226754,0.007181519644317206,0.007050485136984884,0.006921674567782164,0.006795059685703118,0.006670612022067732,0.006548302935243159,0.006428103652348027
0.18921476510067115,0.000323508594584178,0.00041795289042765964,0.0005325406277676731,0.000669704817443832,0.0008318076060863747,0.0010210754318710467,0.001239535708020119,0.00148895763696709,0.0017707994749968532,0.002086164159114955,0.0024357647317784434,0.0028199004783993086,0.0032384441734230854,0.003690840341405349,0.004176114005316041,0.004692889032706295,0.00523941491098009,0.005813600589031308,0.00641305391164304,0.007035125136172763,0.007676953053847788,0.008335512318516116,0.009007660713411298,0.009690185239068134,0.010379846077176716,0.01107341766370203,0.011767726281958933,0.012459683755785173,0.013146316979350989,0.013824793160110146,0.014492440772977315,0.015146766325141446,0.015785467114888076,0.016406440230275654,0.017007788081788135,0.017587820793957477,0.018145055799144674,0.018678214983140987,0.019186219729203924,0.019668184196476247,0.020123407152085267,0.02055136265533454,0.020951689868533237,0.021324182243033073,0.02166877630313224,0.02198554022325102,0.022274662368496744,0.02253643991042325,0.022771267872536412,0.02297962800760018,0.02316207875082824,0.023319245148003764,0.023451809503456187,0.023560502547936315,0.023646095180213645,0.023709390788611808,0.02375121818091711,0.023772425034806345,0.023773871992726438,0.023756427247731186,0.023720961681066535,0.02366834450043485,0.023599439356292978,0.023515100909554176,0.02341617182158489,0.023303480138394086,0.023177837040341213,0.023040034929315754,0.022890845825963728,0.022731020050631757,0.02256128516249498,0.02238234513279694,0.022194879729264393,0.0219995440901518,0.02179696846766494,0.021587758121984428,0.021372493348314453,0.02115172962080989,0.020925997838453947,0.020695804659201372,0.020461632909872903,0.02022394206038634,0.019983168751483888,0.019739727370318816,0.019494010654128684,0.019246390333372502,0.01899721778863765,0.018746824726560207,0.01849552388675489,0.018243609628330246,0.017991358833375187,0.017739031387874447,0.01748687097319207,0.017235105722588392,0.016983948889810325,0.016733599504570765,0.016484243014584392,0.01623605191233946,0.01598918634563737,0.015743794710891486,0.015500014228641484,0.015257971500708706,0.01501778304868164,0.014779555833529153,0.014543387756264639,0.01430936813968945,0.014077578191331853,0.013848091447808969,0.013620974200793364,0.013396285905048091,0.013174079568782042,0.012954402126685393,0.012737294796327679,0.012522793418097446,0.012310928779341224,0.01210172692314306,0.011895209442509073,0.011691393758723313,0.011490293389628958,0.011291918199618415,0.01109627464057517,0.01090336597903501,0.010713192511822494,0.0105257517703437,0.010341038714132915,0.010159045913999538,0.009979763725303549,0.009803180451780477,0.009629282500476868,0.009458054527335929,0.009289479576457134,0.009123539209062273,0.008960213626894956,0.008799481787806979,0.008641321514748255,0.008485709598378558,0.008332621893568511,0.008182033410218805,0.008033918398548199,0.007888250429226631,0.0077450024686505,0.0076041469491937505,0.007465655835965943,0.007329500688169076,0.007195652717419329,0.0070640828419612925,0.006934761737380749,0.006807659884128618,0.006682747611484593,0.0065599951390752885
0.1958523489932886,0.0003784802979186051,0.0004857502214066013,0.0006150581236091439,0.0007688928643735179,0.000949637268052988,0.0011595013342482192,0.0014004583706884602,0.0016741866280247947,0.001982018651060011,0.0023249001010581,0.002703359278404962,0.0031174880311836285,0.0035669342063984946,0.004050905316927778,0.004568182681011816,0.005117144955921772,0.005695799740685068,0.006301821763910959,0.0069325960971118455,0.007585264832215074,0.008256775722675337,0.008943931397832497,0.009643437906863027,0.010351951519320609,0.011066122892592496,0.011782637902851468,0.012498254617399058,0.013209836056354524,0.01391437854625641,0.014609035604223922,0.015291137407506667,0.015958205999101856,0.016607966456153485,0.017238354305235185,0.017847519509000112,0.018433827237415882,0.018995856741513106,0.019532395825359972,0.020042436051481736,0.020525164241528834,0.02097995346110419,0.021406352830652235,0.02180407657059487,0.022172992502803798,0.022513110379327513,0.022824569765473368,0.023107628409574487,0.023362650467876767,0.02359009516043024,0.023790505797029137,0.023964499268548888,0.0241127560595675,0.024236010822675038,0.024335043528917296,0.024410671296396246,0.024463740641500302,0.024495120584080134,0.0245056961617953,0.024496362598582587,0.024468020020022123,0.02442156870427658,0.024357904842311078,0.024277916779331096,0.024182481708268425,0.024072462785600768,0.02394870663971453,0.02381204124233016,0.02366327411413494,0.023503190836595925,0.02333255384315597,0.02315210146392234,0.02296254719735364,0.022764579201317314,0.022558859935521543,0.022346026012401113,0.022126688160371166,0.021901431328411904,0.021670814900466153,0.02143537300698313,0.021195614920474826,0.020952025523349696,0.02070506583180984,0.020455173576748278,0.020202763819783035,0.01994822960437294,0.019691942632198194,0.019434253957660512,0.01917549469600413,0.018915976738768565,0.018655993472628047,0.01839582049746537,0.018135716341268388,0.017875923161702695,0.017616667453268994,0.017358160722092782,0.017100600162281918,0.016844169310680834,0.0165890386870796,0.016335366414638522,0.01608329882492006,0.01583297104190254,0.015584507547547134,0.015338022727681323,0.01509362139871993,0.014851399311683723,0.014611443644208015,0.014373833463056325,0.014138640175058906,0.013905927956193618,0.01367575416272896,0.013448169724244669,0.013223219519144723,0.013000942732978124,0.012781373200149338,0.012564539729508047,0.012350466414592982,0.012139172927331781,0.011930674800922263,0.01172498369378098,0.01152210764374286,0.0113220513078505,0.011124816189984758,0.010930400856617931,0.010738801141095732,0.010550010337152249,0.010364019381892856,0.010180817028867969,0.010000390011635898,0.009822723198261116,0.009647799737171794,0.009475601194786432,0.009306107685304679,0.009139297993043088,0.008975149687681937,0.008813639232782203,0.008654742087865569,0.008498432804477948,0.008344685116437217,0.008193472024631101,0.00804476587662544,0.007898538441357187,0.0077547609791560395,0.00761340430744722,0.007474438862054682,0.0073378347548567245,0.007203561827480724,0.0070715897015568635,0.006941887825623743,0.006814425519517577,0.006689172011849536
0.20248993288590605,0.00043864305547294905,0.000559502024602458,0.0007043110752105881,0.0008755989875221268,0.0010757524728624184,0.0013069480768111241,0.0015710883910989813,0.0018697450934748228,0.0022041108995837946,0.002574962000314707,0.002982631996612543,0.0034269977823077257,0.003907477294708961,0.0044230385805245995,0.004972219230411843,0.005553154929950335,0.006163615661738127,0.00680104797059444,0.007462621661291476,0.008145279332324508,0.008845787234383094,0.009560786079953134,0.010286840594853304,0.011020486788145998,0.011758276110104661,0.01249681586006262,0.013232805389594484,0.013963067816041529,0.014684577113092599,0.015394480576956509,0.01609011677629042,0.01676902918524757,0.01742897564212908,0.01806793482127807,0.01868410746442943,0.019275917086318015,0.019842006189794988,0.020381230971221315,0.02089265401059886,0.02137553541535846,0.021829322739841995,0.022253639976505448,0.022648275886539386,0.023013171909597896,0.023348409862549272,0.023654199609901214,0.02393086686132454,0.024178841226598604,0.024398644634944153,0.024590880204392672,0.02475622162762529,0.024895403102660554,0.02500920998924482,0.02509846977235916,0.025164044083931292,0.025206820992893113,0.025227708167967402,0.025227626465944793,0.025207504233833753,0.025168272129769603,0.025110858493686227,0.025036185231093033,0.02494516418003086,0.02483869393046449,0.02471765706508397,0.024582917790642898,0.02443531992948304,0.02427568524163863,0.024104812049134935,0.023923474134978508,0.023732419890956473,0.023532371689584768,0.023324025457198503,0.023108050426139247,0.022885089046495312,0.022655757038032402,0.022420643565400647,0.022180311520571764,0.02193529789793135,0.021686114248696712,0.02143324720252324,0.02117715904534518,0.020918288343444964,0.020657050604861272,0.020393838970119794,0.02012902492505346,0.01986295902946696,0.01959597165587973,0.019328373733450133,0.0190604574926962,0.018792497207214445,0.018524749929102937,0.018257456215250486,0.01799084084209692,0.01772511350679176,0.017460469513071175,0.01719709044043965,0.01693514479554175,0.016674788644807485,0.016416166227720932,0.01615941055020821,0.01590464395782791,0.015651978688586702,0.015401517405330332,0.015153353707770559,0.014907572624259931,0.01466425108385896,0.014423458368083144,0.014185256544228031,0.013949700879180434,0.013716840234923366,0.013486717446260904,0.01325936968093189,0.013034828782879279,0.012813121599137433,0.01259427029089925,0.012378292629318855,0.0121652022766068,0.011955009052973557,0.011747719189972763,0.011543335570789093,0.011341857958019844,0.011143283209401444,0.010947605482149915,0.010754816426250535,0.010564905367286945,0.010377859479251404,0.010193663947934401,0.010012302124404671,0.009833755671813837,0.009658004701268095,0.00948502790184045,0.009314802662304975,0.009147305185897623,0.008982510598334797,0.008820393049369392,0.00866092580835385,0.008504081353950801,0.008349831458405179,0.008198147266689607,0.008048999370333518,0.007902357877602198,0.00775819247792739,0.007616472503179659,0.007477166984592189,0.007340244706017208,0.00720567425367349,0.0070734240625304305,0.006943462459593026,0.006815757704179236
0.20912751677852348,0.0005040344227867431,0.0006392130715571975,0.0008002636308364328,0.0009897392346391223,0.0012100143689707649,0.0014632160729347726,0.00175116081416185,0.002075299460575812,0.002436672283521405,0.002835875364988913,0.003273039195761554,0.0037478196783599723,0.004259401221919147,0.004806511160540324,0.005387444357715355,0.006000096585742128,0.0066420050909366864,0.007310394719707574,0.00800222755039375,0.00871425552303583,0.009443072700468088,0.010185167670674063,0.01093697380689595,0.011694916788058186,0.012455458558152431,0.01321513715283437,0.013970602006053677,0.014718644517551728,0.01545622381011756,0.01618048773201231,0.01688878917889523,0.01757869857697739,0.018248010891562614,0.018894751517899475,0.019517175398720173,0.020113766620878108,0.020683233218459787,0.021224500694373625,0.021736703612689943,0.022219175755705003,0.022671439166595097,0.023093192371076668,0.02348429804149897,0.023844770337527164,0.024174762126679978,0.024474552260480658,0.024744533054237385,0.024985198093439107,0.025197130466202526,0.02538099150066942,0.025537510066677684,0.025667472484865433,0.025771713071483543,0.025851105333640233,0.02590655382707916,0.02593898665106898,0.025949348604705724,0.025938594951230656,0.02590768578967451,0.02585758100056408,0.025789235738382287,0.025703596439760657,0.025601597316267065,0.025484157299288747,0.025352177404884,0.02520653848600828,0.025048099346036527,0.024877695168171548,0.024696136257196664,0.02450420704039085,0.024302665316711203,0.02409224172426919,0.02387363940396366,0.02364753383703784,0.023414572836995103,0.023175376676902365,0.022930538335024727,0.0226806238428287,0.02242617272221226,0.022167698494977246,0.021905689259056227,0.02164060831423662,0.021372894831559266,0.021102964556273848,0.020831210536978072,0.020558003873561582,0.020283694478202947,0.02000861184371802,0.019733065814556052,0.019457347356247767,0.019181729319671968,0.018906467197003982,0.018631799866671135,0.018357950325041634,0.01808512640293435,0.017813521465320503,0.01754331509318015,0.017274673745949275,0.017007751404498433,0.016742690193440594,0.016479620982698416,0.016218663967991185,0.015959929230701823,0.015703517270707294,0.015449519542020939,0.015198018917630307,0.014949090194097158,0.014702800533672369,0.014459209902854148,0.014218371488961302,0.013980332098038454,0.013745132534389656,0.013512807962408547,0.01328338825122539,0.013056898303014972,0.012833358363647506,0.012612784321941593,0.012395187988628948,0.01218057736507344,0.011968956896632103,0.011760327713112827,0.011554687856617634,0.011352032497223528,0.011152354137236552,0.010955642804280236,0.010761886233882198,0.010571070042116644,0.010383177887850759,0.01019819162783137,0.01001609146040857,0.009836856062957085,0.009660462720616748,0.00948688744766961,0.00931610510180338,0.009148089491568017,0.00898281347748456,0.00882024906700281,0.008660367503708096,0.008503139351113203,0.008348534570875761,0.008196522597069874,0.008047072404516475,0.007900152573679502,0.0077557313510112705,0.007613776705425099,0.007474256356737696,0.007337137946449163,0.007202388840547015,0.007069976415395039,0.006939867975985575
0.21576510067114094,0.0005746669625853289,0.0007248618406942935,0.0009028531752490471,0.0011112033699292607,0.0013522593319814163,0.0016280835431909631,0.001940392132893928,0.0022905022554799443,0.002679290534822262,0.0031071637372771803,0.003574042228635615,0.004079356193998775,0.004622054080527025,0.005200622290013609,0.005813114806027995,0.006457191200455547,0.007130161321448014,0.007829034909760422,0.00855057441992682,0.00929134940840726,0.010047790995415404,0.01081624508158779,0.011593023199507238,0.012374450088213097,0.013156907286624121,0.013936872241018592,0.014710952606194889,0.015475915585350464,0.016228712297799628,0.016966497283664977,0.017686643280622798,0.018386752075885787,0.019064660214700404,0.019718442543243644,0.020346411385928118,0.02094711332498174,0.02151932346690612,0.022062037662319043,0.022574463051899293,0.02305600728667617,0.023506266742863182,0.023925014020794114,0.024312184987310154,0.024667865588599146,0.024992278631047412,0.025285770698118198,0.025548799344082704,0.025781920680119034,0.025985777445198657,0.026161087633367056,0.02630863373049741,0.026429252597302843,0.02652382602124094,0.026593271947820657,0.026638536391452812,0.026660586017833627,0.026660401382196452,0.02663897080281961,0.02659728484444751,0.026536331383118603,0.02645709122153566,0.026360534222580178,0.02624761592772068,0.026119274626787994,0.025976428845785157,0.025819975224405507,0.025650786720432254,0.025469711203183983,0.02527757025183273,0.02507515828532873,0.024863241904673438,0.024642559453825673,0.02441382077093006,0.02417770710930416,0.023934871207042338,0.023685937487363435,0.023431502372456465,0.023172134695255274,0.022908376194904306,0.022640742082274824,0.022369721668697117,0.022095779032697188,0.021819353739537566,0.021540861580807837,0.021260695340835807,0.02097922557862351,0.020696801419709185,0.020413751352883713,0.020130384027091452,0.01984698904451379,0.019563837746366015,0.0192811839884241,0.018999264903774092,0.018718301650605285,0.018438500143305503,0.018160051765398665,0.01788313406312602,0.01760791141881177,0.01733453570326999,0.017063146906796802,0.01679387374842311,0.01652683426326851,0.016262136367969353,0.01599987840426916,0.015740149660954314,0.015483030872701073,0.015228594708287321,0.014976906212101394,0.014728023260352437,0.014481996971295825,0.014238872113334215,0.013998687454798164,0.01376147619024383,0.013527266223373543,0.01329608052757158,0.013067937452424261,0.012842851020901184,0.012620831211498375,0.012401884225935744,0.012186012742993479,0.01197321615907661,0.011763490815984082,0.011556830216616151,0.011353225228954978,0.011152664278965618,0.010955133532882393,0.010760617069377735,0.010569097042088046,0.010380553832955495,0.010194966196827998,0.010012311397743497,0.009832565337308407,0.009655702675570478,0.009481696944724342,0.009310520656092712,0.009142145400642546,0.008976541943420744,0.008813680312209223,0.008653529880775834,0.008496059446512086,0.008341237304228151,0.008189031313877332,0.008039408964951806,0.007892337436293804,0.007747783652047638,0.007605714333902546,0.007466096049799438,0.007328895259372688,0.00719407835622161,0.007061611707248495
0.2224026845637584,0.0006505305322507944,0.0008164033727868413,0.0010119937228461088,0.00123985874316148,0.0015023032199698995,0.0018013110402999584,0.002138484948601755,0.0025149967504449603,0.0029315495337825623,0.0033883528501947153,0.0038851111779142355,0.004421025412487193,0.004994806628036361,0.00560470094042577,0.006248523993865973,0.006923703386047733,0.007627327237689595,0.008356197095734685,0.00910688341312864,0.009875781968380584,0.01065916975036987,0.011453259028506075,0.012254248539862926,0.013058370941877362,0.013861935891942699,0.014661368315954016,0.015453241611212377,0.016234305691407727,0.01700150991980154,0.017752021093116497,0.01848323672894361,0.019192793980383867,0.019878574550516042,0.020538706010908604,0.021171559944246757,0.021775747333880168,0.022350111615149246,0.022893719786864088,0.023405851958525313,0.02388598968150152,0.02433380338198189,0.024749139181335807,0.025132005357848226,0.02548255867038636,0.02580109073475923,0.02608801461342279,0.026343851752247197,0.02656921937176315,0.026764818399506316,0.026931422006964943,0.02706986479858417,0.027181032683380367,0.027265853446347108,0.027325288025016065,0.02736032248716414,0.02737196069694403,0.027361217650772353,0.027329113458823433,0.027276667944088707,0.0272048958281317,0.027114802470487642,0.027007380127658756,0.02688360469690363,0.026744432910083098,0.026590799943216312,0.02642361740818525,0.026243771694054136,0.026052122626910895,0.025849502418274693,0.0256367148739983,0.025414534836937265,0.025183707838710444,0.02494494993688493,0.024698947716396094,0.02444635843498292,0.024187810294323805,0.023923902819982884,0.023655207334741492,0.02338226751124678,0.0231055999913021,0.022825695060183764,0.022543017365691153,0.022258006672524165,0.02197107864389251,0.021682625642593403,0.021393017545361468,0.021102602564489602,0.020811708071717897,0.02052064141989919,0.020229690758961347,0.01993912584177077,0.019649198818889355,0.019360145018021767,0.019072183707236436,0.018785518839896702,0.01850033978027489,0.01821682200819907,0.01793512780274577,0.017655406903662744,0.01737779715051672,0.017102425099208632,0.016829406616406088,0.016558847447700056,0.016290843772391424,0.01602548272362388,0.01576284289617282,0.015502994828889801,0.015246001466216139,0.014991918599894408,0.014740795290120857,0.01449267426738112,0.014247592315397418,0.014005580635787628,0.013766665195346688,0.013530867054538324,0.013298202683914875,0.013068684258926698,0.01284231994389682,0.012619114159664255,0.012399067837612273,0.01218217866010011,0.01196844128835326,0.011757847577896167,0.011550386782355978,0.01134604574607722,0.011144809086218063,0.010946659363826466,0.010751577247378236,0.010559541664241112,0.01037052994551338,0.010184517961667538,0.01000148025041301,0.009821390137041778,0.009644219847579885,0.009469940615239184,0.009298522780368643,0.00912993588433648,0.008964148757698175,0.008801129602471437,0.008640846070274022,0.008483265334163518,0.0083283541568715,0.00817607895424326,0.008026405854586043,0.007879300754103449,0.007734729368600444,0.007592657281728147,0.0074530499898865675,0.007315872944031059,0.007181091588561383
0.22904026845637585,0.0007315945366330413,0.0009137719995545446,0.0011275790809957182,0.0013755538205196445,0.001659945182324174,0.0019826454268617832,0.002345131993378142,0.0027484208989053713,0.003193033021873717,0.0036789739870313654,0.004205727738450073,0.004772263320955173,0.005377053901641024,0.006018106681281272,0.006693002065907507,0.007398940297886113,0.008132793670375874,0.008891162467113854,0.009670432850759993,0.010466835070520746,0.011276500542065197,0.012095516563710235,0.012919977655769962,0.013746032734241678,0.014569927546205648,0.015388041995584424,0.016196922169157395,0.016993307031294144,0.017774149888541348,0.01853663483648883,0.019278188483890006,0.019996487314295115,0.020689461087383412,0.02135529270785981,0.021992415000006336,0.022599504823698734,0.023175474955349395,0.023719464136931826,0.02423082567035017,0.0247091149044827,0.02515407592933218,0.02556562775919731,0.025943850251811798,0.026288969978555288,0.026601346228804317,0.026881457301989646,0.027129887213432465,0.02734731291492812,0.02753449210840975,0.027692251710864854,0.027821477010945707,0.027923101542307007,0.027998097685505655,0.0280474679990126,0.028072237270995136,0.028073445275215454,0.028052140208988146,0.028009372785997293,0.027946190953327704,0.027863635199498957,0.02776273441862105,0.027644502294863055,0.02750993417112302,0.027360004365998846,0.027195663908501054,0.02701783862321464,0.02682742763179022,0.02662530207424177,0.026412304184770686,0.026189246594796222,0.02595691186968293,0.025716052248688028,0.02546738956620876,0.025211615331470337,0.024949390947579076,0.024681348051415287,0.02440808895768672,0.024130187191893592,0.02384818809835063,0.02356260951075921,0.023273942473952897,0.022982652006695827,0.02268917789649735,0.02239393551808553,0.022097316668758752,0.021799690413835924,0.02150140393686196,0.02120278338959211,0.02090413473751201,0.02060574459721792,0.020307881062500883,0.020010794516489107,0.01971471842755969,0.019419870127106668,0.019126451567898405,0.01883465006131835,0.018544638993067308,0.018256578516262095,0.017970616221576148,0.017686887784077593,0.017405517586616955,0.017126619319754385,0.01685029655833893,0.01657664331495139,0.016305744570559572,0.016037676782645584,0.01577250837147302,0.015510300184711412,0.015251105941200547,0.014994972654292527,0.014741941035414792,0.014492045878466928,0.014245316425683526,0.0140017767156033,0.01376144591378847,0.013524338626938219,0.013290465201037271,0.013059832004173827,0.01283244169465261,0.012608293475033514,0.012387383332602331,0.012169704267063826,0.011955246505805716,0.011743997707430015,0.011535943154043653,0.01133106593284803,0.011129347107503115,0.010930765879804008,0.01073529974209064,0.010542924620873561,0.01035361501210123,0.01016734410849572,0.009984083919314372,0.00980380538301147,0.009626478473068616,0.009452072297414843,0.009280555191724129,0.009111894807037554,0.008946058191440134,0.00878301186769825,0.008622721904484336,0.008465153984102572,0.008310273465367182,0.008158045442428883,0.008008434799680868,0.007861406262943052,0.007716924447207478,0.007574953901042962,0.007435459147911391,0.007298404724586271
0.2356778523489933,0.0008178101061807492,0.0010168839154497155,0.0012494857678930211,0.0015181213802150588,0.001824971044327527,0.0021718233474793997,0.0025600195779656707,0.0029904106423702848,0.0034633276515713463,0.0039785666620156925,0.0045353874279228995,0.005132525461861433,0.005768216237321931,0.006440230011063063,0.007145915498408161,0.007882250496216828,0.008645897511802765,0.00943326249847117,0.010240554915632508,0.011063847497297696,0.011899134316529272,0.012742385958090529,0.01358960084436746,0.014436851989740736,0.015280328677124817,0.016116372751152543,0.01694150940116388,0.017752472460345257,0.01854622437684515,0.01931997111391435,0.020071172316128413,0.020797547134646613,0.02149707614133846,0.022167999781051967,0.022808813816172682,0.023418262210583483,0.023995327883535762,0.02453922174023025,0.02504937035697842,0.025525402666397835,0.02596713595358435,0.02637456144007643,0.026747829696359568,0.027087236091362925,0.02739320645474274,0.027666283098506283,0.027907111315793612,0.028116426452224456,0.028295041619721746,0.028443836105450496,0.028563744509945473,0.028655746633929457,0.028720858120410166,0.028760121848384407,0.028774600064966325,0.028765367236234234,0.02873350359108871,0.028680089328171066,0.02860619945270929,0.02851289920790918,0.02840124006421534,0.028272256229076895,0.02812696163983001,0.027966347402742037,0.027791379642096565,0.027602997724306532,0.027402112823589623,0.027189606796975282,0.026966331338438208,0.02673310738341966,0.026490724737174714,0.026239941901551055,0.02598148607738383,0.025716053319340283,0.025444308833866083,0.025166887371133703,0.024884393746071744,0.02459740342176888,0.024306463172644534,0.024012091804624068,0.023714780922776634,0.023414995736360283,0.023113175892609625,0.022809736330995475,0.022505068151324078,0.022199539489289113,0.021893496394142984,0.02158726370376328,0.021281145913030645,0.020975428032002523,0.02067037643089817,0.020366239669357786,0.0200632493078622,0.019761620699518378,0.019461553761078203,0.019163233721451223,0.018866831847749746,0.018572506147473924,0.018280402046856138,0.01799065304500322,0.01770338134440171,0.017418698453457882,0.017136705774615447,0.016857495155619413,0.01658114942757973,0.016307742916026692,0.016037341929642193,0.015770005227955426,0.015505784467120134,0.015244724625155304,0.01498686440709832,0.014732236630717627,0.014480868593759782,0.014232782421240528,0.01398799539991476,0.013746520289810533,0.013508365624267112,0.01327353599264883,0.013042032308626387,0.012813852064034743,0.012588989569455856,0.01236743618159249,0.012149180518331052,0.011934208661957008,0.0117225043512374,0.01151404916183888,0.011308822678780124,0.011106802656102003,0.01090796516954233,0.01071228475948661,0.010519734565696425,0.010330286454095445,0.010143911135955674,0.00996057828000917,0.009780256617695242,0.009602914042001351,0.009428517700273767,0.009257034080806796,0.009088429095076404,0.00892266815331517,0.008759716236304964,0.008599537962095852,0.008442097648423916,0.008287359370999586,0.008135287017866876,0.007985844340114654,0.007838994999074226,0.007694702610246052,0.007552930784162091,0.0074136431641105595
0.24231543624161073,0.0009091121734075371,0.0011256395745048993,0.001377575678615735,0.0016673813798992927,0.001997156293304842,0.002368574239335314,0.00278283052649203,0.003240602667030816,0.003742025464523407,0.004286680727773824,0.004873601239092931,0.005501288059204327,0.006167739813489278,0.006870492277701542,0.007606666371280184,0.008373022561634311,0.009166019681460278,0.009981876232019604,0.010816632390874378,0.011666211129712315,0.012526477069226395,0.013393291935342876,0.014262565722310567,0.015130302902752517,0.015992643244670056,0.016845896994723795,0.017686574362557755,0.0185114093887592,0.019317378403659668,0.020101713377790573,0.020861910539224326,0.021595734681958276,0.022301219620342455,0.02297666525825924,0.02362063174147276,0.024231931149982965,0.02480961716663812,0.025352973131290406,0.025861498858149215,0.026334896558924525,0.026773056179435824,0.027176040419733465,0.027544069673306543,0.027877507086244084,0.028176843905155083,0.028442685252728236,0.02867573644244486,0.028876789919250866,0.029046712890962507,0.02918643569578274,0.029296940934435547,0.029379253380958432,0.029434430673819362,0.029463554779244287,0.029467724209535764,0.029448046973183085,0.02940563422791652,0.029341594604042977,0.029257029162556573,0.029153026950653232,0.029030661116229508,0.028890985542579153,0.028735031964699658,0.02856380753425125,0.028378292761446423,0.02817943990271939,0.02796817158610685,0.027745379815899557,0.02751192522160326,0.02726863655749795,0.02701631041755083,0.026755711160254273,0.026487570964195503,0.02621259008496576,0.025931437202355804,0.02564474989461665,0.025353135205180146,0.025057170289573695,0.024757403129113516,0.024454353299177358,0.024148512781212727,0.023840346808794884,0.023530294738809947,0.023218770940475916,0.02290616569498808,0.02259284610006189,0.02227915697406811,0.021965421755235044,0.02165194339200208,0.02133900522116599,0.021026871831006915,0.020715789906966778,0.020405989057850814,0.020097682621213142,0.019791068446129823,0.019486329652909643,0.019183635368635765,0.01888314143816603,0.01858499111024169,0.0182893156985598,0.0179962352178119,0.017705858994820935,0.017418286255013828,0.017133606684611755,0.016851900968826945,0.01657324130678369,0.0162976919034092,0.01602530943912964,0.015756143517820922,0.015490237093913433,0.015227626878664533,0.014968343727426319,0.014712413007257518,0.014459854946673843,0.014210684967543751,0.013964914000127891,0.013722548781846304,0.013483592140454932,0.013248043262304214,0.013015897946222139,0.01278714884385983,0.01256178568687634,0.012339795501701084,0.012121162812400277,0.011905869832210909,0.011693896644279804,0.011485221372126873,0.011279820340332364,0.011077668225929566,0.010878738200965181,0.01068300206667894,0.010490430379682501,0.010300992570638963,0.010114657055731134,0.009931391341353514,0.009751162122363719,0.00957393537431619,0.009399676439443378,0.00922835010837119,0.009059920695067938,0.008894352108103142,0.008731607916806232,0.008571651413138334,0.00841444566944442,0.008259953592278883,0.00810813797260886,0.007958961532498551,0.007812386968540761,0.0076683769922371876,0.007526894367228651
0.24895302013422818,0.001005421428512693,0.0012399259035442284,0.0015116985040513702,0.0018231435134751942,0.0021762686962710593,0.0025726229255031807,0.0030132466563501064,0.003498636681382557,0.0040287258819220115,0.004602877999474972,0.005219896830047082,0.005878048718536329,0.0065750968177876986,0.00730834528329677,0.008074691396691737,0.008870683545519982,0.00969258301051444,0.010536427619552547,0.01139809549265366,0.01227336731241339,0.013157985790715778,0.01404771125109299,0.014938372494389394,0.015825912353294003,0.01670642756158651,0.01757620276118431,0.018431738641276986,0.01926977434756262,0.02008730441589398,0.020881590574615444,0.021650168825481868,0.022390852256719593,0.023101730066304706,0.02378116328173868,0.024427777657401867,0.02504045421454836,0.02561831786485099,0.026160724528229474,0.026667247121431745,0.0271376607570059,0.02757192745566379,0.027970180636181695,0.028332709611971003,0.028659944288051794,0.028952440220184845,0.029210864167089925,0.029435980241173682,0.029628636736578024,0.029789753693401932,0.029920311237097427,0.030021338712965927,0.030093904644847527,0.030139107440312556,0.030158067027596963,0.03015191701315967,0.030121797875205608,0.030068850659963064,0.0299942114371635,0.02989900638048099,0.029784347447696938,0.02965132862037805,0.02950102266299261,0.029334478361755588,0.029152718204371496,0.028956736463011095,0.028747497644514522,0.028525935269441215,0.028292950973285724,0.028049413821407056,0.027796159938301413,0.02753399229461522,0.027263680704949347,0.026985961987214195,0.02670154026608384,0.02641108740105191,0.026115243521298993,0.025814617651159937,0.025509788411597463,0.025201304784324034,0.02488968692674513,0.024575427026924234,0.024258990189304285,0.02394081534227218,0.023621316160507333,0.023300881995247352,0.022979878806772647,0.02265865009405697,0.022337517817220452,0.0220167833090319,0.021696728172274995,0.02137761516027863,0.02105968903835888,0.02074317742426488,0.020428291606428287,0.020115214741898212,0.019804165607987822,0.019495273384159958,0.019188704334226283,0.01888459951842074,0.018583088057995824,0.0182842877738258,0.017988305809230887,0.017695239214475862,0.017405175516128826,0.017118193258180273,0.01683436251989968,0.01655374541030996,0.016276396540154774,0.016002363471730608,0.015731687147428376,0.015464402297630218,0.015200537828998613,0.01494011719160284,0.014683158732399079,0.01442967602443683,0.014179678183834718,0.013933170168418605,0.013690153060985382,0.013450624337475481,0.013214578120827969,0.012982005421040112,0.012752894362116199,0.012527230396487522,0.01230499650766303,0.012086173400516827,0.011870739683173159,0.01165867203536908,0.011449945369416304,0.011244532980890422,0.0110424066906307,0.01084353697834614,0.010647893108212028,0.010455443246952474,0.01026615457473217,0.010079993389243994,0.009896925203448332,0.009716914836748691,0.009539926501563368,0.009365923882885284,0.009194870213844719,0.009026728345925399,0.008861460814645887,0.008699029900888243,0.008539397688086474,0.008382526115569928,0.008228377028206127,0.008076912222597614,0.00792809349005109,0.007781882656244415,0.007638241618558607
0.25559060402684564,0.0011066461436031148,0.0013596183283564635,0.0016516939077468606,0.0019852094757754563,0.0023620705802229027,0.0027836918339612915,0.0032509508573768165,0.003764157278087085,0.004323037277237054,0.004926733473755761,0.00557381933382902,0.00626232678315777,0.006989785318022537,0.0077532706496927836,0.008549460772600244,0.009374697316569426,0.010225050096479388,0.011096382910308837,0.011984418824424348,0.012884803414132517,0.013793164678129854,0.014705168603804523,0.015616569614360719,0.0165232553690488,0.017421285607469097,0.018306924923780887,0.01917666952231767,0.020027268146569525,0.020855737313071457,0.021659372409061798,0.022435751575117374,0.023182738722992473,0.02389848031839043,0.02458139995256289,0.0252301900210533,0.02584380114932685,0.02642142980972209,0.026962504541105378,0.0274666711336429,0.027933777198800757,0.028363856171634255,0.028757111420581762,0.029113900270558723,0.02943471837575287,0.02972018451315583,0.029971025933029742,0.030188064363568173,0.030372202742844724,0.030524412729826426,0.030645723012820578,0.030737208536510983,0.03079998032627834,0.03083517651462698,0.03084395375518626,0.030827479774952975,0.030786926467669437,0.030723463786433786,0.03063825430521995,0.030532448422680488,0.030407180167153193,0.030263563561319786,0.030102689505117377,0.029925623136171673,0.029733401628016885,0.029527032387993375,0.029307491617939337,0.02907572320297223,0.028832637895325794,0.02857911276251567,0.028315990831665822,0.028044081174073462,0.027764158594286648,0.027476964250810944,0.027183205837644116,0.026883558116399062,0.026578663515766193,0.02626913280807661,0.025955545869856343,0.025638452491931495,0.02531837324022302,0.02499580035253023,0.02467119866241175,0.024345006542195763,0.024017636857521753,0.023689477927184434,0.02336089448262101,0.023032228622188934,0.022703800756041465,0.022375910538007394,0.02204883778146348,0.021722843356600734,0.021398170067009264,0.021075043503853027,0.020753672876248075,0.020434251816814648,0.020116959161585332,0.019801959703742298,0.0194894049208429,0.019179433675384133,0.018872172888662178,0.018567738188446575,0.018266234529612884,0.017967756790005097,0.017672390339988006,0.017380211584690847,0.017091288498973855,0.016805681095687003,0.016523441935532367,0.016244616528386845,0.015969243837983246,0.01569735661916868,0.015428981842737225,0.01516414105774102,0.01490285074229383,0.014645122636416135,0.014390964057645278,0.014140378200123486,0.013893364417879854,0.013649918492890312,0.013410032888792745,0.013173696990677592,0.01294089733172624,0.012711617807262076,0.012485839876812442,0.012263542754753099,0.012044703590086348,0.011829297635884022,0.011617298408906117,0.011408677839885898,0.011203406414960138,0.011001453308650324,0.010802786508919365,0.010607372934618215,0.010415178545776902,0.010226168447098189,0.010040306985100765,0.00985755783866541,0.009677884105081845,0.0095012483789577,0.009327612827237312,0.009156939258842577,0.008989189189794798,0.00882432390399437,0.008662304509863241,0.008503091993168762,0.008346647266142194,0.008192931213169911,0.00804190473327098,0.007893528779258155,0.007747764394639879
0.26222818791946306,0.0012126838600678134,0.001484582617505414,0.0017973934741353473,0.0021533749564317745,0.0025543208061710528,0.0030015028830001323,0.0034956288192173487,0.004036815438180619,0.004624578195233908,0.0052578362092510185,0.005934931856099202,0.006653663414780182,0.007411328902647362,0.008204779007347849,0.009030476917583727,0.009884562850685022,0.01076292116608273,0.011661248112568627,0.012575118469630088,0.01350004958910395,0.014431561606804215,0.015365232860655624,0.016296749810433046,0.017221950996035764,0.018136864789638458,0.01903774088833744,0.01992107565594269,0.020783631555011915,0.02162245101399097,0.022434865151291967,0.023218497830717274,0.023971265554646216,0.024691373711811244,0.02537730969934687,0.026027833417868705,0.02664196561944718,0.027218974554785214,0.02775836133077832,0.02825984435045293,0.028723343168113497,0.029148962050781,0.029536973499054923,0.029887801942193964,0.03020200778705618,0.03048027196791363,0.030723381114119826,0.030932213426031127,0.03110772532551922,0.031250938926590234,0.0313629303534825,0.03144481891797282,0.0314977571550288,0.031522921704403614,0.03152150501761877,0.03149470786244772,0.03144373259150191,0.03136977713820343,0.03127402969917311,0.031157664062067703,0.03102183553554213,0.030867677438532908,0.030696298105840628,0.030508778371173433,0.030306169478555595,0.030089491397700497,0.029859731491667908,0.029617843510396667,0.029364746873842933,0.02910132621454177,0.02882843114976252,0.028546876257158134,0.028257441228528128,0.027960871178955408,0.02765787709029619,0.027349136369851795,0.027035293506752253,0.0267169608103318,0.026394719216109423,0.026069119146641142,0.02574068141559817,0.025409898165162544,0.025077233827046828,0.024743126099651007,0.02440798693391122,0.024072203521738646,0.023736139281617566,0.023400134836482483,0.023064508981214735,0.022729559632236402,0.022395564763151084,0.022062783317175823,0.021731456098423238,0.021401806639381668,0.02107404204286551,0.02074835379836579,0.020424918571378268,0.020103898965643758,0.01978544425793899,0.019469691106048126,0.019156764225211342,0.01884677704762744,0.0185398323414318,0.01823602281342343,0.017935431681838924,0.01763813322440409,0.017344193301559396,0.017053669855759818,0.016766613387294328,0.01648306740749678,0.01620306887004953,0.01592664858147768,0.01565383158923483,0.015384637555220756,0.015119081103691586,0.014857172156111756,0.014598916246610827,0.014344314821133365,0.014093365520680348,0.013846062449203179,0.01360239642713561,0.013362355230869226,0.013125923819043778,0.012893084546357424,0.012663817364354369,0.012438100013225723,0.012215908199440633,0.01199721576542875,0.01178199484850942,0.011570216030575677,0.01136184847893773,0.011156860078685969,0.01095521755717146,0.010756886600804273,0.010561831964761587,0.010370017575938155,0.010181406628935335,0.00999596167755427,0.009813644717948601,0.009634417268842909,0.009458240445142123,0.009285075027150992,0.00911488152513428,0.008947620239545366,0.008783251318113684,0.00862173480319539,0.008463030690271715,0.008307098963269388,0.008153899641302193,0.008003392816742847,0.007855538691269075
0.26886577181208055,0.001323422937057643,0.0016146765468314523,0.0019486224411590918,0.0023274313848805264,0.0027527764670501383,0.0032257790708549567,0.003746970453391446,0.004316269726841919,0.004932978271457782,0.005595789925625054,0.00630281571842941,0.007051621455336272,0.00783927614441497,0.008662409054845683,0.00951727312955129,0.010399812500103602,0.011305731974012988,0.012230566547770879,0.0131697492322985,0.014118675739368619,0.015072764852447384,0.016027513579514614,0.01697854644771301,0.017921658541957923,0.01885285210651729,0.01976836671501069,0.020664703173318793,0.021538641443779764,0.022387252978516577,0.023207907919171912,0.023998277666941823,0.02475633335204497,0.025480340739194692,0.02616885209846408,0.026820695551974933,0.02743496237918033,0.028010992729408248,0.028548360114613203,0.029046855310216238,0.02950646921724752,0.029927376262003508,0.03030991728958163,0.030654582933088412,0.030961997373012706,0.03123290266328378,0.03146814373398623,0.03166865415410749,0.03183544271418118,0.031969580868164066,0.032072191056214644,0.032144435914868215,0.032187508369021,0.03220262258896212,0.032191005788131236,0.03215389083020346,0.032092509609794484,0.03200808716548709,0.03190183648529079,0.031774953949012995,0.03162861542987309,0.031463972814697774,0.03128215122547579,0.03108424657318632,0.030871323598757612,0.03064441429619022,0.030404516689785156,0.0301525939299005,0.02988957367400674,0.02961634772142565,0.029333771873385203,0.029042665990809874,0.028743814225436544,0.028437965401325663,0.028125833525930306,0.027808098411713906,0.027485406391046012,0.027158371108827368,0.02682757437868248,0.0264935670901684,0.02615687015570008,0.025817975487095014,0.02547734699291601,0.025135421588071683,0.024792610212966568,0.024449298843731575,0.02410584950901234,0.02376260128809736,0.02341987129894607,0.023077955668731442,0.022737130484708806,0.022397652723168956,0.02205976115460791,0.021723677223683374,0.021389605902750297,0.02105773653347328,0.02072824354898553,0.020401287396959938,0.02007701512891264,0.01975556119026609,0.01943704809061963,0.01912158706140995,0.018809278686126266,0.018500213503433425,0.018194472583980843,0.017892128081335196,0.017593243757625724,0.01729787548501306,0.017006071723238765,0.0167178739743169,0.016433317215043562,0.016152430308121368,0.015875236392685597,0.015601753255016686,0.015331993680219065,0.015065965785637144,0.01480367333676731,0.014545116046427428,0.01429028985781558,0.014039187212365113,0.01379179730287616,0.013548106312721821,0.013308097641736698,0.013071752119607847,0.012839048206109076,0.012609962182529022,0.012384468328609444,0.012162539091766643,0.0119441452453848,0.01172925603792281,0.011517839333147784,0.011309861741873308,0.011105288745826841,0.010904084813841539,0.010706213510920997,0.010511637600593633,0.010320319140310103,0.010132219572084333,0.00994729980561815,0.009765520297313842,0.009586841123619618,0.009411222049609976,0.009238622592988755,0.00906900208373322,0.008902319719710167,0.00873853461839132,0.008577605864958232,0.00841949255701628,0.008264153845826105,0.008111548975142291,0.007961637316317537
0.27550335570469797,0.0014387439651675413,0.00174975139483653,0.0021052012322983933,0.002507167448376686,0.0029571943380968697,0.003456245804375918,0.004004671047025654,0.004602187225593444,0.005247878899121326,0.005940213369514589,0.006677070495450867,0.007455785116116715,0.008273199931660424,0.009125726529360029,0.010009412201871522,0.010920010268710615,0.01185305175727429,0.012803916508991152,0.013767902029517866,0.014740288673870856,0.015716400051783427,0.01669165780725532,0.01766163020060041,0.018622074158759907,0.019568970675104012,0.020498553623101018,0.02140733214895336,0.022292107335586824,0.02314998249726173,0.023978369376232208,0.024774988992768834,0.025537868767415293,0.026265335891890455,0.026956009083846516,0.027608784612980757,0.02822282480237971,0.02879754173728463,0.029332581219940947,0.02982780579368278,0.03028327737866073,0.0306992397301933,0.031076101447818597,0.03141441826965349,0.03171487726118336,0.03197828058698303,0.032205530389261466,0.03239761467869059,0.03255559340778275,0.03268058634848314,0.03277376120160918,0.03283632289299557,0.03286950372773524,0.03287455442770317,0.03285273602393686,0.032805312569414255,0.03273354463316103,0.03263868353336096,0.03252196626502584,0.032384611076630786,0.03222781364359425,0.03205274383628771,0.03186054290793144,0.03165232127535125,0.0314291566344412,0.03119209250001518,0.030942137088996798,0.03068026251729888,0.030407404276857963,0.03012446096152556,0.02983229421275276,0.02953172885820011,0.029223553218540962,0.028908519559782353,0.02858734467040004,0.028260710544418442,0.027929265153459976,0.027593623292229686,0.02725436748368706,0.02691204889574315,0.026567188507806698,0.02622027776976533,0.02587177999014989,0.02552213120067553,0.025171741237418707,0.024820994783830597,0.024470252407528897,0.024119851576504474,0.02377010768111842,0.023421315008674354,0.023073747718063056,0.02272766078220998,0.022383290906956954,0.022040857422931204,0.021700563150192635,0.021362595234279944,0.021027125953481465,0.020694313496975113,0.020364302714476968,0.020037225832543297,0.019713203152585013,0.019392343706222944,0.019074745893207755,0.018760498087453135,0.018449679217030224,0.01814235931763657,0.017838600061011126,0.017538455257664107,0.017241971336671803,0.01694918780144253,0.01666013766337662,0.016374847853859866,0.016093339615454786,0.01581562887309731,0.015541726586099513,0.015271639081747793,0.015005368371272063,0.01474291244896741,0.014484265575065124,0.014229418543449562,0.013978358934345883,0.013731071353278328,0.013487537656480135,0.013247737163645353,0.013011646858555794,0.0127792415781868,0.012550494190861365,0.012325375763999958,0.012103855721991165,0.011885901994696777,0.011671481157011537,0.011460558562131767,0.011253098454403962,0.011049064105528845,0.010848417902390514,0.010651121458998516,0.010457135709647895,0.010266420998065236,0.010078937160811857,0.009894643605259525,0.00971349938243841,0.00953546325504184,0.00936049376086501,0.009188549272793953,0.00901958804936979,0.00885356829500597,0.008690448198575748,0.008530185981950668,0.008372739940210153,0.008218068479628277,0.00806613015248669
0.28214093959731545,0.0015585210467617032,0.0018896532779160756,0.00226694680349209,0.002692370404241656,0.003167332106393367,0.0036926319982439094,0.004268432186995855,0.0048942442394019235,0.005568933684037049,0.0062907404883801475,0.007057313886274962,0.007865759532488711,0.008712696700650014,0.009594323118457409,0.010506485022696216,0.011444750113494792,0.012404481258741462,0.013380909031817087,0.014369201435829457,0.015364529457511033,0.016362127388170736,0.017357347134535066,0.01834570600924511,0.019322927732290995,0.020284976584915175,0.021228084838138588,0.02214877372178401,0.023043868315899243,0.023910506830089943,0.024746144794123515,0.02554855471707368,0.026315821785951286,0.027046336171702132,0.027738782493772436,0.028392126967486987,0.02900560272384894,0.029578693751045382,0.030111117820100404,0.030602809068425118,0.031053899622348627,0.03146470209393228,0.031835691623517716,0.03216748859860413,0.03246084189473825,0.03271661280828921,0.032935759777026154,0.03311932395839614,0.03326841571262345,0.033384202018088144,0.03346789482950977,0.03352074037590191,0.03354400938278885,0.033538988194550014,0.033506970764838565,0.03344925147770511,0.033367118756931,0.03326184942000498,0.03313470372912176,0.032986921092558304,0.03281971636880768,0.032634276726690316,0.032431759015628225,0.03221328760201613,0.03197995262899573,0.03173280865934201,0.03147287366312892,0.031201128314188444,0.030918515561635003,0.030625940445152565,0.030324270124915755,0.030014334099366623,0.029696924586196775,0.029372797043440483,0.02904267081397987,0.028707229863229683,0.028367123612456236,0.028022967833154305,0.027675345600477363,0.027324808289593626,0.02697187660477907,0.026617041631417274,0.02626076590260855,0.02590348447280854,0.025545605992021894,0.02518751377489142,0.024829566859807625,0.02447210105386456,0.024115429960147265,0.0237598459843652,0.023405621318390676,0.02305300889867013,0.02270224333803337,0.022353541829465612,0.022007105021130305,0.02166311786188417,0.021321750416932805,0.020983158653441407,0.020647485196105275,0.020314860052843588,0.019985401310222556,0.019659215803806338,0.01933639974990268,0.019017039362010768,0.018701211431000803,0.018388983881493483,0.01808041630230877,0.017775560451514946,0.017474460737218804,0.017177154674839514,0.01688367332208393,0.016594041689858313,0.01630827913775845,0.016026399741957274,0.01574841264932126,0.015474322410756525,0.015204129297194419,0.014937829598531705,0.014675415906453475,0.014416877381693774,0.014162200006551762,0.013911366823321242,0.013664358159490395,0.013421151839062952,0.013181723384502683,0.012946046203431788,0.01271409176712601,0.012485829777478372,0.012261228324254103,0.012040254032971641,0.01182287220381615,0.011609046942230007,0.011398741281410923,0.011191917297280954,0.010988536216372075,0.01078855851638244,0.010591944021683918,0.010398651990940325,0.010208641200358503,0.010021870020974604,0.009838296490912946,0.009657878382824468,0.009480573266718202,0.009306338568560911,0.009135131624757466,0.008966909732827408,0.008801630198513051,0.008639250379218965,0.008479727724917063,0.008323019815142482,0.00816908439381877
0.2887785234899329,0.0016826229506234722,0.00203422433599934,0.002433673820355336,0.0028828272065494313,0.0033829494039899367,0.0039346709732473095,0.004537962484107355,0.005192126812183353,0.005895808722131712,0.006647020446900907,0.007443181453346164,0.008281170216563568,0.009157385598500288,0.01006781533762649,0.011008109177139175,0.011973654286615102,0.012959650828827995,0.013961185777282782,0.01497330337679071,0.015991070941631692,0.017009638988043245,0.01802429498757881,0.0190305102958665,0.020023980051533403,0.021000656046432545,0.02195677274505272,0.022888866767756744,0.023793790263200474,0.024668718671969077,0.025511153435119713,0.02631892022916331,0.02709016331713189,0.027823336597278526,0.028517191909801523,0.029170765131267058,0.02978336054854842,0.030354533960902316,0.030884074914957566,0.03137198842953751,0.03181847652289005,0.03222391980997014,0.032588859395635474,0.03291397925043431,0.033200089219698824,0.033448108784076516,0.033659051660512404,0.03383401130699695,0.033974147372029445,0.03408067311034961,0.03415484377062881,0.03419794594653998,0.03421128787205009,0.03419619063251553,0.03415398025624195,0.03408598064586527,0.03399350730510077,0.03387786181387586,0.033740327003410446,0.03358216278226475,0.03340460256457588,0.03320885025252313,0.0329960777262807,0.03276742279665475,0.03252398757710542,0.032266837234449064,0.03199699907952715,0.031715461962024044,0.031423175934452076,0.03112105215583847,0.030809963004114708,0.03049074237162547,0.030164186118835333,0.029831052666847314,0.029492063687574167,0.029147904935392915,0.02879922709979438,0.028446646767792745,0.028090747420396387,0.027732080472021418,0.027371166337909,0.02700849552728333,0.026644529733796513,0.026279702948897445,0.025914422559165665,0.025549070441661034,0.025184004046088258,0.024819557460388244,0.02445604245858516,0.02409374952150956,0.023732948838903166,0.023373891280487627,0.023016809340428816,0.022661918052611398,0.022309415875729224,0.021959485547870083,0.021612294910244256,0.021267997699969197,0.020926734311994835,0.020588632530407377,0.020253808229472328,0.019922366044949756,0.019594400016093746,0.019269994199270644,0.018949223253536436,0.018632152999260205,0.018318840950394114,0.018009336821284302,0.01770368300885444,0.01740191505101901,0.017104062062189104,0.016810147146734025,0.016520187791257617,0.01623419623654074,0.015952179829989723,0.01567414135941546,0.015400079368971703,0.015129988457916299,0.014863859567331925,0.014601680226544622,0.01434343484627875,0.014089104915638919,0.013838669247150244,0.013592104184381433,0.013349383801487945,0.013110480091178421,0.012875363141684717,0.012644001303292721,0.012416361344977206,0.01219240860159448,0.011972107112241176,0.011755419750114965,0.011542308344403836,0.011332733794602725,0.011126656177761594,0.010924034848387325,0.010724828533360235,0.010528995418894457,0.01033649323319682,0.010147279323148505,0.009961310725974734,0.009778544236100221,0.009598936467417333,0.009422443911330323,0.009249022990691866,0.00907863010994983,0.008911221701741277,0.008746754269811158,0.008585184429456225,0.008426468944010728,0.008270564759219763
0.2954161073825503,0.0018109141470017335,0.0021833037794996516,0.0026051956806971807,0.0030783254662117886,0.0036038086685886723,0.004182101179087531,0.004812978125659002,0.005495531080015085,0.006228182729225636,0.007008717515205413,0.007834326257098631,0.008701662431851715,0.009606907598848738,0.010545843392519894,0.011513927567102662,0.012506371728275182,0.013518218610580054,0.014544417032947194,0.01557989296700499,0.016619615466328102,0.017658656513875163,0.01869224413825218,0.01971580841783247,0.020725020229676518,0.021715822804157014,0.02268445625725779,0.023627475869380753,0.024541763362198956,0.025424533734547655,0.02627333621606726,0.02708605115709933,0.027860883057134668,0.028596350383580393,0.029291272749529456,0.02994475598471383,0.030556175592790974,0.031125159042730267,0.03165156729594251,0.032135475921418674,0.03257715610586044,0.032977055819885706,0.03333578135946475,0.03365407944138651,0.033932819997435824,0.034172979777171264,0.03437562684219759,0.034541906008535433,0.03467302527199655,0.034770243232472214,0.03483485751773164,0.03486819419335837,0.03487159813552725,0.03484642431470037,0.034794030089510056,0.03471576805346376,0.03461298007714104,0.03448699180704272,0.03433910798458553,0.03417060839674883,0.033982744427980424,0.03377673616431035,0.033553770002072277,0.03331499671570486,0.033061529940804586,0.03279444503134226,0.03251477825196464,0.0322235262693818,0.031921645908271214,0.03161005414091051,0.03128962828112323,0.030961206355993177,0.0306255876305492,0.03028353326569671,0.029935767081539725,0.02958297642057884,0.029225813081490897,0.028864894316413134,0.028500803875824193,0.028134093089929337,0.027765281975576993,0.02739486036002293,0.02702328901313282,0.026651000781064187,0.026278401715278493,0.025905872191594355,0.02553376801475255,0.025162421504667038,0.024792142561139152,0.024423219704362856,0.024055921088976577,0.023690495490271274,0.02332717326043004,0.02296616725486134,0.022607673727000597,0.022251873191640785,0.021898931256431897,0.021548999422336446,0.021202215847777543,0.02085870609306476,0.020518583818437082,0.0201819514632856,0.019848900891091776,0.01951951400605065,0.019193863341301777,0.018872012619864105,0.01855401728877758,0.018239925027505897,0.017929776231418743,0.017623604471631756,0.017321436929406395,0.017023294814063027,0.01672919375184765,0.016439144160066067,0.016153151599279013,0.01587121710710226,0.015593337513975897,0.015319505741844791,0.0150497110863939,0.014783939483670462,0.014522173761804896,0.014264393878730679,0.01401057714526665,0.013760698438183849,0.013514730397287072,0.013272643613725814,0.013034406806157618,0.012799986986646092,0.012569349616650785,0.012342458753574748,0.01211927718844912,0.011899766575164259,0.011683887551687307,0.01147159985382264,0.0112628624212577,0.011057633498219095,0.010855870725887042,0.01065753123014103,0.01046257170303839,0.010270948478987652,0.010082617605832263,0.009897534911095927,0.009715656063738422,0.009536936631592389,0.009361332134781394,0.009188798095376772,0.00901929008320357,0.008852763758939827,0.008689174913146218,0.008528479502972964,0.008370633685784546
0.3020536912751678,0.0019432557304320025,0.0023367288084442444,0.002781325396687142,0.003278654262243505,0.003829675847864803,0.004434666764414415,0.005093203280689942,0.005804163487117379,0.0065657470483118825,0.007375510853239409,0.008230418408540767,0.009126900511945948,0.01006092458836159,0.011028070040600782,0.012023607059684008,0.013042576517269838,0.014079868810831734,0.015130299824658244,0.016188682486659434,0.017249892724457334,0.018308928939598595,0.019360964414638627,0.020401392336499433,0.021425863353744246,0.022430315787648585,0.02341099877753939,0.024364488771549217,0.02528769986799875,0.026177888578195977,0.02703265362021336,0.02784993136936789,0.028627987588550636,0.029365406043702868,0.030061074580405484,0.030714169199576095,0.03132413662581559,0.03189067581562299,0.03241371880218327,0.032893411225486606,0.0333300928480869,0.03372427831125904,0.03407663834343085,0.034387981593205295,0.034659237223310185,0.034891438369525754,0.035085706540048604,0.0352432370057509,0.03536528522225791,0.03545315421017221,0.03550818314125198,0.03553173669217022,0.03552519555888305,0.03548994784349037,0.035427381355777464,0.03533887677103757,0.03522580159473144,0.03508950487096283,0.034931312664849855,0.03475252402018361,0.03455440775192443,0.034338199612478346,0.034105100030115194,0.03385627229073476,0.033592841130812345,0.03331589169977061,0.03302646885283742,0.03272557673726529,0.032414178638847525,0.032093197056343635,0.03176351397539185,0.03142597131513451,0.031081371523289356,0.030730478297555736,0.030374017413300078,0.030012677639486042,0.029647111726461978,0.029277937451096917,0.02890573870624911,0.02853106662289955,0.02815444071489555,0.027776350037119462,0.027397254349299866,0.027017585278558534,0.026637747474752383,0.026258119753204575,0.025879056222535928,0.025500887387736555,0.02512392123572734,0.02474844429056194,0.024374722642430596,0.024003002946812728,0.02363351339280539,0.023266464639779275,0.022902050721739512,0.022540449919058913,0.022181825597465003,0.02182632701435505,0.0214740900926797,0.021125238161683654,0.020779882672653485,0.02043812386732935,0.020100051437905254,0.019765745141168158,0.019435275390278228,0.01910870381790369,0.018786083812107248,0.01846746102623398,0.018152873863593103,0.017842353937866196,0.01753592651015931,0.01723361090361188,0.01693542089646674,0.016641365094493873,0.01635144728364428,0.0160656667638115,0.015784018664427055,0.015506494242935362,0.015233081166692497,0.014963763779207774,0.014698523351422185,0.014437338318947222,0.01418018450456239,0.01392703533081976,0.013677862016426708,0.013432633763992527,0.01319131793529326,0.012953880217794221,0.012720284777446758,0.012490494407085214,0.01226447066223286,0.012042173989872324,0.011823563849022447,0.01160859882384448,0.011397236728996066,0.011189434709723285,0.010985149333551561,0.010784336677452678,0.010586952408699704,0.01039295186042344,0.0102022901021165,0.010014922005284536,0.009830802304644141,0.009649885654997725,0.009472126684110125,0.009297480041840236,0.009125900445407216,0.008957342722032581,0.0087917618474332,0.008629112982073974,0.008469351504323418
0.3086912751677852,0.0020795062380438542,0.002494335414419811,0.002961876350208329,0.0034836048188683737,0.004060320973006331,0.00469211801421613,0.005378370378968383,0.006117740886349467,0.006908205555801108,0.007747094212207594,0.008631144560505932,0.0095565671397088,0.010519118438381513,0.011514179463432635,0.012536837172036156,0.013581966383346881,0.01464431005801597,0.01571855613935737,0.016799409489786518,0.017881657777048865,0.018960230494852428,0.02003025059574043,0.02108707848297656,0.02212634834064691,0.02314399697658856,0.02413628551085521,0.025099814364594984,0.026031532093099514,0.02692873866567352,0.027789083827674744,0.028610561190595463,0.029391498688226027,0.030130546014635436,0.03082665962630369,0.031479085849362674,0.032087342577240295,0.03265120006359362,0.03317066102437061,0.03364594069091989,0.034077446810168305,0.034465760018818035,0.034811614736749256,0.035115880753277734,0.03537954563546868,0.035603698055613336,0.035789512106679744,0.0359382326499439,0.0360511617176975,0.036129645976551224,0.03617506524116831,0.036188822016771725,0.03617233203863136,0.03612701576923909,0.03605429080814123,0.0359555651653093,0.03583223134624283,0.03568566119549462,0.03551720144479819,0.035328169912278364,0.03511985230019742,0.03489349954010555,0.034650325636427795,0.034391505961244545,0.03411817595590378,0.0338314301922575,0.033532321790068494,0.03322186204616695,0.032901020420818834,0.03257072467032963,0.0322318612027115,0.03188527560772274,0.03153177330114013,0.031172120329794273,0.03080704424909148,0.030437235096088273,0.030063346428435056,0.029685996415407236,0.02930576897749503,0.02892321493538409,0.02853885320465979,0.028153171981078022,0.02776662993652617,0.027379657409725724,0.026992657588841833,0.026606007669855176,0.02622006002014664,0.025835143287742713,0.025451563509339543,0.025069605181016443,0.02468953230131357,0.024311589382851082,0.023936002432286975,0.023562979897125896,0.023192713579228252,0.02282537951467811,0.0224611388207814,0.022100138504823088,0.021742512251481785,0.021388381161706185,0.021037854471318153,0.020691030233238598,0.02034799596993001,0.020008829295559003,0.01967359850962221,0.019342363161230572,0.019015174587424053,0.018692076424084735,0.018373105091791946,0.018058290257098278,0.01774765527023679,0.017441217580196247,0.017138989128090604,0.016840976719734814,0.01654718237832107,0.0162576036780936,0.015972234059726108,0.015691063128556174,0.015414076936109269,0.015141258245928888,0.014872586784383952,0.01460803947719142,0.014347590672353859,0.01409121235018535,0.013838874321072801,0.013590544411593934,0.013346188639587109,0.013105771378754535,0.01286925551327515,0.012636602585381148,0.012407772920235765,0.012182725776671852,0.01196141944424902,0.01174381136700611,0.011529858246386018,0.011319516139668457,0.011112740552036485,0.010909486522591048,0.010709708704700551,0.010513361440954818,0.01032039883306319,0.010130774807925944,0.00994444317326392,0.009761357683944405,0.009581472084346386,0.009404740161754768,0.009231115790534067,0.009060552973849709,0.008893005881873835,0.008728428887525364,0.008566776599160997
0.3153288590604027,0.0022195223709867685,0.002655959075567171,0.0031466629340292443,0.0036929710678874237,0.004295518610833979,0.004954211672323374,0.005668220282454746,0.006435990542855245,0.007255274485106237,0.008123175569540555,0.009036207351143619,0.009990362600655426,0.010981190072920482,0.012003876158070113,0.01305332879814492,0.014124261284847159,0.015211273845731633,0.016308931253629484,0.017411835037017327,0.018514689209899935,0.019612358765035108,0.020699920473861277,0.021772705801927722,0.022826335979865962,0.023856749458351176,0.024860222129794142,0.025833380814587262,0.026773210592470887,0.027677056612160775,0.028542621039063108,0.029367955805874025,0.030151451817956632,0.03089182523868834,0.031588101287264345,0.03223959718049622,0.0328459014472169,0.03340685542280211,0.03392253240936989,0.0343932164889628,0.03481938288286552,0.035201677560859734,0.03554089783671603,0.03583797410052814,0.036093951300381615,0.036309972903833046,0.036487264762724556,0.03662712049761127,0.03673088792383749,0.036799956497470934,0.03683574592844935,0.036839695772592246,0.03681325606420057,0.03675787891418137,0.03667501102981657,0.036566087105183734,0.03643252402737205,0.03627571584369101,0.03609702943424241,0.03589780083498303,0.035679332157496246,0.035442889053682286,0.035189698675201796,0.03492094808028967,0.03463778304288648,0.03434130722174529,0.03403258165002731,0.033712624508399354,0.03338241114768455,0.03304287432953052,0.03269490465626515,0.032339351163551106,0.03197702205181677,0.031608685534652375,0.031235070784579714,0.030856868958356213,0.030474734286047335,0.030089285209596847,0.029701105558503443,0.029310745751134792,0.028918724012192087,0.028525527596869594,0.02813161401891834,0.027737412262214926,0.027343323993431597,0.0269497247478741,0.02655696509839299,0.02616537179936023,0.025775248903617126,0.025386878850084362,0.0250005235206189,0.024616425263895347,0.024234807886583037,0.02385587760999079,0.023479823992434305,0.023106820816941962,0.02273702694456553,0.02237058713298675,0.02200763282171242,0.021648282883513316,0.021292644343147097,0.02094081306412571,0.020592874404156247,0.02024890384002879,0.019908967563219707,0.019573123046699878,0.019241419584161108,0.018913898802539186,0.018590595149248934,0.01827153635215217,0.017956743862018034,0.017646233263841002,0.01734001467252608,0.017038093105148134,0.016740468833618648,0.016447137718141998,0.01615809152250835,0.015873318211879914,0.015592802233991997,0.015316524784525479,0.015044464057622022,0.014776595480838452,0.014512891939485652,0.014253323984373989,0.013997860029211176,0.013746466536627417,0.013499108192202807,0.013255748068476859,0.013016347778870072,0.012780867622313471,0.012549266718857038,0.012321503136883627,0.012097534012437247,0.01187731566038218,0.011660803679955232,0.011447953051539315,0.011238718228584058,0.011033053222901107,0.010830911684378658,0.010632246975340499,0.010437012239812275,0.01024516046807322,0.010056644556661503,0.009871417364159607,0.009689431763030497,0.009510640687395,0.009334997178005384,0.009162454422897821,0.008992965795645989,0.008826484890367086,0.008662965554001383
0.3219664429530201,0.0023631596265598852,0.002821435354336268,0.0033355010904598035,0.003906550101853471,0.004535048213519432,0.005220711164764445,0.005962502365150515,0.006758650056859886,0.007606682182588057,0.008503476713233702,0.0094453248139712,0.01042800402148064,0.011446858541708984,0.012496883853782769,0.013572812981105145,0.014669202048951824,0.015780513060087206,0.016901192163451307,0.018025742045405597,0.019148787421411885,0.020265132935045956,0.021369813071738946,0.022458133957916303,0.023525707144839522,0.02456847565878596,0.025582732748658844,0.026565133870500104,0.027512702524885045,0.028422830596228233,0.029293273969948956,0.03012214383145745,0.030907894776107298,0.03164930989951146,0.032345483739769525,0.03299580352323113,0.033599929221003993,0.03415777285451516,0.03466947743574154,0.03513539587421224,0.03555607013257712,0.03593221086511779,0.03626467772980865,0.03655446052472149,0.03680266126383587,0.03701047727568024,0.03717918538057672,0.037310127178437964,0.03740469545863499,0.03746432172706115,0.037490464830577504,0.0374846006487194,0.037448212813151895,0.0373827844087945,0.03728979060561376,0.03717069216676479,0.03702692977678584,0.036859919132698274,0.03667104674094199,0.03646166637045644,0.03623309606127064,0.03598661577321778,0.035723465395068675,0.03544484329498421,0.03515190522948047,0.03484576361439014,0.03452748711054398,0.03419810048885304,0.03385858473903897,0.03350987739156692,0.033152873023671765,0.03278842392228913,0.03241734088676205,0.032040394129446315,0.03165831428853198,0.03127179350171531,0.030881486545377885,0.030488012018626748,0.030091953560500026,0.02969386108887781,0.02929425205804944,0.028893612705734237,0.028492399317323662,0.028091039465906107,0.02768993324377336,0.027289454473789707,0.02688995189781148,0.02649175033890179,0.026095151834767235,0.025700436740317092,0.025307864797658355,0.024917676172376196,0.0245300924551377,0.02414531762810231,0.02376353899582684,0.02338492808060687,0.02300964148239589,0.02263782170361756,0.02226959793932527,0.021905086833353474,0.021544393200980453,0.021187610719161722,0.02083482258493867,0.020486102142805357,0.020141513491933247,0.01980111200767194,0.01946494497636096,0.019133052014941775,0.018805465605757066,0.01848221154991985,0.018163309406119647,0.017848772906438697,0.01753861035014609,0.017232824976419547,0.016931415316945097,0.01663437552916946,0.016341695711358812,0.016053362200016633,0.015769357850673495,0.015489662302786008,0.01521425222952419,0.014943101573189755,0.014676181766979615,0.014413461943781153,0.014154909132657793,0.013900488443656496,0.013650163241551272,0.013403895309042102,0.01316164500008232,0.012923371383731173,0.01268903237911375,0.012458584881941723,0.012231984883161486,0.012009187579421222,0.011790147478000366,0.011574818492878813,0.011363154036036419,0.011155107102108297,0.010950630347476628,0.010749676164020304,0.01055219674777791,0.010358144162925109,0.01016747040120377,0.009980127437152311,0.009796067279403105,0.00961524201791211,0.00943760386845637,0.009263105212744892,0.009091698636206775,0.00892333696251768,0.008757973285418982
0.3286040268456376,0.002510272848356905,0.0029906004071275187,0.00352820875838264,0.004124142538048486,0.0047786943775920635,0.005491386737494287,0.006260974515331008,0.00708546721937945,0.007962168809456893,0.008887732785633496,0.009858229764415031,0.010869224602433072,0.011915860104977461,0.012992944458559402,0.014095039732970664,0.015216549080021843,0.016351800588042427,0.01749512610997202,0.01864093374789539,0.019783773032086026,0.020918392164823302,0.022039786999618997,0.023143241689109376,0.024224361156840395,0.025279095510386523,0.02630375840218045,0.027295035329370044,0.028249990171265244,0.029166063005153613,0.03004106449671031,0.030873166032483856,0.03166088649107675,0.03240307629413659,0.03309889933423049,0.03374781331584409,0.034349549069395614,0.034904089071660274,0.03541164588972022,0.03587264053874815,0.036287681230371634,0.03665754267246348,0.036983146112441904,0.03726554026873329,0.037505883257863956,0.03770542559406852,0.037865494310791815,0.03798747822987045,0.03807281438492199,0.038122975588096145,0.03813945911663866,0.0381237764845034,0.038077444255973474,0.03800197585192722,0.03789887429489112,0.037769625836079034,0.03761569440598546,0.037438516829564845,0.03723949874739137,0.0370200111852886,0.036781387716518996,0.036524922163003716,0.03625186678399788,0.03596343090381244,0.0356607799327148,0.03534503473814222,0.035017271326286944,0.034678520797032826,0.03432976953808592,0.03397195962692328,0.03360598941185837,0.03323271424607806,0.032852947350888576,0.03246746078683605,0.03207698651325042,0.03168221751903222,0.031283809008981575,0.030882379632717893,0.030478512742302555,0.0300727576701801,0.02966563101602387,0.02925761793537722,0.028849173422661505,0.028440723584205574,0.02803266688405702,0.02762537539424209,0.027219195985681136,0.026814451516813022,0.026411441981308598,0.02601044562532385,0.025611720030243822,0.025215503160856273,0.024822014377328415,0.024431455410964652,0.02404401130341862,0.0236598513102574,0.023279129763140997,0.022901986908890403,0.02252854969619618,0.0221589325403857,0.021793238049101278,0.021431557715772834,0.021073972581133367,0.020720553862415447,0.020371363553800714,0.02002645499634765,0.01968587342014396,0.019349656459547896,0.01901783463970544,0.018690431844161134,0.01836746574993144,0.01804894824569653,0.01773488582530863,0.01742527996051423,0.017120127453443258,0.016819420769618194,0.016523148352746795,0.016231294921737152,0.01594384175104851,0.01566076693528922,0.015382045637466835,0.015107650325805771,0.014837550992911806,0.014571715364918147,0.014310109097112158,0.014052695958067112,0.013799438002701876,0.013550295734772788,0.013305228259522342,0.013064193426822525,0.012827147965440898,0.012594047608967814,0.01236484721317781,0.012139500867336755,0.011917961996411229,0.011700183458033727,0.01148611763252358,0.011275716507011528,0.011068931753907019,0.010865714804036586,0.010666016915881244,0.010469789233091479,0.010276982855113151,0.010087548880137322,0.009901438461504338,0.009718602853702407,0.00953899345587624,0.009362561851676273,0.009189259846510428,0.009019039501599246,0.008851853165335027
0.33524161073825504,0.002660716701423657,0.0031632914143185013,0.0037246062381216523,0.00434555279939765,0.00502624702405334,0.005766015520798704,0.0065634030721852255,0.007416199812344414,0.008321485999619545,0.00927569179787128,0.010274669171410707,0.011313772850401449,0.012387947334991302,0.013491817038418065,0.014619776903133836,0.01576608112902274,0.016924928003468565,0.018090539195984905,0.01925723225512908,0.020419485406528864,0.021571994086012906,0.022709718940900417,0.023827925294830653,0.024922214286709647,0.02598854607194742,0.027023255607933627,0.02802306164318895,0.028985069593055867,0.029906769018844797,0.030786026436642685,0.0316210741708023,0.03241049594004633,0.0331532098248541,0.03384844921631681,0.034495742294010166,0.035094890435908924,0.035645946598997724,0.0361491922287256,0.03660511604677463,0.037014391957056476,0.037377858022806625,0.03769649667966754,0.03797141462492775,0.038203825455557325,0.03839503215353949,0.0385464112445062,0.038659398055261286,0.03873547315622248,0.03877614997287788,0.03878296353826681,0.03875746034760308,0.038701189268707595,0.03861569345480168,0.038502503204537,0.03836312970853985,0.03819905962287496,0.03801175040839793,0.03780262637596416,0.03757307537866179,0.03732444609443896,0.03705804584430681,0.03677513889437459,0.03647694519254141,0.036164639493739235,0.03583935083050938,0.03550216228897329,0.03515411105295169,0.03479618868216041,0.034429341593125586,0.03405447171343773,0.033672437288752896,0.03328405380266688,0.03289009501542088,0.03249129407505883,0.0320883447003191,0.03168190241450557,0.0312725858177103,0.030860977885230383,0.030447627319237593,0.030033049682832862,0.029617729093203482,0.029202119159194025,0.0287866444651506,0.028371701811330592,0.02795766146822022,0.02754486840384059,0.027133643481168472,0.026724284623306407,0.02631706794470762,0.02591224884684749,0.02551006307757309,0.02511072775315272,0.024714442344024642,0.024321389620197816,0.023931736562987256,0.023545635236827296,0.023163223625563036,0.022784626432456368,0.02240995584540167,0.022039312266193038,0.02167278500821648,0.021310452959725758,0.020952385216341733,0.02059864168254717,0.02024927364363755,0.01990432430908421,0.019563829328827574,0.019227817280470336,0.018896310137360053,0.018569323705525994,0.018246868038814878,0.017928947835861075,0.017615562811084128,0.01730670804726884,0.017002374328491224,0.016702548454418084,0.016407213536986043,0.016116349280266153,0.015829932244566768,0.015547936093995683,0.015270331832902608,0.014997088024189146,0.014728170997907433,0.01446354504619086,0.014203172606697916,0.01394701443497641,0.013695029766239179,0.013447176467326166,0.01320341117913024,0.012963689450163173,0.01272796586179458,0.012496194144873352,0.012268327290448779,0.012044317651209243,0.011824117037833138,0.011607676808348791,0.011394947951618863,0.011185881165195748,0.010980426927796,0.010778535566846856,0.010580157321228077,0.010385242399587876,0.010193741034508853,0.010005603532401902,0.009820780320477115,0.009639221989149857,0.009460879331951128,0.009285703382021959,0.009113645445749895,0.008944657133669683
0.34187919463087246,0.0028143460790463577,0.0033393469383927975,0.003924516483610828,0.004570589323657739,0.0052775015099823215,0.006044381530681747,0.00686956270726245,0.007750615363292385,0.008684396484377067,0.00966711412258741,0.010694403520931105,0.01176141181806313,0.012862888238021486,0.013993276831436557,0.015146809095285175,0.01631759412573606,0.01749970432728094,0.018687255087681973,0.019874477212524725,0.021055781279549032,0.022225813410328133,0.023379502254798522,0.024512097244644506,0.025619198381234252,0.026696777996923365,0.027741195055818176,0.028749202651406278,0.0297179494155852,0.030644975581632664,0.03152820444733026,0.032365929968094974,0.03315680117840402,0.03389980409658618,0.034594241716001464,0.035239712630718394,0.03583608878292366,0.0363834927613892,0.03688227502128191,0.037332991238260976,0.03773638077078472,0.03809334430856176,0.03840492443560615,0.03867228567811445,0.03889669626693818,0.039079510966246817,0.03922215510676806,0.03932610983821202,0.03939289859581258,0.039424074761008496,0.03942121048338842,0.0393858866212533,0.03931968375062264,0.039224174187045956,0.039100914960877545,0.038951441684463295,0.038777263248729904,0.03857985728674252,0.038360666349688974,0.038121094686516026,0.037862505715912945,0.03758621989121642,0.037293513149716497,0.0369856157503805,0.036663711502687636,0.03632893733505073,0.03598238316460687,0.0356250920072262,0.03525806044871501,0.03488223898375858,0.03449853296379151,0.03410780335826812,0.0337108677659715,0.03330850151354201,0.03290143880777187,0.03249037398554639,0.032075962785772065,0.03165882366602322,0.031239539140665382,0.03081865713124825,0.030396692320569064,0.029974127502487978,0.029551414920529883,0.029128977591450275,0.028707210603166937,0.028286482392583412,0.02786713599032098,0.027449490235398555,0.02703384095577761,0.02662046211326576,0.02620960691167401,0.02580150886719795,0.025396382840568776,0.02499442603068688,0.024595818929734194,0.024200726239971566,0.023809297752609683,0.023421669189288834,0.02303796300690337,0.02265828916636758,0.022282745866523353,0.021911420243706528,0.021544389038329694,0.021181719229308,0.020823468637457373,0.020469686498936997,0.020120414009827337,0.0197756848429374,0.019435525637931318,0.019099956465854315,0.018768991269125034,0.018442638278043124,0.018120900404838772,0.017803775616291154,0.017491257285749087,0.0171833345304269,0.016879992502210707,0.01658121273011518,0.016286973353440544,0.015997249408224102,0.0157120130706748,0.015431233890814364,0.015154879012327333,0.014882913379391662,0.014615299931142037,0.01435199978442575,0.014092972405402528,0.013838175770712616,0.01358756651862459,0.013341100090809873,0.013098730865160564,0.01286041228035976,0.012626096951771455,0.01239573678151852,0.012169283059202101,0.011946686557615972,0.011727897621431834,0.011512866250061543,0.01130154217487042,0.011093874931047494,0.010889813924548132,0.010689308494251405,0.010492307969705286,0.010298761724739414,0.010108619226781714,0.00992183008343222,0.009738344084127397,0.009558111239764836,0.00938108181861129,0.009207206379488029,0.009036435802214186
0.34851677852348995,0.0029710164473823247,0.0035186072184222946,0.004127765329457827,0.004799064709367238,0.005532258680476042,0.006326275616474409,0.007179236259764178,0.008088490863091914,0.009050673762750453,0.010061771971743134,0.011117206176923612,0.01221191835319844,0.013340465399349213,0.014497114297492297,0.01567593663233519,0.01687090007031877,0.018075954857802865,0.01928511379632178,0.020492524545809854,0.021692533477815204,0.022879740639257472,0.024049045685737493,0.025195684897764397,0.02631525960224169,0.027403756486104963,0.0284575604115996,0.029473460428035395,0.03044864972310753,0.031380720284276076,0.032267653032070215,0.03310780417128773,0.03389988846726901,0.034642960108049216,0.03533639175808214,0.035979852351406515,0.036573284109061424,0.03711687920618316,0.03761105645376439,0.03805643830346404,0.03845382843115185,0.03880419010508128,0.03910862550134176,0.03936835608866559,0.039584704170090135,0.03975907563837275,0.03989294397568318,0.03998783550653198,0.040045315893496296,0.0400669778510486,0.04005443004028888,0.04000928709779128,0.039933160745770795,0.039827651923545745,0.03969434387968065,0.039534796160162804,0.039350539428424945,0.03914307105308932,0.038913851400536874,0.03866430077116267,0.03839579692078066,0.03810967311081788,0.03780721663443443,0.037489667768250426,0.0371582191036012,0.036814015212586634,0.0364581526097401,0.03609167997141601,0.03571559857898981,0.03533086295426852,0.034938381659899466,0.03453901824092738,0.03413359226835533,0.033722880498863614,0.03330761809178366,0.03288849989266565,0.032466181759869595,0.03204128192164554,0.03161438235297444,0.03118603016159998,0.030756738974632044,0.030326990318107615,0.029897234982990666,0.029467894372058327,0.029039361823001604,0.02861200390384658,0.02818616167747379,0.02776215193256025,0.027340268379314792,0.026920782807566403,0.02650394620721835,0.02608998984935699,0.02567912632791191,0.025271550562665713,0.024867440761323762,0.024466959340092742,0.0240702538167607,0.023677457648511337,0.02328869104577984,0.022904061744112837,0.022523665741485815,0.022147588000751246,0.02177590311876709,0.021408675962885378,0.021045962276097212,0.0206878092518983,0.020334256080453052,0.019985334464058403,0.01964106911239438,0.01930147820305232,0.018966573824045492,0.018636362390003054,0.018310845036215686,0.017990017991113903,0.017673872928140308,0.0173623972979321,0.017055574642025402,0.016753384888538565,0.016455804631262397,0.016162807391334674,0.015874363866900495,0.015590442163904213,0.015311008016380913,0.015036024992381799,0.014765454687738202,0.014499256908109836,0.014237389839854085,0.013979810210492261,0.01372647343912805,0.01347733377749047,0.013232344442173385,0.012991457737826296,0.012754625173979184,0.012521797572244194,0.01229292516801143,0.012067957704818041,0.011846844522507921,0.011629534639434357,0.011415976829053535,0.011206119692459937,0.01099991171830691,0.010797301357232666,0.010598237066228741,0.01040266736786779,0.010210540898326433,0.01002180645282075,0.009836413027214093,0.009654309856890628,0.009475446452282937,0.009299772631565565,0.009127238550646889
0.35515436241610737,0.003130584133731278,0.0037009144045920114,0.004334181660493313,0.0050307958063058565,0.005790324869215074,0.006611495362601073,0.007492214533131041,0.008429612453195406,0.009420101313245886,0.010459448864953407,0.01154286274399444,0.012665082361253029,0.01382047515302624,0.015003134204038848,0.016206974568166842,0.017425825981846305,0.01865352006741672,0.019883970534547584,0.02111124528849778,0.02232962972966136,0.023533680867341353,0.024718272170019803,0.025878629322605325,0.027010357267644714,0.028109459065285055,0.029172347223639584,0.03019584822946381,0.03117720105374319,0.03211405042301045,0.03300443563971371,0.03384677570889005,0.034639851487971,0.03538278552517527,0.03607502019526656,0.036716294678411185,0.03730662126576005,0.037846261412126596,0.03833570189556393,0.03877563138605053,0.03916691767185377,0.03951058574297432,0.03980779688664937,0.04005982891031216,0.0402680575726085,0.040433939272918405,0.040558995001774206,0.04064479570991767,0.04069294861715433,0.04070508520356514,0.04068285006960807,0.04062789107828313,0.0405418505669836,0.040426357591174474,0.04028302113364672,0.04011342420114377,0.039919118833905344,0.03970162168577378,0.03946241057174263,0.03920292145979517,0.03892454612382299,0.038628630308805124,0.03831647236768,0.037989322319548054,0.03764838128199056,0.03729480123395963,0.036929685068577946,0.036554086898742115,0.036169012581373,0.0357754204283211,0.03537422208172839,0.034966283509962996,0.03455242613158212,0.03413342801603471,0.033710025160958196,0.03328291282341551,0.03285274689145153,0.03242014528288419,0.031985689400162165,0.031549925351607826,0.03111336576956415,0.030676490819620927,0.030239749793018657,0.029803562437801665,0.029368320303927237,0.0289343880586094,0.028502104768866394,0.02807178514879065,0.027643720769771948,0.027218181232017614,0.026795415296589038,0.02637565197695939,0.025959101591280703,0.02554595677087662,0.025136393432503994,0.024730571707395125,0.024328636832039965,0.0239307199999799,0.02353693917547312,0.02314739987020408,0.022762195883796695,0.022381410009081427,0.022005114703667443,0.02163337272839501,0.02126623775414448,0.02090375493804814,0.020545961470745742,0.02019288709256264,0.01984455458958279,0.019500980254369527,0.01916217432882483,0.018828141420450247,0.01849888089636949,0.018174387255567966,0.017854650480581075,0.017539656369371968,0.017229386848480438,0.016923820268310664,0.016622931681674544,0.01632669310480444,0.016035073766541313,0.015748040338321397,0.015465557153865262,0.01518758641439148,0.014914088381670142,0.014645021559353004,0.014380342863104002,0.014120007780356363,0.013863970519988637,0.013612184152658378,0.013364600742305858,0.01312117146861066,0.012881846743194373,0.012646576316036625,0.012415309376535686,0.012187994647197886,0.011964580471140077,0.01174501489365631,0.011529245738141647,0.011317220676802499,0.011108887296334033,0.010904193158935191,0.010703085858963195,0.010505513075095658,0.010311422619430518,0.010120762481780383,0.00993348087135584,0.009749526254859933,0.009568847391584595,0.009391393365637662,0.009217113615479035
0.36179194630872485,0.0032929065636410015,0.0038861127436509955,0.004543597530284802,0.005265603757463138,0.006051511854451996,0.006899844951425077,0.007808296059787231,0.008773775090161934,0.00979247288805389,0.010859939092782697,0.011971170435229512,0.013120706083392632,0.01430272677743162,0.015511154747676939,0.016739751744727395,0.0179822129010689,0.019232254561543812,0.020483694642269717,0.021730524485379436,0.022966971556522935,0.024187552670773344,0.025387117731119804,0.02656088420723044,0.02770446278471017,0.0288138747667017,0.029885561920502877,0.0309163895338155,0.03190364348378046,0.03284502213235105,0.03373862384864554,0.034582930928086356,0.035376790633475805,0.03611939402792121,0.03681025313848042,0.0374491774977345,0.03803624903607005,0.03857179825408462,0.03905637951581383,0.039490747266770695,0.03987583291582966,0.04021272264511097,0.040502636295743494,0.04074690743792649,0.040946964699181305,0.041104314394657934,0.041220524478491706,0.041297209813118366,0.04133601870587608,0.04133862089349443,0.04130669628371764,0.04124192547538104,0.04114598092129829,0.04102051931468037,0.04086717491695099,0.040687553789472884,0.04048322886098234,0.04025573577085004,0.04000656937106519,0.03973718097837146,0.03944897605834909,0.03914331254158509,0.0388214995631674,0.03848479662659737,0.0381344131361631,0.0377715082559074,0.03739719105258101,0.037012520886564974,0.036618508016269466,0.036216114385021383,0.03580625456227164,0.03538979681367061,0.034967564277166456,0.03454033622449882,0.03410884938983948,0.03367379934939641,0.03323584193719619,0.032795594685018144,0.032353638274725066,0.03191051799370913,0.03146674518495108,0.031022798684208812,0.030579126240337044,0.030136145907127935,0.02969424741307774,0.029253793494747816,0.028815121197292026,0.028378543137726354,0.027944348729398102,0.027512805366504314,0.0270841595676226,0.02665863807780915,0.026236448929009018,0.025817782458823144,0.025402812287900076,0.024991696256414186,0.024584577320246753,0.024181584407698315,0.02378283323741279,0.023388427098829424,0.02299845759575788,0.022613005354552494,0.022232140697739523,0.021855924284799568,0.02148440771986714,0.02111763412988858,0.02075563871207783,0.0203984492518809,0.020046086621839737,0.019698565233513217,0.0193558934920317,0.019018074205953646,0.018685104982596783,0.018356978600057815,0.018033683358645244,0.017715203412360925,0.017401519081605997,0.01709260714795607,0.01678844113192831,0.016488991554519526,0.016194226183459653,0.01590411026484247,0.015618606740962035,0.01533767645505109,0.01506127834362583,0.014789369617026931,0.014521905928926644,0.014258841535243425,0.01400012944315241,0.01374572155063236,0.013495568777308896,0.01324962118613121,0.013007828098924569,0.01277013820206422,0.012536499646881182,0.012306860142656086,0.012081167043481889,0.011859367429176685,0.01164140818057265,0.01142723604961984,0.011216797724456374,0.011010039889838893,0.010806909283229298,0.010607352746385256,0.010411317273951157,0.010218750057194949,0.010029598525196517,0.009843810382419702,0.009661333643441466,0.009482116664481751,0.009306108172714283
0.3684295302013423,0.0034578424528106865,0.004074048716002423,0.004755848234529,0.0055033139983968835,0.006315636776664423,0.00719113499324748,0.008127286839626045,0.00912078219036462,0.010167591333779372,0.011263047178553849,0.0124019374477512,0.013578603391609384,0.014787041717067077,0.016021006710864892,0.01727410989265498,0.01853991494451494,0.019812026096032612,0.02108416857719578,0.02235026016578067,0.02360447323828139,0.024841287074054048,0.02605553045568604,0.02724241485228486,0.02839755866676086,0.02951700317549001,0.030597220893507533,0.03163511714508993,0.032628025792073204,0.03357369959567311,0.034470296625802976,0.035316362903843844,0.03611081236878942,0.03685290472197117,0.03754222177918517,0.03817864287338864,0.038762319785840764,0.03929365149543533,0.039773259944871964,0.040201964562843334,0.04058076002754149,0.04091079320632365,0.04119334196258974,0.041429795081266166,0.041621633501546206,0.0417704128943949,0.04187774759795452,0.04194529587090571,0.04197474665768303,0.04196780717009472,0.04192619232969393,0.04185161489289469,0.0417457770360029,0.04161036256118606,0.04144703060654304,0.041257409868531505,0.041043093819604304,0.04080563666801534,0.04054655001925003,0.040267300175031266,0.039969306008240536,0.03965393735586823,0.03932251387520436,0.038976304312103416,0.038616526133699286,0.0382443454814777,0.037860877404079736,0.03746718633256918,0.03706428676412665,0.03665314412321725,0.03623467577215089,0.035809752145863995,0.035379197988033455,0.03494379366833517,0.034504276562509914,0.0340613424797098,0.03361564712204876,0.0331678075647826,0.03271840374569242,0.03226797995438554,0.03181704631331903,0.031366080245469254,0.030915527909225086,0.030465805635920492,0.030017301298504065,0.02957037567527296,0.029125363765428354,0.028682576068211577,0.028242299821148918,0.027804800197417087,0.02737032146059371,0.026939088076864938,0.026511305784424635,0.02608716262117538,0.025666829904405823,0.02525046318303252,0.024838203129725043,0.024430176407113015,0.024026496488952564,0.023627264444052668,0.023232569683411315,0.02284249067000446,0.02245709559571451,0.022076443023088626,0.021700582495319476,0.021329555115407905,0.02096339409255073,0.02060212526682302,0.020245767596927873,0.01989433362861942,0.019547829935100413,0.019206257533808807,0.018869612280254043,0.018537885239785303,0.018211063038742932,0.017889128195515885,0.017572059432782238,0.017259831971979497,0.016952417809365992,0.016649785979189747,0.016351902797034898,0.0160587320918964,0.015770235423088082,0.015486372284261954,0.015207100295024919,0.014932375380728507,0.014662151941252942,0.014396383009171801,0.014135020398007847,0.013878014841189593,0.013625316121458066,0.013376873193544567,0.013132634296708686,0.012892547061461002,0.012656558608565165,0.012424615641496089,0.01219666453262288,0.011972651403485248,0.011752522200765845,0.011536222759177645,0.011323698879143296,0.011114896373477722,0.010909761129245795,0.010708239158008278,0.010510276643340168,0.010315819984308203,0.010124815836095974,0.009937211147103352,0.00975295319307991,0.009571989608421582,0.009394268415352363
0.3750671140939597,0.0036252519555182885,0.004264571132287449,0.004970772344607293,0.005743756219711998,0.006582522023224027,0.007485182328392018,0.008449000056380144,0.009470445260726127,0.010545268502687504,0.011668587341488177,0.012834982347954332,0.014038599101878362,0.015273252830628614,0.016532532652791,0.017809902773501373,0.019098798407010238,0.020392714649112048,0.021685286965293874,0.022970362381346674,0.02424206084725024,0.025494826587960907,0.02672346954301175,0.027923197238772554,0.029089637625357264,0.030218853551991606,0.03130734965260704,0.03235207247285489,0.033350404696177956,0.03430015432535186,0.035199539652733695,0.03604717081215389,0.03684202865193736,0.037583441573864264,0.0382710611886219,0.03890483661231901,0.03948498907530808,0.04001198605239064,0.040486515975678955,0.04090946357353147,0.04128188609775508,0.04160499061726479,0.04188011251193534,0.042108695261218985,0.042292271588107944,0.042432445989665384,0.04253087866144316,0.042589270801592964,0.04260935126488624,0.042592864523017956,0.04254155987780007,0.042457181865173894,0.04234146178466595,0.04219611028289977,0.042022810920019964,0.04182321464638493,0.0415989351178234,0.04135154477912099,0.04108257164796021,0.04079349673373133,0.04048575202926768,0.040160719016681015,0.0398197276321205,0.03946405563792827,0.03909492835431078,0.03871351870629747,0.03832094754528271,0.037918284207882125,0.03750654727811701,0.03708670552206508,0.036659678967040796,0.036226340100272675,0.03578751516438058,0.03534398552963877,0.034896489125008465,0.03444572191227554,0.033992339389010855,0.03353695810841226,0.03308015720516162,0.03262247991810233,0.03216443510176038,0.031706498719903276,0.03124911531536957,0.030792699451370087,0.030337637120245415,0.029884287116449137,0.02943298237112272,0.028984031246425315,0.02853771878783991,0.028094307933702923,0.027654040681133345,0.027217139208108147,0.02678380693640232,0.02635422964241192,0.025928576295949336,0.025507000161558928,0.025089639629257914,0.02467661909580043,0.02426804979095698,0.023864030564921784,0.02346464863790217,0.02306998031354958,0.022680091656914012,0.02229503913850007,0.021914870245576704,0.02153962406250865,0.021169331817907977,0.020804017410215984,0.020443697895660983,0.020088383957075448,0.019738080344382715,0.019392786291378857,0.019052495909318987,0.01871719855861768,0.01838687919948156,0.018061518722623328,0.01774109426099439,0.017425579483729428,0.017114944871492593,0.016809157979137613,0.016508183678686648,0.016211984389753988,0.015920520296782745,0.015633749551835358,0.015351628465505283,0.015074111686022792,0.01480115236727215,0.014532702326203411,0.01426871219034558,0.014009131536032948,0.013753909017029121,0.013502992486580429,0.013256329109140716,0.01301386546644194,0.012775547655797028,0.012541321381882204,0.012311132042266193,0.012084924806997825,0.011862644692703553,0.011644236631390317,0.011429645534342961,0.01121881635143568,0.011011694125722225,0.0108082240448043,0.010608351487155486,0.010412022065699739,0.010219181667622767,0.010029776491036329,0.009843753078631381,0.009661058348508628,0.009481639622329226
0.3817046979865772,0.0037949967783246752,0.004457531193024484,0.005188211706009319,0.005986764297217062,0.0068519950847946865,0.007781809806122276,0.008773255777666867,0.009822583518428551,0.010925324721166443,0.012076382963381252,0.013270133467823993,0.014500528305929159,0.015761203665015613,0.0170455861331827,0.018346995361440063,0.019658740909680797,0.02097421154419175,0.022286955706942273,0.023590752303800953,0.02487967134475609,0.02614812431262314,0.027390904421348127,0.0286032171637214,0.029780701730761985,0.03091944402106816,0.03201598205013838,0.03306730462286251,0.03407084415282339,0.035024464505150156,0.0359264447114168,0.03677545913699867,0.03757055640940885,0.03831113310264035,0.038996910601406094,0.039627907874109594,0.04020441531216661,0.04072696847488244,0.04119632229991074,0.04161342605567458,0.04197939925679637,0.04229550871365152,0.04256314684273804,0.04278381132556945,0.042959086170082476,0.04309062419957789,0.0431801309707178,0.04322935010098859,0.043240049970997424,0.04321401175356764,0.04315301871201605,0.04305884670278549,0.04293325581266101,0.042777983057753,0.042594736069978545,0.04238518769663639,0.04215097144731229,0.04189367766248889,0.04161485049647024,0.04131598537875766,0.040998527160453165,0.04066386872462706,0.040313350059219086,0.039948257731851365,0.039569824720216244,0.039179230551900195,0.03877760171394353,0.03836601229451786,0.037945484822842185,0.03751699127657317,0.03708145422888793,0.036639748110352546,0.036192700563093046,0.03574109386741187,0.03528566642320391,0.03482711427023651,0.034366092634029094,0.03390321748480076,0.03343906709931316,0.032974183616459304,0.0325090745788459,0.03204421445375687,0.03158004612791545,0.031116982371442493,0.0306554072671231,0.03019567760195054,0.02973812421850574,0.029283053324274874,0.028830747757617247,0.028381468209398828,0.027935454399799702,0.027492926210080655,0.02705408476939403,0.026619113496848208,0.026188179100188187,0.025761432529306075,0.025339009889645086,0.02492103331212784,0.024507611783496388,0.0240988419371006,0.023694808805323177,0.023295586546428163,0.02290123907001374,0.022511820791777933,0.02212737713718894,0.02174794517691416,0.021373554166371628,0.021004226066982087,0.020639976039471875,0.020280812910453555,0.0199267396134835,0.019577753605790175,0.019233847261656344,0.018895008243873093,0.018561219853981435,0.018232461362543768,0.017908708320364154,0.017589932851620135,0.017276103929821315,0.016967187637473437,0.016663147410289916,0.016363944266757365,0.016069537023825967,0.015779882499473222,0.015494935702775041,0.01521465001229496,0.014938977343278998,0.014667868304355408,0.014401272344287366,0.014139137889462812,0.013881412471750397,0.013628042849882479,0.013378975120409788,0.013134154823093823,0.012893527038513437,0.012657036479169737,0.012424627574352951,0.012196244549075662,0.011971831497546678,0.011751332451350247,0.011534691442742837,0.011321852563381871,0.011112760018327138,0.010907358176890444,0.010705591618383708,0.010507405175191544,0.010312743972069984,0.01012155346231675,0.009933779460944838,0.009749368175047455,0.009568266231496935
0.3883422818791946,0.003966940258357278,0.004652782515515748,0.005408011405948838,0.006232176194072468,0.007123888387621503,0.008080846044168713,0.009099880639944142,0.010177023502677737,0.011307588329845719,0.012486266060500285,0.013707228313291294,0.014964235721790028,0.01625074775467008,0.01756003096768165,0.01888526306229806,0.02021963059053143,0.02155641861989563,0.022889091134091454,0.024211361376741257,0.02551725173506305,0.02680114309998144,0.02805781392499504,0.029282469437401027,0.030470761634150738,0.031618800824242003,0.032723159565060604,0.03378086988712853,0.03478941471607011,0.03574671438831498,0.03665110912361619,0.037501338268059424,0.038296517059898005,0.03903611160376627,0.03971991266452693,0.04034800882036804,0.04092075944133269,0.041438767889966595,0.04190285527488623,0.04231403502704342,0.04267348851277951,0.04298254184771103,0.043242644031118466,0.043455346448086137,0.04362228402224375,0.043745157331794814,0.04382571686157916,0.04386574818929022,0.04386705877259983,0.043831466049382484,0.04376078682314149,0.043656827839163144,0.04352137766181564,0.04335619922777408,0.043163023914822386,0.042943546133624,0.04269941891706115,0.04243225025073585,0.042143600100682264,0.04183497807075054,0.04150784162621839,0.04116359482358391,0.04080358749045701,0.04042911480335428,0.040041417215084536,0.039641680687220016,0.0392310371868471,0.038810565410341835,0.03838129170031085,0.037944191124996626,0.03750018869264405,0.03705016067584479,0.036594936023803384,0.036135297842691066,0.03567198492690179,0.03520569332486416,0.03473707792738534,0.034266754065182835,0.033795299106257636,0.033323254043960304,0.03285112507024181,0.03237938511356342,0.03190847537839449,0.03143880681132698,0.030970761560650855,0.03050469438405607,0.030040934016742668,0.029579784495269414,0.029121526437073417,0.028666418273960978,0.028214697439599794,0.027766581510794648,0.027322269303741605,0.026881941918715607,0.026445763754705268,0.026013883459983587,0.025586434854328134,0.025163537803008264,0.024745299050849445,0.024331813016038716,0.023923162546170086,0.023519419635237435,0.0231206461067463,0.022726894260543362,0.022338207486913883,0.021954620848537318,0.02157616163172286,0.021202849868223666,0.020834698828906876,0.020471715490529063,0.020113900976837053,0.019761250975211374,0.019413756129792802,0.01907140241278228,0.018734171474036915,0.018402040971108344,0.018074984879817173,0.017752973786823546,0.017435975164956978,0.01712395363221532,0.01681687119528212,0.016514687478374857,0.01621735993820078,0.015924844065775972,0.015637093575727432,0.015354060586859612,0.015075695773982222,0.014801948553042801,0.014532767197935191,0.014268098991706845,0.014007890351391019,0.013752086947394762,0.013500633814996584,0.013253475458402544,0.013010555947785774,0.01277181900971244,0.012537208111344726,0.012306666540001303,0.012080137469598878,0.011857564041022136,0.011638889412059735,0.01142405682168163,0.011213009642730677,0.011005691431679414,0.010802045974104075,0.010602017327182908,0.010405549858485848,0.010212588281651279,0.010023077689085693,0.009836963581839319,0.009654191896903454
0.3949798657718121,0.00414094741234458,0.004850181131693465,0.005630019713654602,0.006479833838634351,0.0073980391050743124,0.008382125171516215,0.009428707522890404,0.010533598680922684,0.01169189522409098,0.012898076761957065,0.014146112985197641,0.015429575063011331,0.016741747945424122,0.018075740513200773,0.01942459096769971,0.020781365334740343,0.022139247443846603,0.0234916192146496,0.02483213051788546,0.026154758271727332,0.02745385477036023,0.02872418547809121,0.02996095713631591,0.031159835845646782,0.032316957626170706,0.03342893064175193,0.03449283103222742,0.03550619294720854,0.03646699374559964,0.037373635238048285,0.03822492179522082,0.03902003608110711,0.03975851309790596,0.040440213155105466,0.04106529429928897,0.04163418466708544,0.042147555153388264,0.042606292717575614,0.043011474594170374,0.04336434361174792,0.04366628477905387,0.04391880325034198,0.04412350374413685,0.04428207145617411,0.044396254479945635,0.04446784772382197,0.04449867829570703,0.04449059231037162,0.04444544306301564,0.04436508050346762,0.04425134193961311,0.04410604389391164,0.043930975035082045,0.043727890106055614,0.04349850476990009,0.04324449129682945,0.04296747501810013,0.042669031474977415,0.042350684194851815,0.0420139030300238,0.041660102998541976,0.04129064357086394,0.040906828349342575,0.040509905092514335,0.04010106603927335,0.03968144849218089,0.03925213562266188,0.03881415746429533,0.038368492063619655,0.037916066761078705,0.037457759574971085,0.03699440068284386,0.03652677393174454,0.03605561844184926,0.03558163020623046,0.03510546372285908,0.034627733630612376,0.03414901634167424,0.0336698516615117,0.03319074439019706,0.03271216589543303,0.032234555657783305,0.03175832277811594,0.031283847447190725,0.0308114823733966,0.03034155416711996,0.029874364653523503,0.029410192293204185,0.028949293171573184,0.028491902452631564,0.028038235401696875,0.027588488514532085,0.02714284057434606,0.026701453662942916,0.02626447412694358,0.025832033499920578,0.025404249381823826,0.024981226276666737,0.02456305638964401,0.024149820385424473,0.023741588108455624,0.023338419266938394,0.022940364081747797,0.02254746390219832,0.02215975178639485,0.02177725305837767,0.021399985825284837,0.021027961473937457,0.02066118513725827,0.020299656135404742,0.019943368392195387,0.019592310828207133,0.019246467731463667,0.018905819106925018,0.018570341005794574,0.01824000583591542,0.017914782652440998,0.017594637435076426,0.01727953334384575,0.016969430963180848,0.016664288529787106,0.016364062146847918,0.01606870598512883,0.015778172471427505,0.015492412465550252,0.015211375425918114,0.014935009564755703,0.014663261993455282,0.014396078857811204,0.014133405466279217,0.01387518640738003,0.013621365661101632,0.01337188670212197,0.01312669259615397,0.012885726089699467,0.01264892969354518,0.01241624576047136,0.012187616557390497,0.011962984332320643,0.011742291376532802,0.011525480081739821,0.011312492993879198,0.01110327286161762,0.010897762681952743,0.010695905741864579,0.010497645656660844,0.010302926382196348,0.010111692361917954,0.009923888327403206,0.009739459550982916
0.4016174496644295,0.004316884958674678,0.005049585460210172,0.0058540879970279515,0.006729582981227073,0.0076742889517710695,0.00868548655894349,0.009759575215019859,0.010892149051535455,0.012078088396340992,0.013311662795447828,0.014586641613180166,0.015896408426208732,0.017234075741865227,0.018592596981719153,0.019964873142109603,0.02134385204189586,0.0227226185670875,0.024094474800868286,0.025453009367202427,0.02679215571181669,0.028106239378289367,0.02939001438861669,0.030638690906703556,0.03184795006278452,0.03301395487148709,0.03413335007785186,0.035203256737501146,0.03622126087105165,0.03718539735788138,0.0380941299600495,0.03894632830827514,0.03974124261491911,0.040478476802469354,0.04115796065997102,0.041779921561415134,0.042344856204524856,0.04285350275610247,0.043306813722511425,0.04370592980172107,0.044052154917055504,0.04434693258255749,0.044591823705661976,0.0447884859102229,0.04493865430434796,0.04504412403000345,0.04510673402838109,0.04512835249878779,0.045110863933390706,0.0450561569924474,0.04496611444256359,0.04484260377544873,0.044687469212843306,0.04450252475544699,0.04428954823213814,0.04405027626927635,0.043786400101593806,0.04349956214915209,0.04319135327777344,0.04286331074155737,0.042516916540032305,0.04215359646608894,0.04177471945008591,0.04138159735065213,0.040975485074948796,0.04055758099396989,0.04012902761177263,0.03969091245146116,0.03924426912420264,0.038790078550828486,0.03832927030876374,0.03786272407966982,0.037391271176102504,0.0369156961278332,0.03643673831064677,0.0359550936027973,0.03547141605581668,0.03498631956839293,0.034500379552853164,0.034014134589940986,0.03352808805236467,0.033042709711665015,0.03255843730283173,0.032075678054847914,0.03159481017977106,0.031116184318304416,0.030640124939921493,0.03016693169602921,0.02969688074854024,0.029230225910504143,0.028767200086903828,0.028308016201942142,0.027852868426997014,0.027401933221574398,0.02695537035080157,0.0265133238572241,0.026075922987782888,0.02564328307747856,0.025215506390701286,0.024792682921417383,0.024374891154181864,0.023962198786628402,0.023554663415300867,0.023152333186082227,0.022755247410647814,0.022363437150337184,0.021976925768821404,0.0215957294549197,0.021219857716892575,0.02084931384950595,0.02048409537515245,0.020124194460107173,0.019769598307403012,0.019420289527147805,0.019076246485584127,0.018737443633888993,0.018403851818028664,0.018075438568741855,0.01775216837824538,0.017434002955205592,0.017120901468160768,0.01681282077264103,0.016509715624640448,0.016211538880862103,0.01591824168658245,0.01562977365167882,0.015346083015549463,0.015067116801516896,0.014792820961435598,0.01452314051013648,0.014258019653008604,0.013997401902598619,0.013741230189324239,0.01348944696398006,0.013241994293386527,0.012998813949463426,0.012759847492053273,0.012525036345988906,0.012294321872591413,0.012067645436026163,0.011844948464852031,0.0116261725086019,0.01141125929103933,0.011200150758064785,0.01099278912280113,0.010789116906717975,0.010589076977469834,0.010392612583587943,0.010199667386224314,0.010010185488097878,0.009824111459900909
0.40825503355704695,0.004494621315486513,0.005250856255721949,0.0060800706183766,0.006981273032836042,0.007952483962814911,0.008990774537538526,0.010092328072700342,0.011252520744553568,0.0124660174814041,0.013726878980948338,0.015028675802452363,0.016364605696387754,0.017727610677129677,0.019110490780802614,0.02050601194057093,0.02190700592745754,0.0233064608155099,0.02469760091703488,0.02607395557705844,0.027429416613754257,0.028758284523085768,0.03005530384617121,0.03131568831370638,0.03253513654449014,0.03370983918655795,0.0348364784562641,0.0359122210592451,0.036934705473806125,0.0379020245487915,0.03881270431983852,0.03966567988452522,0.04046026910675324,0.04119614484051857,0.04187330628511231,0.042492050003064476,0.043052941055062285,0.0435567846326082,0.04400459850078552,0.04439758650082825,0.04473711330564421,0.045024680571146766,0.04526190458216483,0.04545049545334392,0.04559223791358635,0.04568897367436255,0.045742585360599886,0.04575498196425981,0.0457280857665452,0.04566382066374796,0.04556410182377338,0.04543082659493449,0.04526586658530529,0.04507106082941265,0.0448482099590131,0.04459907129587397,0.044325354786496206,0.04402871969216836,0.04371077202866957,0.04337306248083288,0.043017085067942766,0.04264427615645707,0.042256013960507426,0.04185361846012971,0.041438351543857325,0.0410114175879248,0.040573964174099475,0.04012708306740925,0.03967181133929497,0.039209132701463714,0.03873997887622939,0.03826523112600365,0.03778572183214042,0.03730223613359165,0.03681551360362977,0.036326249950972694,0.03583509873127991,0.03534267305851413,0.034849547306313164,0.034356258791174404,0.033863309430480125,0.0333711673695187,0.032880268572697095,0.032391018374963096,0.03190379299018404,0.0314189409745116,0.030936784641972328,0.030457621432053432,0.029981725227675796,0.029509347623484207,0.02904071914429281,0.028576050413923058,0.028115533274916504,0.027659341859814564,0.027207633614909403,0.026760550277457884,0.0263182188074613,0.02588075227548272,0.02544825070738758,0.025020801887839898,0.02459848212365595,0.024181356968571596,0.02376948191084347,0.023362903025134503,0.02296165759012509,0.02256577467327668,0.02217527568415456,0.02179017489769079,0.02141047994873895,0.02103619229923707,0.02066730767928989,0.020303816503228676,0.01994570426222417,0.019592951894317166,0.01924553613280751,0.018903429834797304,0.018566602289986335,0.018235019511494917,0.01790864450918034,0.017587437546578853,0.017271356382276292,0.01696035649654768,0.01665439130407246,0.01635341235339677,0.016057369514040316,0.015766211151735845,0.015479884292277707,0.015198334776638525,0.01492150740170579,0.014649346057599901,0.014381793851700582,0.014118793226126095,0.013860286067061503,0.013606213806684858,0.013356517518118793,0.013111138003822074,0.012870015877740407,0.012633091641731823,0.0124003057564235,0.012171598706950178,0.011946911063902834,0.01172618353931278,0.011509357039358252,0.011296372711696747,0.01108717199002255,0.010881696634666909,0.010679888769929455,0.010481690918283403,0.010287046031617434,0.010095897519769486,0.009908189276437284
0.41489261744966444,0.004674026577409797,0.005453856538150552,0.006307824811959289,0.007234756888026132,0.008232474260632207,0.009297838108791121,0.010426815674211444,0.011614565621760086,0.012855538305538232,0.01414358673269916,0.015472084093449082,0.01683404396936002,0.018222239703873527,0.019629319879161212,0.02104791735496091,0.022470749855805352,0.023890710615929574,0.025300948083992837,0.026694934140687222,0.02806652067484501,0.02940998470004379,0.030720062465945615,0.031991973231631145,0.03322143352609361,0.034404662821720326,0.035538381616789974,0.03661980293344325,0.03764661823816662,0.03861697875306247,0.039529473074452204,0.040383101948010466,0.041177250975358154,0.041911661943959434,0.04258640339165366,0.04320184093427526,0.043758607806336405,0.04425757598983158,0.04469982823764435,0.04508663123411729,0.04541941007915876,0.045699724231620366,0.04592924500379325,0.0461097346607262,0.046243027146616454,0.04633101039310903,0.04637561045870496,0.04637877662644712,0.046342468780755965,0.046268645581924506,0.04615925442110455,0.04601622210094838,0.04584144735993604,0.04563679399101587,0.0454040851674422,0.045145098659111385,0.04486156289105734,0.044555153765945446,0.04422749217545194,0.04388014213005856,0.0435146094404136,0.04313234088883704,0.0427347238320603,0.042323086183023856,0.041898696721959706,0.04146276569207996,0.04101644563890658,0.04056083245416804,0.040096966604241384,0.03962583447235571,0.03914836985521241,0.03866545551969532,0.03817792485608548,0.03768656354379201,0.03719211130067683,0.03669526361559392,0.036196673502935726,0.03569695325105596,0.035196676157470304,0.03469637824323029,0.03419655994038007,0.03369768774115985,0.033200195816828496,0.03270448758798021,0.03221093725260175,0.03171989126677869,0.03123166977578064,0.030746567995789155,0.030264857544364244,0.02978678771998401,0.02931258673050728,0.028842462871999958,0.028376605650923002,0.027915186873209652,0.027458361663321197,0.027006269452230797,0.026559034912657598,0.026116768851681085,0.02567956905745348,0.025247521107197378,0.024820699132313915,0.024399166545411324,0.02398297672964525,0.023572173692548312,0.023166792682080706,0.022766860777596033,0.022372397438433562,0.021983415030269744,0.02159991931936969,0.021221909939840737,0.020849380834555457,0.020482320671182944,0.020120713234373987,0.019764537795365873,0.019413769460112543,0.019068379497292384,0.018728335645403247,0.01839360240544964,0.018064141311007705,0.017739911185758524,0.01742086838386264,0.01710696701584666,0.016798159160554355,0.01649439506339074,0.01619562332481194,0.01590179107048107,0.01561284411892545,0.01532872713237316,0.015049383759483493,0.014774756770205595,0.014504788179265132,0.014239419363243832,0.013978591169053343,0.01372224401514839,0.013470317937391925,0.013222752918702122,0.012979488486653446,0.012740464273135797,0.012505619842631483,0.012274894805785037,0.01204822887937368,0.011825561942659678,0.011606834088233271,0.01139198566977739,0.011180957345686913,0.010973690119214922,0.010770125375297859,0.010570204914269923,0.010373870983334295,0.01018106630110062,0.009991734090123874
0.42153020134228186,0.004854972473328027,0.0056584515040207645,0.006537210545633378,0.0074898907344731775,0.00851411381061876,0.009606530647379515,0.0107628924702662,0.01197814087710029,0.013246512439889167,0.014561653569601625,0.01591674143364507,0.01730460699044246,0.018717856605207677,0.020148989195529956,0.021590506386639275,0.02303501370252154,0.024475311353059397,0.025904473676951718,0.02731591675553922,0.02870345410481521,0.03006134068838978,0.03138430576247449,0.03266757527242679,0.03390688467126714,0.035098483129912206,0.0362391301633263,0.03732608571303423,0.03835709471177559,0.03933036711684762,0.04024455434027675,0.04109872293429237,0.041892326309682586,0.04262517518205479,0.04329740735536494,0.04390945736854537,0.04446202645063689,0.04495605315415512,0.045392684966478324,0.04577325113541403,0.04609923688808395,0.04637225917189666,0.04659404397952937,0.0467664054659954,0.046891226390636996,0.04697044067750096,0.04700601725670478,0.04699994558013549,0.04695422286520554,0.046870842182394325,0.04675178269625925,0.046599000584960915,0.046414421384885704,0.046199933394170126,0.045957382087321995,0.04568856545509149,0.045395230186827125,0.04507906861529714,0.04474171634839959,0.044384750516069306,0.04400968856526094,0.04361798754021438,0.04321104379012552,0.042790193050373626,0.04235671084821295,0.04191181318788483,0.041456657474211046,0.04099234363757261,0.04051991542677898,0.04004036183987707,0.039554618665842874,0.03906357011334064,0.03856805050522068,0.038068846020168946,0.0375666964648222,0.03706229710944542,0.03655630024396946,0.03604931743544314,0.03554192082473921,0.035034645107633926,0.03452798920191197,0.034022417925653116,0.03351836363496413,0.033016227817581977,0.03251638263947776,0.03201917244248165,0.031524915191111585,0.03103390386785977,0.03054640781590542,0.03006267403120126,0.02958292839785843,0.029107376877634965,0.02863620664383673,0.0281695871667212,0.02770767124927231,0.027250596015803367,0.026798483851487247,0.026351443299766006,0.02590956991312331,0.025472947062754586,0.025041646706831025,0.02461573011944601,0.024195248581646723,0.02378024403664944,0.023370749706863893,0.02296679068587692,0.02256838448742944,0.022175541572252478,0.02178826584250296,0.02140655510906954,0.02103040153237928,0.02065979203824844,0.02029470870973293,0.01993512915633028,0.01958102686162373,0.019232371510765477,0.01888912929687377,0.01855126321323455,0.018218733322523488,0.017891497013695,0.017569509241600195,0.017252722752113498,0.016941088293312485,0.01663455481335679,0.016333069646066355,0.016036578684564547,0.015745026543881727,0.015458356713129688,0.015176511697020386,0.014899433150033704,0.01462706199906281,0.014359338559797688,0.014096202644461483,0.013837593662309154,0.013583450713189987,0.013333712674524007,0.013088318282203458,0.012847206205634423,0.012610315117358812,0.012377583757614387,0.012148950993675831,0.011924355875672333,0.011703737686812044,0.011487035990615062,0.011274190673992705,0.011065141986871928,0.010859830578514638,0.01065819753074152,0.01046018438821833,0.010265733186075245,0.010074786474918338
0.42816778523489935,0.005037332307319893,0.005864508422407534,0.00676809036874841,0.007746533850941903,0.008797260169213441,0.009916709598173392,0.011100417432092212,0.01234310863819406,0.013638806758652228,0.014980952633995076,0.016362528661641812,0.01777618460853503,0.019214361424243563,0.02066941000915727,0.02213370244338894,0.023599733743086607,0.02506021275595639,0.02650814131364398,0.027936881218274243,0.02934020903194206,0.03071235897243337,0.03204805448266989,0.03334252924506388,0.034591538557123575,0.035791362077871404,0.03693879900290084,0.03803115673604545,0.03906623410531133,0.040042300126250575,0.04095806925261579,0.04181267398083621,0.042605635589799275,0.04333683371240306,0.044006475347020575,0.04461506383163536,0.045163368221504026,0.045652393434454284,0.04608335145724716,0.046457633842357716,0.04677678566730136,0.04704248107824664,0.04725650049594632,0.04742070952440202,0.047537039571936,0.047607470166988713,0.04763401293104193,0.04761869715358318,0.047563556901341904,0.04747061958445868,0.047341895895616944,0.0471793710339971,0.046984997123813675,0.046760686726335814,0.04650830743767,0.04622967719522452,0.0459265608210939,0.045600666857517375,0.045253645465336036,0.044887086732470605,0.04450251959153723,0.044101411208352134,0.04368516679421187,0.04325512978604012,0.042812582346235244,0.04235874613673674,0.04189478332641362,0.041421797794721875,0.0409408364982488,0.0404528909702844,0.03995889892655398,0.0394597459534338,0.038956267257683815,0.03844924945882116,0.03793943240848213,0.03742751102203437,0.036914137110533395,0.036399921202360776,0.03588543434555699,0.03537120988322946,0.034857745195647646,0.034345503403798605,0.03383491503003432,0.03332637961244541,0.0328202672702971,0.03231692021849254,0.03181665422975714,0.031319760043567804,0.030826504721440173,0.03033713294849388,0.02985186828156357,0.02937091434424744,0.028894455960127203,0.02842266029606465,0.027955677799766085,0.027493643297809272,0.02703667688864799,0.026584884852711294,0.026138360507585987,0.025697185032524945,0.025261428177494355,0.024831149117548905,0.024406397022073374,0.02398721177248752,0.023573624570741004,0.023165658526528254,0.022763329212373815,0.02236664518804872,0.02197560849574109,0.021590215127391368,0.02121045546536056,0.020836314698085466,0.02046777321157488,0.020104806958194124,0.019747387803813517,0.01939548385444254,0.019049059763414523,0.018708077020141333,0.01837249422141365,0.018042267326178772,0.017717349894685725,0.017397693312859012,0.017083247002631353,0.016773958619163577,0.016469774235511766,0.01617063851554062,0.01587649487570892,0.015587285636505077,0.01530295216312353,0.015023434998937688,0.014748673987336048,0.014478608387386304,0.014213176980837173,0.01395231817190142,0.01369597008011841,0.01344407062663939,0.013196557614469277,0.012953368802849504,0.012714441976245197,0.012479715008289078,0.01224912592050264,0.012022612937561692,0.011800114536917098,0.011581569495491665,0.011366916932219119,0.01115609634714749,0.010949047657253142,0.01074571122917399,0.010546027909020442,0.010349939049536785,0.01015738653466483
0.43480536912751677,0.005220980884735969,0.006071896517132876,0.007000329248023271,0.008004548395407367,0.009081774223387561,0.010228236168693535,0.011439253697981403,0.012709335569498846,0.014032293002146347,0.015401362218375509,0.016809332002370694,0.018248672244635132,0.019711659910919374,0.02119049939019932,0.022677434758620822,0.024164852066195293,0.025645370309798625,0.02711192026997537,0.02855781084835625,0.029976782938575454,0.031363051192596476,0.03271133430653703,0.03401687464833018,0.03527544818900443,0.036483365786532655,0.03763746691313756,0.03873510692124815,0.0397741389171531,0.04075289126166247,0.04167014164931337,0.04252508864010939,0.043317321429150936,0.04404678855180639,0.04471376613119674,0.04531882618756713,0.045862805445761545,0.046346774999229366,0.04677201111759702,0.04713996742033659,0.047452248581644145,0.04771058568128008,0.047916813272305514,0.048072848200213375,0.0481806701757287,0.04824230407884444,0.04825980395042494,0.04823523861154288,0.048170678838251366,0.04806818601041467,0.04792980214702753,0.047757541236708875,0.04755338177035034,0.047319260382878855,0.04705706651243878,0.04676863798761745,0.04645575745696495,0.04612014957827221,0.045763478890038074,0.04538734829178533,0.0449932980554849,0.04458280536946249,0.04415728416091461,0.04371808546798546,0.043266497986798054,0.042803748943334406,0.042331005184197884,0.04184937445849579,0.04135990685771114,0.04086359638356635,0.040361382617441204,0.039854152467656855,0.039342741974111646,0.03882793815097852,0.03831048085304307,0.03779106465013879,0.03727034069860031,0.036748918598678584,0.0362273682342259,0.03570622156306486,0.03518597441312595,0.03466708818654762,0.03414999154083194,0.033635082090882965,0.03312272785443757,0.032613268921856814,0.03210701886420531,0.03160426616953835,0.031105275610341755,0.030610289555938607,0.030119529231363847,0.02963319591558401,0.029151472103226564,0.028674522592073,0.02820249553631401,0.027735523443566584,0.027273724125088817,0.02681720159910153,0.026366046949325202,0.0259203391399225,0.02548014578863388,0.025045523899680094,0.024616520558050217,0.02419317358677742,0.0237755121687834,0.02336355743484636,0.02295732301921577,0.022556815584360256,0.0221620353162953,0.021772976391926834,0.02138962741956189,0.02101197185435383,0.020639988389426978,0.020273651324230434,0.019912930911176293,0.019557793681700537,0.019208202752821465,0.01886411811522455,0.01852549690385706,0.01819229365197204,0.017864460529517404,0.017541947566739814,0.01722470286371975,0.016912672790012902,0.016605802152539876,0.016304034399648355,0.01600731175017773,0.015715575359908456,0.015428765459006413,0.015146821483291292,0.014869682196747893,0.01459728580571052,0.014329570065302926,0.014066472378490475,0.013807929888244357,0.01355387956313588,0.013304258276917407,0.013059002882246188,0.012818050279036463,0.012581337477784631,0.012348801657683024,0.012120380221308359,0.011896010843664066,0.01167563151832875,0.011459180599457655,0.011246596840365409,0.011037819428840374,0.0108327880193607,0.010631442762485148,0.010433724331502046,0.010239573946601981
0.4414429530201342,0.005405794425157402,0.006280486837058064,0.007233794393076381,0.008263799184923083,0.009367519924608393,0.010540975017983659,0.011779268219008867,0.013076692477506691,0.01442684734483951,0.015822765301260547,0.017257042573081437,0.018721970373698407,0.020209662984736126,0.021712179648328736,0.023221637830823566,0.02473031600867852,0.02623074469160041,0.0277157849204816,0.029178693937389217,0.030613178123056035,0.0320134336232232,0.03337417534378398,0.034690655187881315,0.035958670541780015,0.03717456409738882,0.03833521613502067,0.03943803038832284,0.04048091458152043,0.04146225667408003,0.042380897775687106,0.04323610261278124,0.04402752833564248,0.04475519236469956,0.04541943988125981,0.04602091147941466,0.04656051140920746,0.047039376766117406,0.04745884790510584,0.04782044020036455,0.048125817980185386,0.04837676872937483,0.048575180982259256,0.04872302257527719,0.04882232127048979,0.048875147050025936,0.04888359612835539,0.04884977661757683,0.048775795769126246,0.04866374870623953,0.048515708556314145,0.048333717888539546,0.04811978136108062,0.047875859482378685,0.04760386339282134,0.047305650575688446,0.046983021410126356,0.04663771648242174,0.04627141457703147,0.04588573127306188,0.04548221807761951,0.045062362031081875,0.04462758572594159,0.0441792476843695,0.04371864304497911,0.04324700451355782,0.04276550353680867,0.04227525166211702,0.041777302050298386,0.04127265111146677,0.0407622402377695,0.04024695760937923,0.03972764005354128,0.03920507493782686,0.03868000208250614,0.03815311567788142,0.03762506619489742,0.03709646227888673,0.03656787261786237,0.036039827778138064,0.035512822001307766,0.03498731495767795,0.0344637334522157,0.0339424730798266,0.03342389982814034,0.032908351624955604,0.03239613983085824,0.031887550674977554,0.031382846634466395,0.030882267757642228,0.030386032932466153,0.029894341092997927,0.029407372389109548,0.028925289280118702,0.02844823759400479,0.02797634752957897,0.02750973461097498,0.02704850059477839,0.026592734331862676,0.026142512585057853,0.025697900804614524,0.025258953863032778,0.02482571675149866,0.02439822523554167,0.023976506483606826,0.023560579649997603,0.023150456433871383,0.022746141603721556,0.022347633492863696,0.02195492446665908,0.021568001363070306,0.021186845907663628,0.02081143510445649,0.02044174160380005,0.02007773404881169,0.019719377399371737,0.019366633240942968,0.019019460069113446,0.018677813560900487,0.01834164682777103,0.01801091065326881,0.01768555371584258,0.017365522797579105,0.017050762979873756,0.016741217826481962,0.016436829554845364,0.016137539196430364,0.01584328674575271,0.015554011301591857,0.015269651196122032,0.014990144117339307,0.014715427222389632,0.014445437243248302,0.014180110585077442,0.013919383417637758,0.013663191760292532,0.013411471560816728,0.01316415876852591,0.012921189402041726,0.012682499611592388,0.01244802573755085,0.012217704363153645,0.011991472364022019,0.011769266953334348,0.011551025723362463,0.01133668668353409,0.011126188295242671,0.010919469504393972,0.010716469766217747,0.010517129079673126,0.010321388002962267
0.4480805369127517,0.005591650464009272,0.006490152115963716,0.007468355073059828,0.008524153467679948,0.009654364017647393,0.010854793942738174,0.012120331404461329,0.013445053918209464,0.014822349968233915,0.016245049087295026,0.017705555899259935,0.019195984018861686,0.020708286212033838,0.022234377797908454,0.023766250881529147,0.02529607761105315,0.026816301227060153,0.02831971420103425,0.02979952322149231,0.031249401185214364,0.03266352667427957,0.03403661165439853,0.03536391831815586,0.03664126612464336,0.037865030161901195,0.039032131988075404,0.040140024099612384,0.041186669137461426,0.04217051488147964,0.043090466008260594,0.043945853367623064,0.04473640248932538,0.04546219926702334,0.04612365800904306,0.04672148778328175,0.04725666023427532,0.0477303783022401,0.04814404624925496,0.048499241201429066,0.048797686358130504,0.049041225969017645,0.049231802136105784,0.04937143346231156,0.04946219553614375,0.04950620321860999,0.049505594677784745,0.04946251710199327,0.049379114008593815,0.04925751406202645,0.049099821303419125,0.04890810669598856,0.048684400887127416,0.04843068808948967,0.04814890098517762,0.047840916560585575,0.04750855278258578,0.047153566031739376,0.04677764921260466,0.04638243046647053,0.04596947241639384,0.045540271880637924,0.04509625999430728,0.04463880268500249,0.04416920145253535,0.04368869440607077,0.04319845752740334,0.042699606094466484,0.04219319628042192,0.04168022685030787,0.04116164095811606,0.04063832801134403,0.040111125583991644,0.039580821360036184,0.03904815509183533,0.03851382055991917,0.0379784675225676,0.03744270364491461,0.03690709640163147,0.0363721749388708,0.03583843190188002,0.03530632521136075,0.034776279792151706,0.03424868924884931,0.033723917486661134,0.03320230027576326,0.03268414675840256,0.03216974089814255,0.031659342871232274,0.031153190400387016,0.030651500031576417,0.03015446835466938,0.029662273168986293,0.029175074595062852,0.028693016133789467,0.02821622567476136,0.027744816455113522,0.027278887970344137,0.026818526839424577,0.026363807625147513,0.0259147936118831,0.025471537542299912,0.02503408231476789,0.024602461643120268,0.02417670068042424,0.023756816608377845,0.023342819193912925,0.022934711314541965,0.02253248945396835,0.022136144169253184,0.021745660531241228,0.021361018539267924,0.020982193511636296,0.02060915645304665,0.020241874400476954,0.019880310746592914,0.01952442554797753,0.019174175808902513,0.01882951575195429,0.018490397070353073,0.018156769164698956,0.017828579365133157,0.01750577313920853,0.017188294286791334,0.01687608512229907,0.01656908664522864,0.016267238699705967,0.0159704801226799,0.01567874888443409,0.015391982216865973,0.015110116735193356,0.014833088550524447,0.014560833374817214,0.014293286618492641,0.014030383481165495,0.0137720590359483,0.013518248307605186,0.013268886345009777,0.013023908288288031,0.012783249430472397,0.012546845275486237,0.012314631590227571,0.012086544453545647,0.011862520300855963,0.011642495965140479,0.011426408714489977,0.011214196286409434,0.01100579691905269,0.01080114937967296,0.010600192990348553,0.010402867651274163
0.4547181208053691,0.0057784277439516234,0.006700766623554242,0.007703882425655965,0.008785480690411292,0.009942175765233105,0.011169563561346919,0.012462316767373126,0.013814297806944226,0.015218684638446552,0.01666810455857351,0.018154771439686898,0.019670622256878167,0.021207449296431178,0.022757025038075782,0.024311217329446678,0.025862093090208836,0.027402009366343343,0.0289236910913647,0.03042029537415725,0.031885462532798906,0.033313354414215415,0.0346986807904339,0.03603671480519077,0.03732329856670456,0.038554840051229916,0.03972830250528972,0.04084118752098418,0.041891512915841304,0.042877786482563705,0.043798976594990845,0.04465448056302758,0.045444091534612534,0.046167964643608964,0.04682658300599599,0.04742072407372605,0.04795142676813381,0.04841995973398808,0.048827790981859194,0.04917655912078627,0.04946804632533166,0.04970415313054742,0.049886875105944244,0.050018281422255666,0.05010049529555357,0.05013567626838203,0.05012600426831281,0.05007366536937005,0.049980839170717,0.04984968769928529,0.04968234573815546,0.04948091248000694,0.04924744440442789,0.048983949288138345,0.04869238118599928,0.04837463648133878,0.048032550593697036,0.04766789557963663,0.04728237835298024,0.04687763951363281,0.046455252703949075,0.04601672443017469,0.04556349428652919,0.04509693552866443,0.04461835594602489,0.04412899898785405,0.04363004510189421,0.04312261324895073,0.04260776256041273,0.04208649410920195,0.04155975276814757,0.04102842913285853,0.04049336148835936,0.0399553378005989,0.03941509773061521,0.03887333461658916,0.03833069748216344,0.037787792991413285,0.03724518738425821,0.03670340837150995,0.03616294698600321,0.035624259385208856,0.03508776860181131,0.03455386623952177,0.03402291411201009,0.03349524582376735,0.03297116829189362,0.03245096320857772,0.03193488844429674,0.031423179392152195,0.03091605025404851,0.030413695269664642,0.029916289889362846,0.029423991892438245,0.028936942451919512,0.028455267147918434,0.027979076930608564,0.027508469035004902,0.027043527848900375,0.02658432573653688,0.02613092381748294,0.025683372706513587,0.025241713211523402,0.024805976995071494,0.024376187198842336,0.02395235903377151,0.02353450033711291,0.023122612098057584,0.022716688953452108,0.02231671965489297,0.02192268750901275,0.021534570791877795,0.02115234313908425,0.020775973911485723,0.020405428546403627,0.020040668869581373,0.01968165341214395,0.019328337690462296,0.018980674475823574,0.01863861404623693,0.018302104422536703,0.01797109158956771,0.017645519703457895,0.017325331285565928,0.017010467404006156,0.016700867843306932,0.01639647126321865,0.0160972153460704,0.015803036936538145,0.015513872169112099,0.015229656589074339,0.014950325264289115,0.014675812889444955,0.014406053882960816,0.014140982476983635,0.013880532801027506,0.013624638959447941,0.013373235103247168,0.013126255496582783,0.012883634577787455,0.012645307016779472,0.012411207766531557,0.012181272111493018,0.011955435711649476,0.011733634642987208,0.011515805434515724,0.011301885102068547,0.011091811179049242,0.010885521744410744,0.010682955447920821,0.010484051533011922
0.4613557046979866,0.005966006097784438,0.006912206008635494,0.007940249259578926,0.009047652259445767,0.010230826669358407,0.011485156996389977,0.012805100570449032,0.014184305030624884,0.015615738288170991,0.01709182602914872,0.018604592119827693,0.020145797733673806,0.02170707558105733,0.02328005624613692,0.02485648427960128,0.026428322328210997,0.027987842176606194,0.029527702115085826,0.031041010517159448,0.03252137577906491,0.03396294411142112,0.03536042335641145,0.03670909830790708,0.03800483422076081,0.03924407238374451,0.04042381808528384,0.04154162229931224,0.04259555824280871,0.043584193885687544,0.04450656140986362,0.04536212451681756,0.046150744385128444,0.04687264497730182,0.04752837829651774,0.04811879009911704,0.04864498647982863,0.04910830166497148,0.04951026727480609,0.049852583250149234,0.05013709058032236,0.05036574589656291,0.05054059813199311,0.050663766785089104,0.05073742254881428,0.05076376947560321,0.050745029083512694,0.05068342616739812,0.05058117624751321,0.050440474558280976,0.05026348647554954,0.05005233927857156,0.049809115142808336,0.04953584526110452,0.04923450499335242,0.04890700994879264,0.04855521290875967,0.048180901503224086,0.047785796559279115,0.04737155103477391,0.04693974953930745,0.04649190815768126,0.04602947488129415,0.04555383022677696,0.04506628821118003,0.044568097565202296,0.04406044315391896,0.04354444756840025,0.04302117285514357,0.042491622354205894,0.04195674262000319,0.041417425402297384,0.04087450966619668,0.04032878363553497,0.03978098684258815,0.03923181217216911,0.0386819078885424,0.038131879638119565,0.03758229240321136,0.03703367245049764,0.03648650918505982,0.035941256989380686,0.03539833699353558,0.03485813879130469,0.03432102209684415,0.03378731834208495,0.033257332213080554,0.03273134312563854,0.03220960664027203,0.03169235581820281,0.031179802510943162,0.030672138609364945,0.030169537212103865,0.029672153756090773,0.029180127085854518,0.028693580471768388,0.02821262257723905,0.02773734837720502,0.027267840029280527,0.026804167699554522,0.026346390344797632,0.025894556452880215,0.025448704743179076,0.02500886482867454,0.024575057841803853,0.02414729702470553,0.023725588287231595,0.023309930732574674,0.022900317153129842,0.02249673449747142,0.022099164310652147,0.021707583147955428,0.021321962964925677,0.02094227148368957,0.020568472537485727,0.020200526394342153,0.019838390061048677,0.019482017568489187,0.019131360239348947,0.01878636693916421,0.01844698431165228,0.01811315699909295,0.017784827848819715,0.017461938106356406,0.017144427596110463,0.016832234890279962,0.016525297466656555,0.016223551855963872,0.015926933779336683,0.015635378276514487,0.015348819825292176,0.015067192452741185,0.014790429838686076,0.014518465411906177,0.014251232440966446,0.0139886641094502,0.013730693608210706,0.013477254191134486,0.013228279248414316,0.012983702366053491,0.012743457382025612,0.012507478437479349,0.012275700024528633,0.012048057029759866,0.011824484774160503,0.011604919049627689,0.011389296152235865,0.011177552912552497,0.010969626723089581,0.010765455563166208,0.010564978021158475
0.467993288590604,0.006154266323957114,0.007124347135794554,0.008177329851740552,0.009310541298209248,0.010520190189840998,0.011801449556006038,0.013148561472550507,0.014554959062277058,0.016013400602701504,0.0175161107065925,0.019054923872599248,0.020621426188886592,0.022207091561203613,0.02380340948264632,0.025402002024817117,0.02699472837488452,0.028573775849165834,0.030131736854990612,0.03166167174720762,0.03315715791994375,0.03461232579192034,0.036021882585893256,0.03738112497544615,0.038685941782837574,0.03993280796793134,0.04111877115946222,0.042241431954350914,0.04329891915651825,0.04428986105089301,0.04521335360308715,0.04606892730800497,0.046856511039441086,0.04757639768810025,0.04822920809959628,0.04881585626552851,0.04933751536518422,0.04979558510096946,0.050191660584053416,0.05052750295785414,0.05080501188950413,0.051026200008828765,0.05119316933245272,0.051308089623728736,0.05137317900991192,0.05139068575760339,0.05136287288142596,0.05129200375656428,0.051180329687867496,0.05103007898535188,0.05084344749078016,0.05062259044850108,0.05036961561397417,0.05008657749520748,0.04977547262526969,0.04943823576830639,0.04907673696548238,0.04869277933305252,0.04828809752960294,0.04786435681581176,0.047423152634452174,0.046966010645451764,0.046494387155040846,0.04600966988389153,0.045513179024010364,0.04500616853895356,0.04448982766639786,0.04396528258651042,0.04343359822315245,0.042895780148964925,0.04235277656837566,0.04180548035629281,0.04125473113190807,0.04070131735103829,0.04014597840160928,0.03958940668956363,0.03903224970420035,0.038475112053671934,0.0379185574628738,0.03736311072734091,0.03680925961792937,0.03625745673213131,0.0357081212886935,0.035161640863676874,0.034618373065018686,0.034078647146275676,0.03354276555746779,0.03301100543379218,0.03248362002225987,0.03196084004816491,0.03144287501370877,0.030929914455727448,0.03042212912092378,0.029919672102919556,0.029422679917251122,0.028931273524357606,0.0284455593010073,0.027965629962477347,0.027491565436764145,0.02702343369301535,0.026561291525933967,0.02610518529862034,0.025655151641393672,0.025211218121211274,0.024773403862053817,0.02434172013936988,0.023916170937366806,0.02349675347538727,0.023083458703218245,0.022676271768707856,0.022275172457275092,0.021880135605819622,0.02149113149200734,0.02110812620057016,0.020731081965743213,0.020359957497340854,0.01999470828105559,0.019635286864594197,0.019281643124349584,0.01893372451569063,0.018591476307515228,0.018254841801825007,0.01792376253943319,0.01759817849228158,0.01727802824332745,0.016963249154790524,0.016653777524416553,0.01634954873348988,0.016050497382068697,0.01575655741710726,0.015467662251027626,0.015183744872174674,0.014904737947569692,0.01463057391834283,0.014361185088407395,0.014096503706641762,0.013836462043058433,0.013580992459365183,0.013330027473766678,0.01308349982183396,0.012841342511244722,0.01260348887318737,0.012369872609199433,0.012140427834198025,0.011915089115872904,0.011693791510675785,0.011476470597472446,0.011263062502924541,0.011053503937364758,0.010847732210308403,0.01064568525668923
0.47463087248322144,0.0063430900557292945,0.007337067916546652,0.0084149997391331,0.009574022401161165,0.010810141460713513,0.01211831841446249,0.01349258017583741,0.014926145577713908,0.016411563609600457,0.017940858258455403,0.01950567518570322,0.021097425988253777,0.022707426406050866,0.024327025506829365,0.025947723559110507,0.027561276962338906,0.029159789219289307,0.030735787481493852,0.032282284676115436,0.03379282761611099,0.03526153181077784,0.036683103931903195,0.038052853058183525,0.039366691925210605,0.04062112945845816,0.041813255871830955,0.042940721582940655,0.044001711135845674,0.044994913243106366,0.04591948796260967,0.04677503192323373,0.047561542406045695,0.048279380981397495,0.04892923729876072,0.04951209352786936,0.05002918985828195,0.05048199138080647,0.05087215659891964,0.05120150775153004,0.051472003070120516,0.05168571104283169,0.051844786716345,0.051951450029556666,0.05200796614535618,0.05201662772278621,0.05197973905478924,0.051899601980508615,0.0517785034767422,0.051618704820172834,0.05142243221373604,0.051191868766588725,0.05092914771855623,0.05063634680185863,0.050315483636695,0.04996851206079382,0.04959731929859394,0.04920372388067528,0.04878947422996996,0.04835624783640867,0.047905650948673016,0.04743921871588812,0.04695841571888869,0.04646463683543992,0.04595920838754786,0.04544338953620895,0.044918373455531686,0.04438529106631451,0.043845208954763355,0.04329913529220445,0.0427480199071063,0.042192756775815486,0.041634186149875976,0.04107309669751598,0.0405102276445317,0.039946270901927365,0.039381873169163355,0.03881763800667789,0.038254127861936105,0.03769186605648305,0.037131338715288745,0.03657299664264288,0.036017257138785064,0.03546450575554804,0.034915097989279,0.0343693609103276,0.0338275947285831,0.03329007429515956,0.03275705054066272,0.032228751850800895,0.03170538538037207,0.031187138306871753,0.03067417902523451,0.03016665828506878,0.029664710272454268,0.029168453637771104,0.028677992471266896,0.028193417228911135,0.02771480560964351,0.027242223386418053,0.02677572519278422,0.02631535526691263,0.025861148154924043,0.025413129375346698,0.02497131604648729,0.02453571747845609,0.024106335731537396,0.023683166142572022,0.02326619782077459,0.0228554141148393,0.022450793052459315,0.022052307753879615,0.021659926820773355,0.021273614702062623,0.02089333203573913,0.020519035974436033,0.020150680484947125,0.019788216633713947,0.019431592852748522,0.019080755189160352,0.018735647538928923,0.01839621186567026,0.01806238840555887,0.01773411585882298,0.017411331568823334,0.017093971689499058,0.016781971340788286,0.016475264755924642,0.016173785415791026,0.01587746617633587,0.015586239386337814,0.015300036997140809,0.015018790664639282,0.01474243184401316,0.014470891877691754,0.014204102076844192,0.013941993796878202,0.013684498507351468,0.01343154785611175,0.013183073729594453,0.012939008306911842,0.012699284110695505,0.012463834053361213,0.012232591479587544,0.012005490205173441,0.01178246455250808,0.011563449382828349,0.011348380125566548,0.011137192804849969,0.010929824063459144,0.010726211184118657
0.4812684563758389,0.0065323596251454265,0.00755024713592101,0.008653135508362924,0.009837971384922197,0.01110055700489939,0.012435642292176455,0.01383703907358717,0.015297752074164714,0.016810121271553704,0.018365970383143925,0.019956756654532923,0.02157371766269992,0.02320801148810449,0.024850847300299655,0.026493604099777905,0.028127936029603177,0.029745863296637358,0.0313398482921578,0.03290285698236423,0.03442840603178536,0.03591059643536809,0.037344134668981496,0.0387243425302921,0.040047156940735976,0.04130912102326246,0.042507367769563174,0.043639597573201086,0.044704050838880155,0.045699476794671116,0.04662509953251961,0.04748058219758917,0.048265990136068575,0.04898175370207746,0.049628631318558755,0.05020767328704394,0.05072018674841136,0.051167702112157404,0.051551941195772326,0.05187478724871448,0.05213825696618683,0.05234447463307496,0.0524956481988119,0.052594047642051917,0.05264198521443242,0.052641797722451436,0.05259583069266222,0.052506424336916456,0.052375901214604864,0.05220655548294321,0.05200064362322606,0.05176037653013679,0.051487912861925174,0.051185353474181794,0.05085473703519137,0.05049803638235088,0.050117155862881804,0.04971392936487694,0.04929011902244101,0.048847414505012794,0.048387432820844796,0.047911718565144625,0.04742174455332804,0.04691891278317575,0.04640455567550761,0.04587993754784192,0.04534625628014176,0.04480464513615774,0.044256174707679494,0.04370185495295127,0.04314263730394286,0.042579416819679375,0.042013034367004494,0.041444278811069483,0.04087388920151018,0.040302556941713405,0.03973092793065292,0.03915960466844332,0.03858914831825793,0.03802008071865584,0.037452886341413215,0.03688801419114188,0.03632587964384066,0.03576686622221101,0.03521132730654954,0.03465958778026814,0.0341119456098992,0.03356867335974039,0.033030019641708465,0.0324962105012803,0.03196745074066229,0.031443925180531816,0.03092579986196899,0.030413223189990415,0.029906327020923575,0.029405227694891484,0.028910027015818088,0.028420813180501162,0.027937661659630197,0.027460636030153744,0.02698978876547434,0.026525161980130243,0.02606678813521292,0.02561469070363983,0.025168884798718826,0.024729377766248156,0.02429616974385027,0.02386925418730948,0.02344861836647769,0.023034243832331342,0.022626106856258855,0.02222417884329807,0.02182842672059839,0.021438813302433725,0.02105529763302216,0.020677835308350878,0.020306378778151075,0.019940877629113618,0.019581278850383865,0.019227527082339303,0.018879564849498185,0.0185373327786384,0.01820076980276972,0.017869813351886508,0.017544399531220892,0.017224463287882102,0.016909938565454394,0.016600758450530613,0.016296855306242437,0.015998160898916695,0.01570460651507456,0.015416123070400306,0.015132641211020493,0.014854091407481729,0.014580404042033666,0.014311509489421668,0.014047338191715192,0.013787820727567316,0.013532887875702863,0.013282470674624921,0.013036500476072112,0.01279490899528991,0.012557628356724042,0.012324591135947204,0.012095730397981308,0.01187097973224765,0.011650273284321087,0.011433545784792193,0.011220732575292804,0.011011769631999417,0.010806593586471297
0.48790604026845635,0.006721957922809454,0.007763764275372069,0.008891614580818816,0.010102265037228188,0.011391314447565828,0.01275330113537159,0.014181821898654901,0.015669667490549082,0.01720896908192002,0.018791350384485154,0.02040808053974148,0.022050223452978197,0.023708779919007876,0.025374819598278982,0.027039600617590635,0.028694675255556835,0.03033198080445431,0.03194391526030568,0.033523397971996355,0.03506391577414171,0.0365595554380273,0.038005023504742594,0.03939565472169202,0.040727410396410355,0.04199686801962512,0.043201203502242914,0.04433816732766046,0.04540605584941677,0.04640367887548064,0.047330324574531624,0.04818572263112319,0.04897000646224778,0.04968367519616477,0.050327556006386935,0.05090276729200553,0.05141068310146158,0.05185289911134668,0.052231200395277316,0.052547531150446664,0.05280396649059989,0.053002686364853835,0.05314595161839484,0.053236082122164574,0.053275437310751225,0.05326639790216286,0.053211350642659014,0.05311267404882517,0.0529727261970148,0.052793834061494,0.05257828434088767,0.052328315656984675,0.0520461120113825,0.0517337973882165,0.05139343139562591,0.05102700584271615,0.050636442154933715,0.05022358953617676,0.04979022379214783,0.04933804673557114,0.048868686100008545,0.04838369589500088,0.04788455714107399,0.04737267892671998,0.04684939975080179,0.0463159890626816,0.045773649029478516,0.04522351642362504,0.044666664640507586,0.04410410580336023,0.043536792932539585,0.042965622155938174,0.04239143494315037,0.04181502034485217,0.04123711722419422,0.040658416467616275,0.040079563167332466,0.039501158749170935,0.03892376309165393,0.03834789649146705,0.03777404191395688,0.037202646407112135,0.0366341234685344,0.03606885459030894,0.035507191031259905,0.034949455485834564,0.03439594367483833,0.03384692587374525,0.03330264837535433,0.03276333487979296,0.03222918783931054,0.03170038971568845,0.0311771041955036,0.030659477338767283,0.03014763867179632,0.029641702224450246,0.0291417675143432,0.02864792047957564,0.028160234362209966,0.027678770544451746,0.02720357933954128,0.026734700739328984,0.026272165120473454,0.0258159939111611,0.025366200220199555,0.024922789430286123,0.024485759757197162,0.02405510277662483,0.02363080392005517,0.023212842941773174,0.022801194357911943,0.022395827859371074,0.02199670869986068,0.021603798060415815,0.0212170533916492,0.020836428734951878,0.020461875023796074,0.020093340366239876,0.01973077030967954,0.019374108088862432,0.01902329485799636,0.01867826991172829,0.018338970870093806,0.01800533390486412,0.01767729388059538,0.01735478453846809,0.017037738647265432,0.01672608814750532,0.01641976428577072,0.016118697739795223,0.01582281873485528,0.015532057151987334,0.015246342628530201,0.014965604652973518,0.014689772643557893,0.014418776044344847,0.014152544383402686,0.01389100734939779,0.013634094852845108,0.013381737085200362,0.013133864571708596,0.012890408221092853,0.012651299370678363,0.012416469827767528,0.012185851907432854,0.011959378466917093,0.011736982936945618,0.011518599350041537,0.01130416236614075,0.01109360729547067,0.010886870119266473
0.49454362416107384,0.006911768254375055,0.007977499332989144,0.009130314996192646,0.010366780864160922,0.011682292228490395,0.013071175795502994,0.014526813372490998,0.01604178182912645,0.017608003662447785,0.0192169027492828,0.020859560328507287,0.02252686685870771,0.02420966609036207,0.02589888842588942,0.02758567137304058,0.029261465598401617,0.030918125725639158,0.03254798559078003,0.03414391814683695,0.035699380603710876,0.037208445696246754,0.03866582019890905,0.04006685195737354,0.041407526794159766,0.0426844566773348,0.043894860527927376,0.04503653899238608,0.04610784442970599,0.047107647269050375,0.04803529978314334,0.04889059821063537,0.04967374404274739,0.05038530517570841,0.05102617751849595,0.05159754754562397,0.052100856184770374,0.05253776434625767,0.05291012032241905,0.05321992921762596,0.0534693245106962,0.05366054180220245,0.05379589475584891,0.05387775320974254,0.05390852340481245,0.05389063025577897,0.05382650157370582,0.053718554136242255,0.05356918149431988,0.05338074339831982,0.05315555672484709,0.05289588778512992,0.05260394589788087,0.052281878112608426,0.051931764974043525,0.05155561722280881,0.05115537333388415,0.05073289779984498,0.050289980073050654,0.049828334085657705,0.04934959827461671,0.04885533604334143,0.04834703659847611,0.04782611610527406,0.04729391911344165,0.046751720200130804,0.04620072580213059,0.045642076187862306,0.04507684754468193,0.04450605415015668,0.043930650603106115,0.04335153409162775,0.04276954667989638,0.04218547759677051,0.04160006551226495,0.041014000789771396,0.04042792770455491,0.03984244661729785,0.03925811610505324,0.03867545502260455,0.038094944522013965,0.037517029995895707,0.036942122960747066,0.03637060287124661,0.03580281886713186,0.035239091414719176,0.03467971409527387,0.034124954786397384,0.03357505749553654,0.03303024358004372,0.032490713137958475,0.03195664627280257,0.03142820431626319,0.030905530983072856,0.03038875346938763,0.02987798349475729,0.02937331829054066,0.028874841536162318,0.028382624245552757,0.02789672560629056,0.02741719377248745,0.02694406661170147,0.02647737241859548,0.026017130576424175,0.025563352190195825,0.025116040679910887,0.024675192340177142,0.024240796867144466,0.023812837854649615,0.023391293260924744,0.022976135847525243,0.022567333591902623,0.022164850075344338,0.021768644845405145,0.021378673760755734,0.020994889308592467,0.02061724090684912,0.020245675185672555,0.019880136251431296,0.019520565933951548,0.0191669040178797,0.018819088459132244,0.0184770555873355,0.018140740294904353,0.0178100762138335,0.017484995879783055,0.017165430887402133,0.01685131203213384,0.016542569444525337,0.0162391327143805,0.0159409310063866,0.01564789316758944,0.015359947827147889,0.015077023488960572,0.014799048617452949,0.01452595171703146,0.014257661405635419,0.01399410648223316,0.013735215990180414,0.013480919274144815,0.013231146033524656,0.01298582637107781,0.012744890837557216,0.012508270472534134,0.012275896841655939,0.012047702071434085,0.01182361887551297,0.01160358059158407,0.011387521197444893,0.011175375337945236,0.010967078344390794
0.5011812080536913,0.007101674194649784,0.008191332640922925,0.009369115194205722,0.010631396836196332,0.011973369313734553,0.013389147708543124,0.014871898854591614,0.01641398577817434,0.018007122362610636,0.019642532726990618,0.02131111029854005,0.023003572190671163,0.024710605218439673,0.02642300063938727,0.028131775457079396,0.029828278839937786,0.03150428285386904,0.0331520572809429,0.03476442863184686,0.0363348250229745,0.037857304798335475,0.03932657518776456,0.04073799720211293,0.04208758123692057,0.043371973786920544,0.04458843682425086,0.045734821226796625,0.04680953527777458,0.047811510152928546,0.04874016220565801,0.0495953542352922,0.05037735580894014,0.0510868035874969,0.05172466220904016,0.05229218621333363,0.05279088339449343,0.0532224798815071,0.05358888716853783,0.05389217124883113,0.054134523946927256,0.05431823649477411,0.054445675354070654,0.05451926025425036,0.05454144438713304,0.05451469667860362,0.05444148603917558,0.05432426748798339,0.05416547003142713,0.053967486177547985,0.05373266296319128,0.053463294372062375,0.05316161502374311,0.05282979501779017,0.052469935820941685,0.0520840670915863,0.05167414434122118,0.05124204733915722,0.050789579172815326,0.0503184658832201,0.0498303566007972,0.049326824113612076,0.04880936580586841,0.0482794049103779,0.047738292024183185,0.047187306841641276,0.04662766006425782,0.04606049545071928,0.04548689197505785,0.04490786606444246,0.044324373816192725,0.043737313701296195,0.04314752814811034,0.04255580663597038,0.04196288763875888,0.041369460994295684,0.0407761701604306,0.040183614425215175,0.03959235106446759,0.03900289744127915,0.03841573304325087,0.037831301454184126,0.037250012258060024,0.03667224287346187,0.03609834031783918,0.03552862290070542,0.0349633818489316,0.034402882855925396,0.03384736757028474,0.03329705501050123,0.03275214291595916,0.032212809033035084,0.03167921233829971,0.031151494201132942,0.030629779487447665,0.030114177606462546,0.029604783503306684,0.02910167859879243,0.028604931678975477,0.02811459973644616,0.027630728765583507,0.0271533545134883,0.026682503189189563,0.026218192132521415,0.025760430444934795,0.025309219583990336,0.024864553923378815,0.024426421280043905,0.023994803410408223,0.023569676476968685,0.023151011487008762,0.022738774704843225,0.022332928039349068,0.021933429405831234,0.021540233070429283,0.021153289966772522,0.020772547997581266,0.020397952315416756,0.020029445585945233,0.019666968234417517,0.019310458676177866,0.018959853532439355,0.01861508783179541,0.0182760951985413,0.01794280802864892,0.01761515765299851,0.017293074491979657,0.016976488196412984,0.01666532778111266,0.016359521748252198,0.016058998202225384,0.015763684956370316,0.015473509631980121,0.015188399750217404,0.014908282817189682,0.014633086402715899,0.014362738213211289,0.014097166158503168,0.013836298414602778,0.013580063479958576,0.013328390228297696,0.013081207956664178,0.012838446429485945,0.01260003591884559,0.012365907241206259,0.012135991790763467,0.011910221569765938,0.011688529215847426,0.01147084802670604,0.011257111981997327,0.011047255763428932
0.5078187919463086,0.007291559440175644,0.008405144682902418,0.009607893795255333,0.010895991133476748,0.012264424906885018,0.013707098574191723,0.01521696399226696,0.0167861703353422,0.018406222859996255,0.020068145910874628,0.02176264508385737,0.02348026412520086,0.025211532890966167,0.026947103469309255,0.02867787233476158,0.03039508713293126,0.032090437347971505,0.033756128685045614,0.03538494148341392,0.03697027386846248,0.038506170652601555,0.03998733921214758,0.04140915370865012,0.04276764909811154,0.044059506391256956,0.04528203060242815,0.0464331227627199,0.047511247287676396,0.04851539588188691,0.049445048839413495,0.05030013614470255,0.051080994814496725,0.05178833048380582,0.05242317652107559,0.052986855533560084,0.05348094218458587,0.05390722782506798,0.054267687154656366,0.05456444705942999,0.054799757713843815,0.05497596598556699,0.05509549113873588,0.05516080279859553,0.05517440111250838,0.055138799021450816,0.055056506540260834,0.05493001693364807,0.05476179466761748,0.05455426501186506,0.054309805167316275,0.05403073680393685,0.0537193198153553,0.05337774738483309,0.053008141894158825,0.0526125519224634,0.052192950020553436,0.05175123123713454,0.05128921229712406,0.05080863135272587,0.05031114822998632,0.04979834510361848,0.04927172753723799,0.04873272583256631,0.048182696636660714,0.04762292476145517,0.04705462517488351,0.04647894512713601,0.04589696638005264,0.045309707511458734,0.04471812626931485,0.04412312195475548,0.04352553781472398,0.04292616342854347,0.042325737074612735,0.04172494806567388,0.04112443904296476,0.04052480822123918,0.03992661157819468,0.039330364983012775,0.038736546260033894,0.03814559718451753,0.03755792540828942,0.036973906313965944,0.03639388479694433,0.03581817697504208,0.035247071826084546,0.03468083275416509,0.03411969908563934,0.033563887496196515,0.03301359337056951,0.032468992096731625,0.03193024029622067,0.031397476993046625,0.03087082472290872,0.030350390584696654,0.029836267251711495,0.029328533842921643,0.028827256959625368,0.028332491385260967,0.027844280954747714,0.027362659292937314,0.026887650525077356,0.026419269946889545,0.025957524656215227,0.025502414148119868,0.025053930875319114,0.024612060775488456,0.02417678376757396,0.023748074218272637,0.023325901380529864,0.02291022980545623,0.02250101972910786,0.022098227435496835,0.02170180559713571,0.021311703594358616,0.020927867814602156,0.020550241932771614,0.020178767173776986,0.019813382558163284,0.01945402513198385,0.01910063018163026,0.018753131434604428,0.018411461247012196,0.01807555077873368,0.01774533015581008,0.017420728624293842,0.017101674690320732,0.016788096252906337,0.016479920726529144,0.016177075155225516,0.015879486318562484,0.015587080829905117,0.015299785227618561,0.015017526059431801,0.014740229960516512,0.014467823725703271,0.014200234375625597,0.01393738921888795,0.013679215907665172,0.013425642489957942,0.013176597457042095,0.012932009786967062,0.012691808984275538,0.012455925116190248,0.012224288845453278,0.011996831460139046,0.01177348490050202,0.011554181783182963,0.011338855422636308,0.011127439850804492
0.5144563758389261,0.007481307661125689,0.008618815909787522,0.009846529380623572,0.011160441890747356,0.01255533816010413,0.014024910035055646,0.01556189437039383,0.01715822643131321,0.01880520276116465,0.02049364781978868,0.022214079241361095,0.023956867259516214,0.025712384615285806,0.027471144065179903,0.02922392139018565,0.030961862549872855,0.032676574287759615,0.03436019808011407,0.036005467805474846,0.037605751904425805,0.03915508109811146,0.04064816294700314,0.04208038466742257,0.043447805692631875,0.044747141478626025,0.045975740023271,0.04713155249926201,0.04821309931105944,0.04921943277236056,0.05015009748190995,0.051005089117364066,0.05178481408681332,0.05249004589409679,0.053121886878432965,0.05368172772894646,0.05417120999650707,0.0545921902755427,0.05494670649542162,0.05523694646116768,0.05546521872499426,0.05563392581902875,0.0557455398392558,0.05580258033642479,0.05580759444303211,0.05576313914476943,0.055671765589452665,0.05553600531565649,0.0553583582763792,0.05514128252942276,0.0548871854652191,0.05459841644407423,0.054277260717635945,0.053925934514150134,0.05354658117158835,0.05314126820953353,0.05271198523677351,0.05226064259847935,0.05178907067373072,0.05129901974103775,0.05079216033627768,0.05027008403402872,0.04973430458958705,0.049186259390241946,0.04862731112768926,0.04805874975701592,0.04748179451621628,0.046897596155188744,0.046307239231102304,0.045711744479343265,0.04511207122919209,0.04450911984448297,0.04390373416916125,0.04329670396288268,0.04268876731285788,0.042080613013270096,0.04147288288432695,0.04086617399117086,0.0402610412756776,0.039657998853531946,0.039057522975346766,0.03846005360990104,0.0378659964778398,0.037275724929554596,0.03668958173750972,0.03610788082929497,0.03553090893593031,0.034958927171772375,0.03439217254204868,0.03383085936511608,0.03327518071681302,0.03272530958176103,0.03218140024182512,0.03164358937586129,0.031111997189326224,0.030586728470932363,0.030067873593264936,0.029555509459793215,0.02904970040048084,0.028550499018223194,0.028057946988302458,0.027572075813009637,0.027092907533533352,0.026620455401160974,0.026154724509777908,0.025695712391586828,0.02524340933905745,0.024797800126845734,0.024358862119352814,0.023926568125931566,0.02350088564475115,0.02308177751327185,0.022669202294591996,0.022263114640025696,0.021863465628944322,0.021470203087606932,0.021083271887700736,0.020702614226008807,0.020328169886205283,0.01995987648370415,0.019597669698327505,0.019241483470506717,0.018891250236884347,0.018546901081359837,0.018208365927091408,0.017875573695355678,0.017548452456906435,0.017226929572927693,0.016910931826202593,0.016600385543085704,0.01629521670683241,0.015995351062820202,0.01570071421607353,0.01541123172175304,0.015126829168807896,0.014847432257366972,0.014572966870283276,0.014303359138622532,0.01403853550319472,0.013778422769532344,0.013522948159543594,0.013272039358375957,0.013025624557346105,0.012783632493114004,0.012545992483302189,0.012312634458879632,0.012083488993410238,0.011858487329474981,0.01163756140223858,0.011420643860742525,0.01120766808681859
0.5210939597315436,0.0076708023534914245,0.008832226555918159,0.010084900272749017,0.011424626942365424,0.012845987885221321,0.014342463355838915,0.015906575161925327,0.017530044553399036,0.019203959202440283,0.020918943479813486,0.0226653268172421,0.024433305666818884,0.026213095366249644,0.02799506903989024,0.02976988147115486,0.031528576631436184,0.03326267822955019,0.03496426323150853,0.03662601879007859,0.03824128341616853,0.039804073515126784,0.041309096630597106,0.042751752855960765,0.044128125947513634,0.045434965675461875,0.04666966291233115,0.04783021888479996,0.048915209918448346,0.049923748886617304,0.0508554444513793,0.05171035905326714,0.05248896647723414,0.053192109696510594,0.05382095957740138,0.05437697491740581,0.05486186418876915,0.05527754926929516,0.0556261313627398,0.05590985924164498,0.056131099887148615,0.05629231154907933,0.05639601920966425,0.056444792400124406,0.05644122529284421,0.05638791897273441,0.056287465773996875,0.056142435561273074,0.05595536382523733,0.05572874146074858,0.05546500609480172,0.05516653483321226,0.05483563829821551,0.05447455583423119,0.0540854517639304,0.05367041258387696,0.05323144498051759,0.052770474671486836,0.05228934567657152,0.05178982044334804,0.05127358024383248,0.05074222607693966,0.05019727991236129,0.049640186233414194,0.04907231382762869,0.04849495777945075,0.04790934162404478,0.04731661962624088,0.046717879152453526,0.04611414310825979,0.04550637241611145,0.0448954685130986,0.04428227584984227,0.04366758437511364,0.04305213199289064,0.04243660698071039,0.04182165036005447,0.041207858211200314,0.04059578392643856,0.03998594039683598,0.03937880212875518,0.03877480728807779,0.038174359668996904,0.037577830588090715,0.03698556070177937,0.03639786174808172,0.03581501821303713,0.035237288924168,0.03466490856279132,0.034098089125253236,0.03353702128741288,0.03298187572176839,0.03243280434080296,0.031889941478511596,0.031353405010381044,0.0308232974149063,0.030299706778331117,0.029782707745240784,0.0292723624171859,0.028768721202548305,0.02827182361443547,0.027781699034140673,0.02729836741758035,0.026821839971012985,0.026352119783728107,0.025889202424409383,0.02543307650226341,0.024983724194947595,0.024541121744829385,0.024105239925357545,0.02367604447911506,0.023253496529415215,0.02283755296460383,0.022428166803338607,0.02202528753079657,0.021628861418228795,0.021238831820727833,0.020855139456092187,0.02047772266589793,0.020106517659567193,0.019741458742706386,0.019382478530314877,0.019029508145945968,0.018682477407735952,0.018341315000977607,0.01800594864132771,0.017676305223765076,0.01735231096354283,0.017033891526409006,0.01672097214980103,0.01641347775541998,0.01611133305364927,0.01581446264243387,0.015522791086985975,0.015236243022713385,0.014954743212054035,0.01467821662484802,0.014406588502365031,0.01413978441659388,0.01387773032582023,0.013620352625182663,0.01336757819303413,0.013119334433303211,0.012875549314116545,0.012636151403757217,0.012401069898149904,0.012170234658371422,0.011943576227821828,0.011721025859684701,0.01150251553692225,0.011287977990710555
0.5277315436241611,0.007859926691548556,0.009045256456180298,0.010322884316206756,0.0116884235677984,0.013136252265099952,0.014659639102558382,0.01625089077626626,0.01790151436869494,0.019602388449951012,0.021343937004977265,0.023116300912232098,0.02490950245019643,0.026713599132113686,0.028518824012356548,0.030315710431968162,0.03209519993294008,0.03384873275958543,0.03556832095630313,0.03724660456313469,0.03887689180112051,0.04045318443323539,0.041970189691471045,0.043423320286055264,0.044808684070460014,0.04612306493702631,0.047363896473256735,0.04852922983143055,0.04961769715863841,0.050628471815135766,0.05156122647807062,0.05241609009394129,0.0531936045101921,0.0538946814879952,0.05452056067715686,0.05507276902202844,0.05555308196544723,0.055963486726650705,0.056306147848940696,0.05658337514306582,0.05679759409388726,0.05695131874658964,0.057047127049048144,0.057087638593021364,0.05707549467132453,0.05701334054711633,0.056903809819197355,0.056749510754542244,0.05655301445555575,0.056316844725684816,0.05604346949400381,0.055735293675112874,0.05539465333637828,0.05502381101059115,0.0546249520276935,0.054200181929894155,0.053751524560708405,0.053280920970297706,0.052790228950241734,0.05228122312950024,0.051755595554697144,0.051214956684868196,0.05066083673731782,0.05009468732744676,0.04951788335121208,0.04893172506452673,0.04833744031447118,0.047736186915407756,0.04712905505105162,0.046517069819971495,0.04590119375475423,0.04528232938134436,0.04466132177119059,0.04403896107502908,0.04341598502524489,0.04279308139588453,0.042170890411268716,0.04155000709586736,0.04093098355846377,0.04031433121331847,0.039700522912905135,0.03908999502647391,0.03848314942589924,0.0378803554002583,0.0372819514913271,0.03668824725141205,0.03609952492424532,0.03551604105006445,0.03493802799631211,0.03436569541563718,0.033799231633172756,0.0332388049649277,0.03268456496985358,0.03213664363754612,0.0315951565137888,0.03106020376694132,0.030531871196817797,0.030010231188879168,0.029495343615958628,0.028987256690561253,0.028486007765170684,0.027991624097363884,0.0275041235576418,0.027023515306367794,0.02654980042730278,0.026082972524602503,0.025623018284337447,0.025169918002679134,0.024723646082203902,0.02428417149818536,0.023851458236438618,0.023425465704613783,0.02300614911600684,0.02259345985451863,0.02218734581006309,0.021787751697739454,0.021394619354756828,0.02100788801867041,0.020627494587699424,0.020253373864018,0.019885458781328864,0.019523680617262743,0.019167969191733695,0.018818253052178706,0.018474459645247427,0.0181365154793206,0.01780434627255429,0.01747787709308568,0.01715703248845577,0.016841736606026662,0.01653191330479211,0.01622748625903836,0.015928379054502687,0.015634515277319974,0.015345818596311208,0.015062212839071004,0.014783622061671501,0.014509970614085427,0.014241183198781492,0.013977184925710344,0.01371790136225224,0.01346325857899276,0.013213183191515479,0.012967602398471624,0.012726444016127937,0.012489636509713638,0.012257109021663867,0.01202879139707176,0.011804614206275963,0.01158450876531285,0.01136840715386535
0.5343691275167786,0.008048563383526384,0.009257784864657176,0.01056035865994995,0.011951708238041061,0.013426008565526013,0.014976316821892674,0.01659472450988072,0.018272524346430737,0.020000385498476846,0.02176853117628028,0.023566913244753213,0.025385379293717765,0.027213828458478365,0.029042353146987138,0.0308613646727465,0.032661701567112005,0.034434720043565854,0.03617236668264148,0.03786723390067,0.03951259915571661,0.041102449135302484,0.04263149037120096,0.04409514784677535,0.04548955321418539,0.046811524233832266,0.04805853699727135,0.04922869241196865,0.05032067816505383,0.05133372845565231,0.05226757946308952,0.05312242675415456,0.05389888022954045,0.05459792045189427,0.05522085588785565,0.05576928167885649,0.056245040302757315,0.05665018439635901,0.05698694194848291,0.0572576838396231,0.05746489421800529,0.05761114300584624,0.05769906122112605,0.05773131862179174,0.057710603726218494,0.05763960608073536,0.05752100065143304,0.057357434208057945,0.057151513562285323,0.056905795520378354,0.056622778410612876,0.05630489504816578,0.05595450700478197,0.055573900055111695,0.055165280678658064,0.05473077350274746,0.054272419579709456,0.05379217539778296,0.05329191253514976,0.05277341787103002,0.05223839427737633,0.05168846172052967,0.051125158709208765,0.0505499440314761,0.04996419872923511,0.04936922826019475,0.04876626483639511,0.04815646981330568,0.04754093624799257,0.04692069144833764,0.04629669957956632,0.045669864276995695,0.045041031251574125,0.044410990872957516,0.04378048071729748,0.043150188069030156,0.042520752367825154,0.04189276759250944,0.04126678458375772,0.040643313278523205,0.040022824890702434,0.03940575399800237,0.038792500556137616,0.038183431862961664,0.03757888425807097,0.03697916520449189,0.03638455467629078,0.03579530693114422,0.03521165202067889,0.0346337972600972,0.034061928624080265,0.033496212073470345,0.032936794814583156,0.03238380649326777,0.03183736032596438,0.031297554171012563,0.030764471541687405,0.030238182564015496,0.029718744881586132,0.029206204509768227,0.028700596641667884,0.028201946408108903,0.027710269593857008,0.02722557331224407,0.026747856640278112,0.02627711121628571,0.025813321801831532,0.025356466810175275,0.024906518802626093,0.02446344495476436,0.024027207494079255,0.02359776411098189,0.02317506834212126,0.02275906993498333,0.022349715182636374,0.021946947242332676,0.021550706431760647,0.02116093050659229,0.02077755491998667,0.02040051306526529,0.020029736502564798,0.019665155170508392,0.019306697583746226,0.018954291017380717,0.0186078616778374,0.018267334864615212,0.01793263511747524,0.017603686355879507,0.01728041200761996,0.016962735128459406,0.016650578513178697,0.016343864798480625,0.016042516558421815,0.015746456392632485,0.0154556070079013,0.015169891293491115,0.014889232390588678,0.014613553756238148,0.014342779222134129,0.014076833048570173,0.01381563997386699,0.013559125259562677,0.013307214731636385,0.013059834818026441,0.012816912582638347,0.012578375756181932,0.01234415276390264,0.012114172750552248,0.011888365602449243,0.01166666196770558,0.011448993273293353
0.5410067114093959,0.008236594528634279,0.009469690275597341,0.01079719954144967,0.012214356363405898,0.013715132847890405,0.015292374720764168,0.01693795819447727,0.0186429613791696,0.020397843668449937,0.02219262701825498,0.02401707371097274,0.02586085601014169,0.027713713987158866,0.02956559868849847,0.031406798673686884,0.03322804874143266,0.03502062037048397,0.036776394003168685,0.038487913796567914,0.04014842585612069,0.04175190125522095,0.043293045340992806,0.04476729494139796,0.04617080513490085,0.04750042723282515,0.04875367956702324,0.04992871258716634,0.051024269654094546,0.0520396447873057,0.0529746384843343,0.05382951258837057,0.054604945040842984,0.05530198522179309,0.055922010455284596,0.05646668414151444,0.05693791587278406,0.05733782379753249,0.05766869941490391,0.05793297491287378,0.0581331930394524,0.05827197994951633,0.05835201967256543,0.05837603232634671,0.05834675378586387,0.05826691801029695,0.058139241460745825,0.057966409534481976,0.057751064873626114,0.057495797404337946,0.05720313596341097,0.05687554137191029,0.05651540082049152,0.056125023435955726,0.0557066369060146,0.05526238504592695,0.05479432619917624,0.05430443236935365,0.053794588993664336,0.05326659526925893,0.05272216495651261,0.052162927587770476,0.05159043002315196,0.051006138257394674,0.050411439541508084,0.049807644581168646,0.04919598996316754,0.04857764065872762,0.04795369261073669,0.04732517537116529,0.04669305476306469,0.04605823556514144,0.04542156414261727,0.04478383110800305,0.044145773900343334,0.043508079331748405,0.042871386072821545,0.042236287072910175,0.04160333190960815,0.04097302906337481,0.040345848114220796,0.039722221858179585,0.03910254834259757,0.03848719281939689,0.03787648961656018,0.03727074392836669,0.03667023352541432,0.03607521038581495,0.035485902249243376,0.034902514095796554,0.03432522955174556,0.033754212224374386,0.033189606968584556,0.032631541087167766,0.03208012546779658,0.03153545565890626,0.03099761288710795,0.03046666501861879,0.02994266746718488,0.029425664050932335,0.028915687800529905,0.028412761720990116,0.027916899509370142,0.027428106230565796,0.026946378953318067,0.02647170734851392,0.026004074251517205,0.02554345619844831,0.02508982388490599,0.024643142707511674,0.024203373125974974,0.023770471111118525,0.02334438852206317,0.02292507346677633,0.022512470639810392,0.0221065216385282,0.021707165259047454,0.021314337773090636,0.020927973186742287,0.020548003482383326,0.020174358844554947,0.019806967870839957,0.019445757768601277,0.019090654538597485,0.018741583145059453,0.01839846767660532,0.018061231492655677,0.01772979736206289,0.017404087590956765,0.017084024141609915,0.016769528742722233,0.016460522991569033,0.01615692844870659,0.015858666725465452,0.015565659564832284,0.015277828916167446,0.014995097003483766,0.014717386389872755,0.014444620034266784,0.01417672134571091,0.013913614231851739,0.013655223143591157,0.013401473115747627,0.013152289803989189,0.012907599518370358,0.012667329253587042,0.012431406716234803,0.012199760349287707,0.011972319353676673,0.011749013708076309,0.011529774185510525
0.5476442953020134,0.008423901564900083,0.00968085024756271,0.011033282073384302,0.012476242043179554,0.01400349968297219,0.01560768934560561,0.017280471845376812,0.01901271040252156,0.020794654200606257,0.02261612337230959,0.024466689940792805,0.026335850083781503,0.02821318398996547,0.03008850049057531,0.03195196452261893,0.033794206288317995,0.035606411688916956,0.0373803942206219,0.0391086490194238,0.04078439013078506,0.04240157236745866,0.04395489931010001,0.04543981911623822,0.046852509842812855,0.04818985597027425,0.049449417752955756,0.05062939492574085,0.05172858617372847,0.052746345638258495,0.053682537587656086,0.0545374902357595,0.05531194954828203,0.05600703374037927,0.05662418904092532,0.057165147181647516,0.05763188496340671,0.05802658615798002,0.058351605921306865,0.058609437824426916,0.0588026835472228,0.058934025231605104,0.05900620044960988,0.05902197970979609,0.05898414640031404,0.05889547904839258,0.058758735762846334,0.05857664071771583,0.05835187253056353,0.058087054387570246,0.05778474575792073,0.05744743563033743,0.05707753688736954,0.05667738218823439,0.05624922048738824,0.055795214910334456,0.05531744118986047,0.05481788693799198,0.05429845153757323,0.0537609465847804,0.05320709680402989,0.052638541364028034,0.0520568355306433,0.051463452598740536,0.05085978605148101,0.05024715190084787,0.04962679116883739,0.048999872473292266,0.04836749468736425,0.04773068964385735,0.0470904248628979,0.04644760628027801,0.04580308096033093,0.04515763977810403,0.044512020061323036,0.04386690816200817,0.043222942008911296,0.04258071353479467,0.04194077107250572,0.041303621656152985,0.040669733244065615,0.040039536863983836,0.03941342866144974,0.038791771882366044,0.03817489875795059,0.037563112312233894,0.03695668808816541,0.03635587578495513,0.03576090083793947,0.03517196589391527,0.03458925223324724,0.0340129211115951,0.03344311503385469,0.03287995896061483,0.032323561451895855,0.03177401574582903,0.03123140078243733,0.03069578216769451,0.0301672130848003,0.0296457351536937,0.029131379241446827,0.02862416622591018,0.028124107714911986,0.02763120672324188,0.02714545830957173,0.026666850175431082,0.026195363227918447,0.025730972108970424,0.025273645691388912,0.024823347545409217,0.024380036375737525,0.0239436664316347,0.023514187891247887,0.02309154722168444,0.022675687516205086,0.022266548809844924,0.0218640683747035,0.021468180996102097,0.02107881923059892,0.020695913647187425,0.020319393052374308,0.019949184700273993,0.019585214488548337,0.019227407141044858,0.018875686377930873,0.01852997507407641,0.01819019540639635,0.01785626899082232,0.01752811700953641,0.017205660329061984,0.016888819609786002,0.016577515409186575,0.016271668266645337,0.01597119880854851,0.015676027810132272,0.015386076278682069,0.015101265519349859,0.014821517198687115,0.01454675340125805,0.014276896682800118,0.0140118701183564,0.013751597346294204,0.013496002608397646,0.013245010786245735,0.012998547434217399,0.01275653880922628,0.012518911897507928,0.012285594438431533,0.012056514945968058,0.011831602727657946,0.011610787900949701
0.5542818791946309,0.008610364702122935,0.009891141231511802,0.011268480033587824,0.012737237817687558,0.014290981866175896,0.015922135263563578,0.01762214330909211,0.01938165401313389,0.021190705847759714,0.023038916466108946,0.024915666848981638,0.026810276206986547,0.028712163895550456,0.03061099553688343,0.03249681143421357,0.034360136186362716,0.03619206913389744,0.03798435588371637,0.03972944166048251,0.041420507622815704,0.04305149156632404,0.0446170946239838,0.04611277567939149,0.04753473524267103,0.04887989051522792,0.05014584330027864,0.05133084231536239,0.0524337413339562,0.05345395444511035,0.05439140957020067,0.055246501227232986,0.05602004338478403,0.05671322311201789,0.057327555596230165,0.05786484098406973,0.05832712339342435,0.058716652348585384,0.05903584680817022,0.05928726188523138,0.05947355829755518,0.05959747453786718,0.05966180171257565,0.059669360965776894,0.05962298338105187,0.05952549223442966,0.05937968746036622,0.05918833218361704,0.05895414116622625,0.05867977100765946,0.05836781201889165,0.05802078141107475,0.057641118012731696,0.05723117802560242,0.05679323190499574,0.05632946217380702,0.05584196206965001,0.05533273492080353,0.05480369415717664,0.05425666386868293,0.05369337983210479,0.05311549093378126,0.05252456092643242,0.05192207046691243,0.051309419342960245,0.05068792893119614,0.05005884474445899,0.04942333909835233,0.04878251384301481,0.04813740313531023,0.04748897622880292,0.04683814026067648,0.04618574301852042,0.04553257567237038,0.04487937545980929,0.04422682831296975,0.043575571426878165,0.04292619573980258,0.04227924835742934,0.041635234886687585,0.040994621676705804,0.04035783799489756,0.039725278101566106,0.03909730324435165,0.03847424356609769,0.03785639992784836,0.03724404564977925,0.03663742816155692,0.036036770594539684,0.03544227326722855,0.03485411511701612,0.03427245505022816,0.03369743322345747,0.03312917225667701,0.03256777838169002,0.032013342527836636,0.03146594134789937,0.030925638187421518,0.03039248399867787,0.029866518200275985,0.029347769496517843,0.028836256635812994,0.028331989135003444,0.02783496795683984,0.02734518614786468,0.026862629437945783,0.026387276803747573,0.025919100997818058,0.02545806904529104,0.02500414270993521,0.024557278931602866,0.024117430234211874,0.023684545113239145,0.02325856839178509,0.02283944155900156,0.02242710308476122,0.02202148871429982,0.021622531743672846,0.021230163277101363,0.02084431246730516,0.02046490673993275,0.020091872002805957,0.019725132841250385,0.019364612699067262,0.019010234049593813,0.018661918551553962,0.01831958719646705,0.01798316044465489,0.017652558351692132,0.017327700685735276,0.017008507036227166,0.016694896914652015,0.01638678984767506,0.016084105463242196,0.01578676357012958,0.015494684230777732,0.01520778782956198,0.014925995133933657,0.014649227351712504,0.014377406183095754,0.014110453868277167,0.013848293230879754,0.0135908477174793,0.013338041434441476,0.013089799175327424,0.012846046460238974,0.012606709551976406,0.012371715484404069,0.01214099208247355,0.011914467980692128,0.011692072639040338
0.5609194630872483,0.00879586365870244,0.010100438403807453,0.011502665659029198,0.012997214423374166,0.014577450134630918,0.016235584742308996,0.017962847910230374,0.019749672084582687,0.021585884463222557,0.02346089947830052,0.0253639061801385,0.027284045810376478,0.02921057580805387,0.0311330174529107,0.033041285259165575,0.03492579707083095,0.03677756454244361,0.03858826431100135,0.040350290669245885,0.04205679093994568,0.04370168503279754,0.04527967085006665,0.0467862173070895,0.04821754676231187,0.04957060862114319,0.05084304580453625,0.05203315566266774,0.053139846783896195,0.054162593002338395,0.055101385754741654,0.05595668578362754,0.05672937503389046,0.057420709447672406,0.05803227322984782,0.05856593503546114,0.059023806421823595,0.0594082028120502,0.05972160713306631,0.05996663622070405,0.060146010022803606,0.06026252358309542,0.06031902174753657,0.06031837650388913,0.06026346683896219,0.06015716098423127,0.060002300903167195,0.05980168887013369,0.059558075985000354,0.0592741524677545,0.058952539579272545,0.05859578301906328,0.058206347655662835,0.057786613452957825,0.057338872462907656,0.056865326763485,0.0563680872288069,0.05584917302739608,0.05531051175234693,0.05475394009586317,0.05418120498833891,0.05359396512980259,0.05299379284871793,0.052382176229844514,0.05176052145935005,0.0511301553408355,0.05049232794172579,0.049848215334117346,0.04919892239902132,0.04854548566652965,0.04788887623129698,0.04723000228341092,0.04656971256494727,0.04590879850617652,0.045247997290290116,0.044587994451069805,0.04392942647694722,0.043272883337981585,0.042618910919618044,0.04196801345329803,0.0413206556604493,0.04067726507659249,0.04003823408655402,0.039403921951717685,0.038774656736212415,0.03815073714646154,0.03753243428554955,0.03691999332419823,0.036313635090405104,0.03571355758010866,0.03511993739107754,0.03453293108301317,0.03395267646617248,0.03337929382107481,0.03281288705275756,0.03225354478146573,0.03170134137302486,0.03115633791142307,0.030618583117013917,0.030088114207767535,0.029564957721604487,0.02904913027643433,0.02854063929612301,0.028039483689190358,0.027545654487658604,0.02705913544727167,0.026579903611488997,0.02610792984084986,0.025643179309803803,0.025185611972729824,0.024735183001259653,0.02429184319188363,0.023855539353244644,0.023426214661594506,0.02300380899876485,0.02258825926623404,0.022179499679129213,0.021777462041015317,0.021382076000444047,0.020993269290695747,0.020610967953297466,0.020235096546556287,0.019865578340093254,0.019502335494973842,0.019145289234054487,0.018794359996946876,0.01844946758667395,0.01811053130487863,0.0177774700774887,0.017450202571294624,0.01712864730184906,0.01681272273352287,0.01650234737188637,0.01619743984909585,0.015897919002745484,0.015603703947988488,0.01531471414518935,0.015030869460359147,0.01475209022183722,0.014478297271675366,0.014209412012654011,0.013945356451128946,0.013686053235985556,0.01343142569390812,0.013181397861320492,0.012935894513073067,0.012694841188234279,0.012458164212842434,0.012225790720719705,0.011997648671005789,0.011773666864091818
0.5675570469798658,0.008980276674070958,0.010308615505089436,0.011735709444674914,0.013256040551581624,0.014862772886677793,0.01654790743226998,0.01830245809776442,0.020116641381132627,0.021980073749699115,0.02388196209787603,0.025811306047026597,0.027757066583988757,0.02970833801621181,0.03165449600709209,0.0335853279816352,0.03549114373153285,0.03736286595574995,0.03919210110111805,0.04097119137477957,0.0426932491899923,0.04435217558668713,0.04594266434882072,0.04746019363561777,0.048901006966601296,0.05026208536357908,0.05154111237366425,0.05273643358026221,0.053847012073572606,0.05487238119989451,0.05581259575178711,0.05666818260337242,0.057440091641809785,0.05812964770071425,0.05873850406645034,0.059268598005376386,0.059722108650058996,0.06010141748551486,0.06040907159210519,0.060647749730880496,0.06082023129523256,0.06092936810466155,0.060978058975526626,0.06096922697246544,0.06090579922019633,0.060790689138016336,0.06062678094748942,0.060416916296708846,0.06016388284131447,0.05987040462245529,0.059539134084281534,0.05917264557863574,0.05877343020982965,0.05834389188041772,0.05788634440631995,0.05740300957871449,0.05689601605715829,0.05636739899039604,0.05581910026589154,0.05525296930079186,0.05467076429351587,0.054074153863356074,0.05346471901273171,0.052843955353575875,0.05221327554586595,0.05157401190192398,0.05092741911589947,0.05027467708274154,0.04961689377522072,0.048955108152452215,0.0482902930761716,0.047623358215144726,0.046955152919568685,0.046286469059506494,0.045618043790976545,0.044950562281060154,0.044284660343326315,0.04362092700197674,0.04295990697193744,0.042302103052642336,0.04164797838322307,0.04099795890773701,0.04035243499988292,0.03971176399735775,0.03907627189654557,0.03844625525875453,0.03782198297959621,0.03720369797343607,0.036591618775093655,0.03598594106128789,0.03538683909409958,0.0347944670896032,0.03420896051402017,0.03363043731000751,0.03305899905680604,0.0324947320659701,0.031937708416165014,0.031387986929560956,0.03084561409256467,0.030310624923538188,0.02978304379008561,0.0292628851784142,0.02875015441719623,0.028244848358274236,0.02774695601650182,0.027256459170672685,0.026773332928062426,0.02629754625408879,0.025829062469289784,0.025367839715337535,0.024913831392206685,0.02446698656553051,0.02402725035355828,0.023594564282127674,0.02316886662214394,0.022750092703061327,0.022338175206270735,0.02193304443912736,0.021534628590952835,0.021142853971881995,0.02075764523569637,0.02037892558756658,0.020006616977804096,0.019640640281171125,0.019280915466482963,0.018927361750722634,0.018579897744930112,0.018238441588618252,0.017902911074662006,0.01757322376508805,0.017249297098248167,0.016931048488100415,0.016618395415871488,0.016311255514723316,0.01600954664790649,0.015713186980176576,0.015422095044813542,0.015136189803366479,0.014855390701717399,0.014579617720840867,0.014308791423222795,0.014042832995110426,0.013781664284907427,0.013525207837884367,0.01327338692758643,0.013026125583997858,0.012783348618831581,0.012544981647780154,0.012310951110878888,0.012081184289556816,0.011855609322137329
0.5741946308724832,0.009163480827240507,0.010515544686111645,0.011967479948179914,0.013513582611806768,0.015146815904283123,0.016858970049523043,0.018640843090792485,0.020482435169115014,0.02237314901837634,0.024301990077543405,0.02625776046106797,0.02822924198943949,0.03020536449154203,0.03217535659965107,0.034128877203196295,0.03605612659617233,0.03794793710599795,0.03979584362677918,0.04159213499046542,0.04332988749942357,0.04500298222175828,0.046606107827831866,0.04813475083631148,0.049585175155391,0.05095439276165879,0.05224012727430194,0.053440772058547865,0.05455534435164693,0.05558343674697487,0.056525166927988056,0.05738112863785976,0.05815233881797838,0.05884019149206344,0.059446408907969234,0.059972997618233374,0.06042220391616865,0.06079647571574078,0.0610984244551974,0.0613307910447021,0.06149641456196986,0.061598203851626676,0.06163911195654989,0.061622113278219516,0.06155018333952007,0.0614262810064344,0.06125333301369182,0.06103422063277977,0.060771768317989756,0.06046873416663156,0.06012780203239995,0.059751575136376155,0.05934257102574507,0.058903217738738266,0.05843585104212478,0.05794271261649477,0.05742594907352579,0.056887611698419896,0.05632965681956657,0.05575394671610457,0.0551622509823394,0.054556248281706,0.05393752838359492,0.05330759454716631,0.05266786599518598,0.05201968063625872,0.05136429787194856,0.05070290149429238,0.05003660263594545,0.04936644274748201,0.04869339657731841,0.04801837513538437,0.04734222844626335,0.0466657493190718,0.04598967439892105,0.04531468869652911,0.04464142738249698,0.043970478563901384,0.04330238579741355,0.04263765051374221,0.04197673435002298,0.041320061389629896,0.040668020313603066,0.04002096644766812,0.03937922373358983,0.03874308659824905,0.03811282173897386,0.03748866982158695,0.03687084709432349,0.03625954692009507,0.03565494122970148,0.03505718189909144,0.034466402052926705,0.033882717297959865,0.033306226888724484,0.03273701482858371,0.03217515090897281,0.031620691689661924,0.031073681422807243,0.030534152923494262,0.03000212838940402,0.029477620172154332,0.028960631502784377,0.028451157173762898,0.02794918417985173,0.027454692319771788,0.026967654769668746,0.026488038571348835,0.026015805212910123,0.02555091101128233,0.02509330759063899,0.02464294228303129,0.024199758511265528,0.023763696147180786,0.023334691846754255,0.022912679363387273,0.022497589840673345,0.02208935208574576,0.021687892824594983,0.02129313694017316,0.02090500769447602,0.020523426935514406,0.020148315290284963,0.019779592343283452,0.019417176805327244,0.019060986666863327,0.018710939343073923,0.018366951807506256,0.018028940716184452,0.017696822522631935,0.01737051358428241,0.017049930261025824,0.016734989006133794,0.01642560645021113,0.016121699478649894,0.01582318530235038,0.015529981524090335,0.015242006197597418,0.014959177882986284,0.014681415696897855,0.014408639358309949,0.014140769230218746,0.013877726357418395,0.013619432500733173,0.013365810167819637,0.013116782640843245,0.012872274001258146,0.012632209151560405,0.012396513835192172,0.01216511465311728,0.01193793907888407
0.5808322147651006,0.00934535184519454,0.01072109636172357,0.012197843601463521,0.013769704500324472,0.015429442079014715,0.01716863606051126,0.018977868523998295,0.020846922825923046,0.022764988407555867,0.024720864780470045,0.02670315885434381,0.02870047076149253,0.030701564374258833,0.03269551973756297,0.034671865611493484,0.03662069119718967,0.03853273688559508,0.04039946451052527,0.042213108099868474,0.04396670651263202,0.04565411962136652,0.04727002987632811,0.048809931171177594,0.050270106941772606,0.05164759938086801,0.05294017155998197,0.05414626412007181,0.05526494804639673,0.056295874879832,0.057239225550381946,0.05809565885260076,0.05886626042232904,0.0595524927036787,0.06015614800990606,0.06067930051484099,0.06112426517916787,0.06149355616568837,0.061789849493611125,0.06201594846746966,0.06217475211125371,0.06226922656866988,0.06230237939089754,0.06227723660222304,0.06219682241068839,0.06206414141428674,0.061882163142298545,0.061653808765165005,0.06138193980402107,0.061069348659695495,0.06071875088216588,0.06033277874523377,0.05991397653894343,0.05946479659634244,0.05898759686121417,0.058484639099077994,0.057958088057683474,0.057410011331826626,0.056842379853097855,0.05625706891440366,0.055655859644733234,0.055040440880326384,0.05441241130664859,0.05377328191142981,0.05312447859702659,0.05246734496543733,0.051803145214979016,0.05113306711722234,0.05045822504022489,0.049779662995278494,0.04909835768082034,0.048415221505758374,0.047731105575180136,0.047046802627764485,0.04636304989244917,0.04568053191844346,0.044999883265802565,0.04432169115633416,0.0436464980171671,0.042974803935779765,0.042307069020142314,0.041643715664788375,0.0409851307211841,0.040331667573599794,0.03968364812113804,0.03904136467020347,0.03840508172507368,0.03777503771643545,0.037151446611780777,0.036534499466318544,0.0359243658845038,0.03532119540602392,0.03472511881702469,0.03413624939034749,0.0335546840571642,0.03298050451325818,0.03241377826281358,0.03185455960334451,0.03130289054945312,0.030758801713592195,0.030222313120818044,0.02969343498582751,0.029172168439371905,0.028658506211605303,0.02815243327400437,0.027653927441802312,0.02716295993971119,0.02667949593224179,0.026203495021043518,0.02573491171095975,0.025273695846592545,0.02481979302106029,0.02437314495854745,0.023933689872165584,0.023501362798565996,0.023076095910668396,0.022657818674766707,0.022246458798470422,0.021841941134817865,0.021444189270174118,0.021053125070303883,0.02066866902163126,0.020290740423240815,0.019919257565568796,0.01955413789651085,0.019195298175866415,0.018842654618694436,0.018496123028353805,0.018155618919840535,0.017821057634044592,0.017492354445407414,0.01716942464970356,0.016852183674290425,0.01654054714136926,0.016234430954353538,0.015933751366729493,0.01563842504692523,0.015348369137146937,0.015063501308096186,0.01478373980848999,0.014509003510268645,0.014239211949691282,0.013974285364543218,0.013714144727819273,0.013458711777985886,0.013207909046176849,0.01296165988026986,0.012719888466544363,0.012482519848716865,0.012249479944251926,0.012020695558940388
0.5874697986577181,0.0095257640082866,0.010925139074307871,0.012426664530355097,0.014024267375200582,0.015710511142673866,0.017476765369067115,0.019313396093118138,0.021209969446649324,0.02315546081112548,0.02513846272004175,0.027147385591686984,0.02917064639800773,0.031196841445530938,0.03321490049402013,0.03521422043176424,0.03718477762005343,0.03911721879703588,0.04100293107979687,0.042834092121192394,0.04460370186935305,0.046305597651971654,0.04793445447760221,0.049485772526481384,0.05095585380890223,0.05234176991458583,0.05364132267864877,0.05485299945391638,0.055975924527547516,0.05700980805124755,0.05795489368381944,0.05881190597209617,0.05958199808836356,0.060266702373644475,0.060867879028335195,0.06138767210189478,0.06182846439286604,0.06219283671117554,0.062483529898634045,0.06270340992039675,0.06285543603174026,0.06294263197401238,0.0629680601141357,0.06293479841159394,0.06284592007333045,0.06270447574151204,0.06251347804802117,0.0622758883640936,0.06199460557162304,0.061672456684038195,0.06131218914845294,0.06091646466703812,0.06048785438205226,0.060028835278143046,0.059541787663773854,0.05902899360407218,0.05849263618514005,0.057934799501584214,0.05735746926657787,0.056762533953670445,0.05615178638691428,0.05552692570847031,0.05488955966263412,0.05424120709198031,0.05358330069215512,0.0529171898653362,0.052244143705362116,0.05156535405348531,0.05088193859675555,0.050194943849168235,0.04950534893154059,0.04881406731288423,0.048121951193708094,0.04742979382093075,0.04673833254009482,0.046048251645100145,0.045360185126914795,0.044674719358483495,0.043992395668978536,0.04331371283090342,0.042639129448246826,0.041969066248270265,0.04130390827503465,0.04064400698634513,0.039989682254938264,0.03934122427761338,0.03869889538220106,0.0380629317693052,0.03743354513529774,0.03681092423446461,0.03619523635043237,0.03558662869099122,0.0349852297070879,0.034391150340026155,0.03380448519913204,0.03322531367335132,0.032653700979661554,0.03208969915203408,0.03153334796848043,0.030984675835057953,0.03044370060279825,0.029910430346971578,0.029384864095178626,0.028866992512108926,0.028356798542408437,0.027854258014207045,0.027359340205186704,0.02687200837341625,0.026392220254869515,0.0259199285299696,0.025455081258071312,0.024997622289894685,0.024547491645940903,0.024104625875847014,0.02366895839214355,0.02324041978243884,0.02281893810097952,0.022404439140667712,0.021996846687037195,0.021596082754895475,0.021202067808923915,0.020814720969310863,0.020433960202065782,0.02005970249874956,0.019691864040000853,0.019330360350072236,0.018975106439240243,0.01862601693606274,0.018283006209956112,0.017945988484625208,0.01761487794309543,0.01728958882463702,0.01697003551431516,0.016656132625575453,0.016347795075760306,0.01604493815682714,0.015747477598540692,0.015455329627634039,0.01516841102141116,0.01488663915674231,0.01460993205466912,0.01433820842091399,0.014071387683608473,0.013809390020962214,0.013552136401914614,0.013299548601883386,0.013051549231782606,0.012808061758132053,0.012569010521581143,0.012334320752777302,0.012103918586493522
0.5941073825503356,0.009704590067703836,0.011127539368125773,0.012653804383642477,0.014277129438831856,0.015989879403046987,0.01778321400645792,0.019647283200932054,0.021571435448525248,0.023544431266183618,0.025554655091751814,0.0275903194734737,0.029639656637174987,0.0316910935847124,0.03373340795075167,0.035755862859329655,0.0377483199308935,0.03970133037985071,0.04160620479886227,0.043455062747782755,0.04524086365751971,0.046957420831761194,0.048599400496324524,0.05016230792152621,0.051642462683086685,0.05303696474154995,0.054343654056761496,0.05556106402745902,0.0566883717463759,0.05772534559979453,0.05867229170856995,0.05953000020616624,0.060299692222567626,0.06098296828564242,0.061581758706877106,0.062098276387718636,0.06253497236674607,0.06289449432616877,0.06317964819002637,0.06339336287108127,0.06353865816381997,0.06361861573025528,0.06363635308660932,0.06359500039908074,0.06349768041575951,0.06334748996095614,0.06314748517137321,0.0629006679475855,0.06260997484823046,0.062278267793998004,0.061908326479627886,0.06150284228212172,0.06106441349829391,0.06059554198607947,0.06009863068614273,0.059575982197302174,0.059029798165045756,0.05846217939159282,0.05787512656661897,0.05727054152670291,0.05665022896044889,0.05601589848457931,0.05536916702409429,0.05471156143710944,0.05404452133137706,0.05336940202616402,0.05268747761857146,0.051999944118942765,0.051307922624232255,0.05061246256967669,0.04991454456777603,0.04921508422924397,0.04851493457166225,0.04781488941337135,0.0471156862623839,0.04641800920650526,0.045722491714798,0.04502971934751184,0.04434023237059154,0.043654528272406554,0.042973064180810094,0.04229625918031072,0.04162449652930194,0.04095812577825343,0.04029746479022423,0.03964280166551758,0.038994396572662376,0.038352483488186706,0.037717271847650065,0.03708894811286742,0.036467677251824156,0.03585360414559114,0.03524685491363353,0.03464753816840012,0.03405574619911378,0.033471556088776847,0.03289503076728928,0.0323262200045062,0.03176516134071094,0.031211880973791746,0.030666394578540833,0.030128708088131905,0.029598818423952632,0.02907671418179476,0.028562376275826452,0.028055778543018228,0.027556888309824647,0.02706566692344768,0.026582070249603768,0.0261060491391248,0.02563754986238793,0.025176514521621875,0.024722881428938172,0.024276585465360226,0.023837558414105245,0.023405729272238128,0.022981024541646296,0.022563368500408992,0.022152683456118132,0.021748889981794802,0.021351907135796655,0.02096165266663754,0.020578043202566055,0.0202009944305716,0.019830421259053602,0.019466237971619702,0.019108358368708018,0.018756695899069368,0.01841116378157666,0.01807167511789105,0.017738142996736678,0.01741048059011282,0.017088601242086065,0.016772418550684613,0.016461846442687462,0.01615679924371068,0.015857191740680798,0.01556293924036993,0.015273957622357767,0.014990163387407943,0.014711473701470489,0.014437806435604704,0.014169080202043183,0.013905214386775144,0.01364612917872817,0.013391745595928067,0.013141985508483535,0.01289677165956333,0.012656027682941327,0.012419678118891091,0.0121876484276266
0.600744966442953,0.009881701176616004,0.011328161676185037,0.012879122173025774,0.01452814572942611,0.016267399486408374,0.018087833825333546,0.01997938260420314,0.021931176173444342,0.02393175935007775,0.02596930729735239,0.028031833226590423,0.030107382921003432,0.03218421221017418,0.03425094462152668,0.036296707471106304,0.03831124558126274,0.04028501261426443,0.04220924067499865,0.044075989361876844,0.04587817583867678,0.047609587771409764,0.04926488113794524,0.05083956498917559,0.05232997523398856,0.053733239456238924,0.05504723465701304,0.056270539413066555,0.05740238385126895,0.05844259339433778,0.05939153658573235,0.06025006895527651,0.0610194792498412,0.06170143692597992,0.06229794173046038,0.0628112758023549,0.06324395863559386,0.06359870495510433,0.06387838611280869,0.06408599425358129,0.06422461004176618,0.06429737340787058,0.06430745737602257,0.06425804481960169,0.06415230799304122,0.06399339067237153,0.06378439272743057,0.0635283569438383,0.06322825791196972,0.06288699280228462,0.0625073738517131,0.062092122391577985,0.06164386425648832,0.06116512642217696,0.06065833473056515,0.060125812568682095,0.0595697803815285,0.05899235590481696,0.0583955550166574,0.057781293115011206,0.05715138693721536,0.056507556746322365,0.055851428816966614,0.05518453816104605,0.054508331440069606,0.05382417001770434,0.05313333311174105,0.05243702100967863,0.05173635831767064,0.05103239721595773,0.050326120698561405,0.04961844577680764,0.04891022663995946,0.0482022577322514,0.047495276781506654,0.04678996772493085,0.046086963552834634,0.04538684905615672,0.04469016347544897,0.04399740304897496,0.04330902345857886,0.042625442172946025,0.041947040688595595,0.04127416666961343,0.040607135987661004,0.03994623466423752,0.039291720717528504,0.03864382591644435,0.03800275744478954,0.03736869947826413,0.036741814677924804,0.036122245602880236,0.03551011604526519,0.03490553229169503,0.03430858431328529,0.03371934688816467,0.033137880659389905,0.0325642331313834,0.03199843960790355,0.03144052407408609,0.03089050002810522,0.03034837125705164,0.029814132573235168,0.029287770499916894,0.02876926391681754,0.028258584665485312,0.027755698116626197,0.02726056370183044,0.02677313541161598,0.02629336226212283,0.02582118872951988,0.025356555162167047,0.024899398158338533,0.024449650924912497,0.024007243610201637,0.02357210361511042,0.02314415588344534,0.02272332317283461,0.02230952630721955,0.021902684412162508,0.021502715133980478,0.02110953484389913,0.020723058826776213,0.020343201459428924,0.019969876372469754,0.019602996603355554,0.019242474737229773,0.018888223037633333,0.01854015356754939,0.018198178301305774,0.01786220922811115,0.01753215844752431,0.017207938257523123,0.016889461235691388,0.01657664031329227,0.016269388844709715,0.015967620669217707,0.01567125016888302,0.015380192320887295,0.015094362745290656,0.014813677748419478,0.014538054362214524,0.01426741037971817,0.0140016643871074,0.013740735792335338,0.013484544850771605,0.013233012687668322,0.012986061318668843,0.012743613666852604,0.012505593578178991,0.012271925834477703
0.6073825503355704,0.01005696683687085,0.01152686822142602,0.013102474125670853,0.014777167922905782,0.01654292008779866,0.01839047219864391,0.020309542062552876,0.022289041489011046,0.024317298736855876,0.026382278460639553,0.02847179298425248,0.03057369984403082,0.03267608170237742,0.03476740585514805,0.03683666161413741,0.03887347478775709,0.040868199296995734,0.042811986636176885,0.04469683441869151,0.04651561564288881,0.04826209058380768,0.04993090337679268,0.05151756542583063,0.05301842775713399,0.054430644368899356,0.05575212850644014,0.056981503643323765,0.05811805077567688,0.059161653453887734,0.06011274178952358,0.06097223649215441,0.061741493815712326,0.06242225213040169,0.06301658068629692,0.06352683099994454,0.06395559117568138,0.06430564337045785,0.06457992452075988,0.06478149037662566,0.06491348282539933,0.06497910043812756,0.06498157213214045,0.06492413381331459,0.06481000783955844,0.06464238513200975,0.06442440975121833,0.0641591657512109,0.06384966612393486,0.06349884364917588,0.06310954347082828,0.06268451722659683,0.062226418567607106,0.061737799913355824,0.06122111029762818,0.06067869417135269,0.060112791038769924,0.05952553581358768,0.058918959791816605,0.05829499214762242,0.057655461873880855,0.057002100048437296,0.05633654248792378,0.05566033251317887,0.05497492398886693,0.054281684461130894,0.053581898395833605,0.052876770474883865,0.052167428917840264,0.051454928825987525,0.05074025545269588,0.05002432750537502,0.049308000338025446,0.04859206910210502,0.047877271802280234,0.04716429228236301,0.046453763104826164,0.0457462683371693,0.04504234623577425,0.04434249182570982,0.043647159375766305,0.04295676476810888,0.04227168776332871,0.04159227416199068,0.0409188378643929,0.04025166283067278,0.03959100494373521,0.038937093777797326,0.03829013427547722,0.03765030833647965,0.037017776321458196,0.036392678473737436,0.03577513626287648,0.0351652536530062,0.03456311829941336,0.03396880267662468,0.033382365141216994,0.03280385093243199,0.032233293114192534,0.03167071345992862,0.031116123285724592,0.03056952423194972,0.03003090899762832,0.029500262029643783,0.028977560169055592,0.02846277326613408,0.027955864704983808,0.027456792022559174,0.02696550732022454,0.026481957773586445,0.02600608606019109,0.02553783076759553,0.02507712677479844,0.02462390560860846,0.024178095776443045,0.023739623076990467,0.023308410889948148,0.022884380446351094,0.022467451080401782,0.02205754046409518,0.021654564825639985,0.021258439152880632,0.02086907738126337,0.020486392571419154,0.020110297070216568,0.019740702663048802,0.019377520713904247,0.01902066229531039,0.018670038308617333,0.01832555959514019,0.017987137038959277,0.017654681661648786,0.017328104709624252,0.01700731773462375,0.016692232667071743,0.016382761884863466,0.0160788182744461,0.015780315288081628,0.0154871669955336,0.015199288131206155,0.014916594136948616,0.014639001200768094,0.014366426291825489,0.014098787191841641,0.013836002523235224,0.013577991774235007,0.013324675320830386,0.013075974446803612,0.012831811360281185,0.012592109208722667,0.012356792091460553
0.6140201342281879,0.010230254863253407,0.011723518934227533,0.013323713551276551,0.015024044146773625,0.016816285730729512,0.01869097172481094,0.02063760399009354,0.022644875388738998,0.02470089674907148,0.026793420934856534,0.02891005775361291,0.031038474586329495,0.03316657880785201,0.03528267921622894,0.03737562476908766,0.03943491988409585,0.04145081638776578,0.043414382877373266,0.045317552797740614,0.047153152929867076,0.04891491425933974,0.0505974673494267,0.0521963244060073,0.05370785020435672,0.0551292239716619,0.056458394191408495,0.057694028141082,0.05883545779509884,0.059882623216761334,0.060836016929351644,0.06169662361671348,0.06246586722917175,0.06314555502322987,0.06373782581533811,0.06424510064081497,0.0646700364454606,0.06501548301357328,0.06528444324480787,0.06548003681831155,0.06560546721978346,0.06566399205730102,0.06565889655244514,0.06559347006341967,0.06547098547519979,0.06529468122967774,0.06506774613911714,0.06479330579532153,0.06447441204094326,0.06411403365499287,0.06371504906477242,0.06328024057613207,0.06281229000290321,0.06231377553829799,0.06178716972162385,0.06123483834786064,0.060659040310134804,0.06006192791444637,0.05944554813875375,0.058811844165266206,0.05816265744666001,0.057499730114447006,0.0568247076780492,0.05613914195386149,0.055444494171143506,0.05474213820775384,0.054033363910684064,0.05331938049701865,0.05260131990941999,0.05188024026046152,0.05115712918209319,0.05043290715804405,0.04970843079985248,0.04898449601942912,0.04826184118248402,0.04754115009561225,0.04682305494866719,0.04610813913537315,0.04539693997274505,0.044689951312691815,0.043987626046735166,0.04329037850235712,0.04259858673242812,0.04191259469886507,0.0412327143539895,0.040559227610865875,0.0398923882382876,0.039232423628285135,0.03857953649426095,0.03793390646992089,0.037295691623703955,0.03666502988959111,0.036042040420387556,0.035426824860785494,0.03481946855309994,0.034220041669758464,0.03362860028137609,0.03304518736179481,0.0324698337334857,0.03190255895635377,0.03134337216288529,0.030792272842472698,0.03024925157764229,0.02971429073484858,0.02918736511198291,0.02866844254605325,0.02815748448135871,0.027654446502829673,0.027159278834432345,0.026671926805835324,0.026192331288808136,0.02572042910518346,0.02525615340806517,0.024799434037874903,0.02435019785474414,0.023908369048698655,0.02347386942884133,0.023046618693104877,0.02262653467943284,0.02221353359973382,0.021807530257601036,0.0214084382508108,0.02101617015954493,0.02063063772122666,0.020251751992807474,0.019879423501034704,0.019513562383247696,0.01915407851397759,0.018800881627054872,0.018453881426763828,0.01811298767987497,0.017778110330220195,0.01744915956473686,0.01712604590353476,0.016808680270504237,0.01649697406142436,0.01619083920437679,0.01589018821635975,0.015594934254340692,0.015304991161777104,0.015020273510818975,0.014740696640432406,0.0144661766908291,0.014196630634317977,0.013931976302940142,0.013672132412857921,0.013417018586204152,0.013166555370215606,0.012920664253505448,0.012679267680552149,0.012442289063785543
0.6206577181208054,0.010401431367540948,0.01191797138846285,0.013542690725815664,0.015268618808807815,0.01708733653810737,0.018989169940678643,0.020963405111078536,0.02299851559224103,0.02508239390554832,0.02720257980181339,0.029346478870814888,0.031501566329925144,0.03365557202277841,0.03579664384203644,0.03791348788659514,0.039995484643350544,0.042032781323322645,0.04401636117238508,0.04593809111807204,0.04779074951280468,0.04956803600312742,0.05126456570946288,0.052875849958627354,0.054398265789095845,0.05582901636686478,0.05716608431562697,0.058408179501474276,0.05955468504935104,0.06060559669536837,0.061561467340220805,0.062423347280985905,0.06319272737098922,0.0638714837107941,0.06446182473917106,0.06496624115128717,0.06538745892438057,0.06572839581652219,0.065992120944272,0.06618181830543132,0.06630075338130749,0.0663522432376407,0.06633962983742055,0.0662662564383156,0.06613544684692339,0.06595048774415115,0.06571461268558107,0.06543098958268677,0.06510270946417628,0.0647327775260259,0.06432410588251634,0.06387950789568961,0.0634016939136506,0.06289326825753146,0.06235672730900345,0.061794458558936054,0.06120874049166914,0.06060174318791141,0.05997552954092963,0.059332056990434506,0.05867317968817955,0.05800065101822349,0.05731612640347214,0.056621166337458895,0.05591723958801748,0.055205726525572395,0.054487922535795125,0.05376504148001371,0.053038219173986524,0.05230851685828188,0.051576924638405866,0.05084436487583004,0.05011169551658443,0.04937971333876354,0.048649157119012305,0.04792071069992092,0.047195005958358995,0.04647262566817797,0.04575410625531387,0.04503994044191708,0.04433057978099794,0.04362643707985644,0.04292788871422991,0.042235276834378783,0.04154891146681524,0.040869072502771484,0.04019601161025374,0.03952995401599711,0.03887110021724175,0.038219627592641504,0.03757569192744577,0.036939428854093126,0.036310955212746875,0.03569037033448894,0.035077757251081934,0.03447318383462058,0.0338767038712641,0.03328835806670915,0.032708175003493135,0.03213617202507274,0.03157235607782466,0.031016724496959736,0.030469265744705445,0.029929960102980085,0.0293987803218091,0.02887569222826337,0.028360655295755748,0.027853623177436698,0.027354544205661847,0.026863361856832118,0.026380015191799236,0.02590443925979574,0.02543656548142304,0.024976322004005284,0.02452363403359617,0.024078424144705332,0.02364061256894346,0.02321011746421581,0.02278685516526811,0.02237074041698308,0.02196168659159747,0.021559605889548895,0.0211644095288424,0.02077600791726622,0.02039431081486341,0.02001922748351241,0.019650666825673485,0.01928853751282501,0.0189327481041735,0.018583207156414476,0.01823982332494249,0.017902505457170106,0.017571162678520935,0.017245704470928814,0.016926040746252622,0.016612081911763818,0.01630373893136881,0.016000923380978783,0.015703547499029212,0.015411524232382763,0.015124767277929715,0.0148431911212337,0.014566711064841855,0.0142952432696826,0.014028704771064862,0.013767013508072603,0.013510088343834579,0.013257849084125185,0.013010216493178945,0.012767112307707978,0.012528459248541386
0.6272953020134228,0.010570360764811652,0.012110080758592557,0.013759252794383952,0.01551073244143611,0.017355908016477427,0.019284899044135263,0.021286776121053372,0.02334979314649051,0.0254616234653684,0.0276095923622706,0.02978089944320571,0.03196282565786515,0.0341429209549251,0.03630916977369061,0.038450132694340056,0.04055506356731409,0.0426140022961162,0.04461784414796859,0.04655838701389364,0.04842835844116327,0.05022142453010806,0.05193218293984793,0.05355614230045974,0.05508969030383135,0.056530052653338624,0.057875244916969174,0.0591240191578765,0.060275806692262714,0.06133066079788971,0.06228919363764966,0.0631525201803999,0.0639221983213536,0.06460017294513958,0.0651887221592407,0.06569040645747518,0.06610802111410748,0.06644455200248889,0.06670313493865633,0.06688701857533356,0.06699953080800188,0.067044048605155,0.0670239711339516,0.06694269602630878,0.06680359860525525,0.06661001388072287,0.06636522111433923,0.06607243075024884,0.0657347735097273,0.0653552914520702,0.06493693080994525,0.06448253641666828,0.0639948475521631,0.06347649504512926,0.06292999948007486,0.06235777036917244,0.06176210616028463,0.06114519496355683,0.06050911588975812,0.05985584090383288,0.05918723710688564,0.05850506936894464,0.057811003243627604,0.057106608103339715,0.056393360441401176,0.05567264729381166,0.05494576973996643,0.05421394644633117,0.053478317223124405,0.05273994656771804,0.05199982717290889,0.051258883381679714,0.050517974573268516,0.04977789846816849,0.04903939434221174,0.04830314614050502,0.04756978549570992,0.04683989461551772,0.0461140090883124,0.045392620553509906,0.04467617926743527,0.043965096554514776,0.04325974714645132,0.04256047141097652,0.04186757747310881,0.04118134322937922,0.04050201826153876,0.03982982564943616,0.039164963688320516,0.03850760751380939,0.03785791063783247,0.037216006399026766,0.03658200933199917,0.03595601645817522,0.035338108502365455,0.03472835103838791,0.034126795568106896,0.03353348053119295,0.03294843226712023,0.032371665901534716,0.03180318619206939,0.031242988316720427,0.03069105861337994,0.030147375274715282,0.029611908998316675,0.029084623596060996,0.028565476564639286,0.028054419619501503,0.027551399194761562,0.02705635690821064,0.02656923000195648,0.026089951746160765,0.025618451821931888,0.025154656676371793,0.02469848985432584,0.024249872307462294,0.023808722682609012,0.02337495759030015,0.02294849185472321,0.022529238746371912,0.022117110198599806,0.021712017007693128,0.02131386902163164,0.02092257531156156,0.02053804433332193,0.020160184076532056,0.019788902202449145,0.019424106171680954,0.019065703362140498,0.01871360117807361,0.018367707150527633,0.018027929029945742,0.017694174871449975,0.01736635311260978,0.017044372646218952,0.016728142885007635,0.016417573822471974,0.016112576087090363,0.015813060992717617,0.015518940583614478,0.015230127675497442,0.014946535892485924,0.014668079700398556,0.014394674436486602,0.01412623633600397,0.013862682555507187,0.0136039311937645,0.013349901309817298,0.013100512938344399,0.012855687103203967,0.012615345828622795
0.6339328859060402,0.010736905804714028,0.012299699800564622,0.013973243695893272,0.015750221565885354,0.017621830856023982,0.019577985628394787,0.021607541355307347,0.023698532029571857,0.025838410969495264,0.028014287619601442,0.030213153778596756,0.0324220939352942,0.03462847566276764,0.03682011726002753,0.038985430972628514,0.041113541141117496,0.04319437749455511,0.045218744516807165,0.04717836836681878,0.04906592323835697,0.050875039313898134,0.05260029461773368,0.05423719312221974,0.05578213143118606,0.05723235626599336,0.05858591483845912,0.059841600017746174,0.06099889200238879,0.06205789800281775,0.06301929123285756,0.06388425030732375,0.06465439995189395,0.06533175375431616,0.06591865952490938,0.06641774771424967,0.06683188301844763,0.06716411986185561,0.06741766101739483,0.0675958202179404,0.06770198821292832,0.06773960234169718,0.06771211946510844,0.06762299209150516,0.06747564751224745,0.06727346974846521,0.06701978410311393,0.06671784410985539,0.06637082067154486,0.06598179318630727,0.0655537424652994,0.06508954525603801,0.06459197019480523,0.06406367502319885,0.06350720491407084,0.06292499176638944,0.062319354336944764,0.061692499090801274,0.06104652166210818,0.060383408827764086,0.059705040906338276,0.05901319450397069,0.05830954553785037,0.057595672475569404,0.05687305973646592,0.056143101207663616,0.055407103833596656,0.054666291243772994,0.053921807388120614,0.053174720154172225,0.05242602494421876,0.051676648194228965,0.05092745081953076,0.0501792315750681,0.04943273032061017,0.04868863118331746,0.04794756561211652,0.047210115319869586,0.04647681511087442,0.04574815559220265,0.045024585804773594,0.044306515522248575,0.04359431797621416,0.04288833174762405,0.04218886308879741,0.041496187921603186,0.040810553767289114,0.04013218157533753,0.03946126745454732,0.038797984310489725,0.03814248339261322,0.037494895754547015,0.03685533363229822,0.03622389174292185,0.03560064850804942,0.03498566720564495,0.03437899705354507,0.03378067422821267,0.03319072282203094,0.03260915574235442,0.032035975555418976,0.03147117527809378,0.03091473912037552,0.030366643181136688,0.029826856100211938,0.029295339668819184,0.028772049400997216,0.028256935068224253,0.027749941199799396,0.027251007548102755,0.026760069529440874,0.0262770586276905,0.02580190277709443,0.025334526717077522,0.024874852323574,0.024422798917808304,0.023978283554111954,0.023541221287864955,0.023111525424911718,0.022689107753566855,0.022273878760020332,0.021865747830140767,0.021464623432710824,0.021070413294880054,0.020683024560805636,0.020302363940209157,0.01992833784562399,0.01956085251933545,0.019199814150585772,0.018845128983872722,0.018496703418678713,0.01815444410135399,0.01781825800967088,0.01748805252989087,0.01716373552888551,0.016845215418177895,0.016532401213888645,0.016225202590801357,0.01592352993161724,0.01562729437162346,0.015336407839089513,0.015050783091627162,0.014770333748918793,0.014494974321893221,0.01422462023875877,0.0139591878677169,0.013698594537630929,0.013442758555078507,0.013191599219736574,0.012945036837210091,0.012702992729817815
0.6405704697986577,0.010900927630678011,0.01248667885960671,0.014184504112923622,0.015986918578234862,0.017884930749144948,0.019868250430691205,0.021925518466798816,0.02404454875861578,0.02621257378092763,0.028416485755335504,0.03064306680170806,0.03287920267205929,0.03511207597071891,0.037329336032473556,0.03951924379629433,0.04167079104960591,0.04377379430163061,0.045818964265680974,0.047797952490702504,0.04970337708998815,0.051528829784675725,0.05326886662814118,0.054918984822339284,0.0564755880027362,0.05793594226358328,0.05929812504829762,0.060560968846070914,0.06172400143384888,0.06278738419121263,0.06375184980349159,0.06461864046232067,0.06538944747772248,0.06606635303510221,0.0666517746664769,0.06714841285855992,0.06755920209284368,0.06788726550079495,0.06813587322460204,0.06830840449522295,0.0684083133759796,0.06843909806921829,0.06840427364433119,0.06830734801624663,0.06815180098292593,0.06794106611714971,0.06767851530072143,0.06736744568669635,0.06701106888013336,0.06661250212247595,0.06617476129333372,0.06570075552606638,0.0651932832656596,0.06465502959873182,0.06408856469768652,0.06349634323833261,0.06288070464198021,0.062243874115810824,0.06158796410464743,0.06091497651701074,0.06022680517563375,0.05952523869034122,0.05881196359106156,0.05808856767211288,0.05735654349356368,0.05661729199239134,0.055872126161611566,0.055122274762999204,0.054368886041901814,0.05361303141901808,0.052855709137218786,0.052097847845384695,0.051340310104432255,0.050583895803533556,0.04982934547711486,0.049077343515227315,0.04832852126197151,0.047583459998236134,0.046842693806264976,0.046106712315168004,0.045375963327020916,0.04465085532445877,0.04393175986119089,0.0432190138375153,0.04251292166338728,0.04181375731197732,0.041121766266999225,0.04043716736725036,0.03976015455192027,0.03909089851079046,0.03842954824252499,0.037776232525524985,0.037131061304831986,0.03649412699901367,0.03586550573078,0.03524525848501821,0.03463343219784702,0.03403006078019129,0.033435166079171144,0.032848758781266,0.03227083925836298,0.03170139836313534,0.031140418173290954,0.030587872689254676,0.030043728487820134,0.02950794533377999,0.02898047675233249,0.02846127056442736,0.027950269387246453,0.02744741110188322,0.026952629290177804,0.026465853642560364,0.02598701033865471,0.02551602240229824,0.025052810032562645,0.024597290912129626,0.024149380494662722,0.02370899227221576,0.023276038024077884,0.022850428048164062,0.02243207137626386,0.022020875972700676,0.021616748921801016,0.021219596597698606,0.020829324824714352,0.020445839024684897,0.020069044353471104,0.01969884582715893,0.019335148438520713,0.018977857264589386,0.01862687756565638,0.01828211487642686,0.017943475089887535,0.017610864533641687,0.017284190041380012,0.016963359016220134,0.01664827949000576,0.01633886017672364,0.016035010521126936,0.015736640742787057,0.015443661875888106,0.015155985805000556,0.01487352529724061,0.01459619403088864,0.014323906620884196,0.014056578641004971,0.013794126644043475,0.013536468178345192,0.013283521802721314,0.013035207098808082,0.012791444681400886
0.6472080536912752,0.011062285870344035,0.012670865908341532,0.014392871448710425,0.01622065166108734,0.0181450282308522,0.020155508098209273,0.02224051811615486,0.02438765200405922,0.02658392062511261,0.028815997599131105,0.031070453458145672,0.03333397286657242,0.035593550759537324,0.037836664549346324,0.04005142074069838,0.042226675353115146,0.04435212844853836,0.04641839379496879,0.048417045264762704,0.050340641977944724,0.05218273447113114,0.053937854319822086,0.0556014896829678,0.057170049199955594,0.05864081655900404,0.060011897903265936,0.06128216405076956,0.06245118929624595,0.06351918834540193,0.06448695271461306,0.06535578771801977,0.06612745096461005,0.06680409310350262,0.06738820138849003,0.06788254648364692,0.06829013280240695,0.06861415255874778,0.06885794361548236,0.06902495113506071,0.06911869297432088,0.06914272871364883,0.06910063217173824,0.06899596722806668,0.06883226675487472,0.0686130144475092,0.06834162933523005,0.0680214527528895,0.0676557375350709,0.06724763936861017,0.06680020965765254,0.06631639044371765,0.06579901046175958,0.06525078260280023,0.06467430247714719,0.06407204795282914,0.06344637953511201,0.06279954146492281,0.06213366342553121,0.06145076276444298,0.06075274709474996,0.06004141732947079,0.059318470889358724,0.05858550512441788,0.05784402097117065,0.05709542662898442,0.05634104133118474,0.055582099166802415,0.054819752829402324,0.05405507743061721,0.053289074194317276,0.05252267411412154,0.05175674150396005,0.05099207750417957,0.05022942341786445,0.049469463986318636,0.04871283052870609,0.04796010396628973,0.047211817724312766,0.046468460512398876,0.04573047898220154,0.04499828026390265,0.04427223438305328,0.043552676560030375,0.04283990939483822,0.04213420494035302,0.04143580666745955,0.04074493132564162,0.040061770702755115,0.039386493288232224,0.03871924584296247,0.038060154880603686,0.03740932806372877,0.03676685551895819,0.03613281107487621,0.03550725342651017,0.034890227230050946,0.034281764131387775,0.03368188373191625,0.033090594494957645,0.032507894596003346,0.031933772719868775,0.031368208807760666,0.030811174756781027,0.03026263507522106,0.0297225474954682,0.02919086354744465,0.028667529094737805,0.028152484835628648,0.027645666771255854,0.027147006642447652,0.026656432337839844,0.026173868274304724,0.025699235751810753,0.025232453284165457,0.02477343690701224,0.02432210046933884,0.023878355877587937,0.023442113389522047,0.023013281799444875,0.02259176867539048,0.022177480553616992,0.02177032312327896,0.021370201397637102,0.02097701987266587,0.02059068267386681,0.020211093692045812,0.01983815670878147,0.01947177551214913,0.01911185400357557,0.018758296296108257,0.018411006804856783,0.018069890330153587,0.017734852133198118,0.017405798006833843,0.01708263433822576,0.016765268167496253,0.016453607240498467,0.01614756005680922,0.015847035913172974,0.015551944942654695,0.01526219814990774,0.014977707442683735,0.014698385659975787,0.014424146596755692,0.014154905026042625,0.013890576718158286,0.013631078456968294,0.01337632805427585,0.013126244361712181,0.012880747280614549
0.6538456375838926,0.0112208387608074,0.01285210661903783,0.014598179840384104,0.016451244724706174,0.018401938544741474,0.02043956697477896,0.022552343676839743,0.024727642212976048,0.026952251132746657,0.02921262409397462,0.031495118106648685,0.03378621433091508,0.03607271723116069,0.038341929208096405,0.040581799049446615,0.04278104361962187,0.044929243119818475,0.04701691100539711,0.04903554021038101,0.05097762775529206,0.052836680081049886,0.054607201598568064,0.05628466898223122,0.05786549369115774,0.05934697508588552,0.06072724634923187,0.062005215223545025,0.06318050136216466,0.06425337186999963,0.06522467638402983,0.06609578282987817,0.06686851478579499,0.06754509119776834,0.06812806901898832,0.0686202891950232,0.06902482628464263,0.06934494189067279,0.06958404198058521,0.06974563809604206,0.06983331238561521,0.06985068634549664,0.0698013931099343,0.06968905310882323,0.06951725288602988,0.06928952686129096,0.06900934181161901,0.06868008384694904,0.06830504765745175,0.0678874277917482,0.06743031193054645,0.06693667543930105,0.06640937787825846,0.06585116043195849,0.06526464461381974,0.06465233192624366,0.06401660436363907,0.06335972563499798,0.06268384299395555,0.06199098957554643,0.06128308714936553,0.06056194920901214,0.05982928432637909,0.05908669970835661,0.05833570490067469,0.05757771559196044,0.05681405747516642,0.05604597013227874,0.05527461091109485,0.054501058766526285,0.05372631806027333,0.05295132225502986,0.05217693756551742,0.05140396647796413,0.05063315117503513,0.04986517684394538,0.04910067486336665,0.04834022587670248,0.04758436271776482,0.046833573240953774,0.04608830300378909,0.04534895783427195,0.044615906274527814,0.04388948190634684,0.04316998554965142,0.042457687372776366,0.041752828858811375,0.04105562469105458,0.040366264525866294,0.0396849146691614,0.03901171965814341,0.03834680375332261,0.037690272344128126,0.03704221327249635,0.03640269807827948,0.035771783171182146,0.03514951092712727,0.03453591073026737,0.03393099993488378,0.03333478477985825,0.03274726124141702,0.03216841583316906,0.031598226355383285,0.03103666259715937,0.030483686992412648,0.029939255235020355,0.029403316852957658,0.028875815745757694,0.02835669068414026,0.027845875782589697,0.027343300932564478,0.026848892212551285,0.02636257226816125,0.025884260666821153,0.025413874228269535,0.024951327332202792,0.024496532204832087,0.024049399185289828,0.023609836973392747,0.023177752860053736,0.0227530529400753,0.022335642312537242,0.021925425262810258,0.021522305434065907,0.021126185984978826,0.02073696973582354,0.020354559303541297,0.01997885722641992,0.019609766081643016,0.019247188579159004,0.018891027683578303,0.018541186679706063,0.01819756926654709,0.01786007963132307,0.017528622517558344,0.01720310328861306,0.01688342798504403,0.016569503376839274,0.016261237010781717,0.015958537253278067,0.015661313329973798,0.015369475355114775,0.015082934373132809,0.014801602375587808,0.01452539233067016,0.014254218203714173,0.01398799497590606,0.013726638660044779,0.013470066314449667,0.013218196054381537,0.012970947061465185
0.6604832214765101,0.011376443312619368,0.013030244474225577,0.014800260202268413,0.016678517382034762,0.018655471538833963,0.02072022891237979,0.022860790959146077,0.025064311244299642,0.027317355386879683,0.029606155758566045,0.03191685390069198,0.03423572499748855,0.03654938014744841,0.03884494352414647,0.041110202762951846,0.043333732010367595,0.04550498800629711,0.04761438032772132,0.04965331750667645,0.051614231156621816,0.053490580514708376,0.05527683995132317,0.05696847203620272,0.0585618886976764,0.06005440289458419,0.061444173051797196,0.0627301423090365,0.06391197441285394,0.06498998784817175,0.06596508958533959,0.06683870930783598,0.06761273702222668,0.06828945892800409,0.06887150190820633,0.06936177727730071,0.06976342994499417,0.07007979120937972,0.07031433553355365,0.07047064129870952,0.07055235546178695,0.07056316199381078,0.07050675393629288,0.07038680888330001,0.07020696767756628,0.06997081609638511,0.06968186929713761,0.0693435587912672,0.06895922171936399,0.06853209220559943,0.0680652945795047,0.06756183826335971,0.06702461413530565,0.06645639219162923,0.06585982034332051,0.06523742419682224,0.06459160768043729,0.06392465439110304,0.06323872954810189,0.06253588245175885,0.06181804934980146,0.06108705667320667,0.060344624441367095,0.059592369987268655,0.05883181173360725,0.05806437310052561,0.05729138645983628,0.056514097107139526,0.05573366722097056,0.05495117978357821,0.054167642441944934,0.053383991291420754,0.052601094567637466,0.05181975623531299,0.05104071946503706,0.05026466999136626,0.04949223934731089,0.048724007972853985,0.04796050819402373,0.047202227074527425,0.04644960913821024,0.04570305896492873,0.044962943661503045,0.044229595210422065,0.04350331269938198,0.042784364410733106,0.04207298994152874,0.04136940187120874,0.040673787760937774,0.03998631175381496,0.039307116179117765,0.0386363230569062,0.03797403551373224,0.03732033911490747,0.03667530311760868,0.036038981649650775,0.03541141481172101,0.03479262972492697,0.03418264149703291,0.033581454141068265,0.032989061431411504,0.032405447707266874,0.03183058862358979,0.03126445185597145,0.03070699775866068,0.030158179980511582,0.029617946040659062,0.029086237866832718,0.028562992295583164,0.02804814154551684,0.02754161365063714,0.027043332870633905,0.02655322007097282,0.026071193077476264,0.025597167006605918,0.02513105457278846,0.02467276637460576,0.024222211160735824,0.023779296077207628,0.023343926897264097,0.022916008233503888,0.022495443737741,0.022082136282255038,0.021675988130673778,0.02127690109496965,0.020884776680850033,0.02049951622211141,0.02012102100459485,0.019749192380597295,0.019383931874162978,0.019025141277981113,0.018672722742500435,0.018326578857076017,0.017986612725770734,0.017652728034710102,0.017324829114976584,0.017002820999309668,0.016686609473698686,0.016376101085670444,0.016071203378742346,0.015771824547182896,0.015477873848147,0.015189261452692464,0.014905898498374698,0.014627697119311623,0.014354570465983181,0.014086432723385237,0.013823199126317227,0.013564785972798228,0.013311110635018678,0.013062091568306304
0.6671208053691275,0.011528955516853049,0.013205120920353006,0.014998940317691186,0.016902284962601863,0.0189054315962062,0.020997289112156058,0.023165647957359273,0.02539744202015856,0.027679013479043724,0.02999637214929193,0.032335442161035864,0.03468229020791003,0.037023331042615536,0.03934550727519877,0.041636441801968085,0.043884562316020566,0.046079198302146386,0.04821065169079594,0.05027024293959926,0.05225033473775288,0.054144335804277396,0.05594668743932457,0.05765283516339199,0.05925918898182548,0.060763073169933006,0.06216266944933902,0.06345695469875821,0.06464563537511976,0.06572908022552643,0.06670825268122246,0.06758464409857586,0.06836020879924073,0.06903730166564549,0.06961861887094485,0.07010714216514574,0.07050608700332674,0.07081885468259437,0.07104898855738655,0.07120013432002871,0.07127600426864952,0.07128034542965016,0.07121691136821647,0.07108943748413424,0.07090161957632492,0.07065709540926093,0.07035942929207505,0.07001209869196985,0.06961848388483882,0.06918185918077223,0.06870538624939121,0.06819210909210904,0.06764495050349385,0.06706670984114949,0.06646006193799486,0.06582755700298538,0.06517162137061966,0.06449455897191401,0.06379855341200914,0.06308567055125548,0.062357861497589866,0.06161696592849754,0.06086471566994563,0.06010273846889773,0.05933256190371507,0.05855561738433506,0.05777324420034644,0.056986693581526054,0.056197132737435165,0.05540564887121426,0.05461325308445039,0.053820884258710504,0.05302941279647584,0.052239644272138536,0.05145232296368764,0.05066813526159937,0.04988771295030806,0.04911163635957472,0.048340437383885715,0.04757460236996508,0.04681457487288633,0.046060758282411955,0.045313518321794484,0.04457318542184684,0.04384005697354126,0.04311439946273445,0.04239645049058651,0.04168642068636943,0.040984495508617616,0.04029083695309707,0.03960558515712204,0.03892885991420023,0.038260762099304076,0.03760137501005595,0.036950765627749425,0.036308985802269524,0.03567607336483144,0.035052053172333585,0.0344369380869892,0.033830729894764364,0.033233420166009046,0.032644991061564196,0.03206541608722672,0.031494660799967676,0.030932683468263042,0.030379435689488584,0.029834862966838332,0.029298905248631227,0.028771497429227313,0.028252569822920785,0.027742048597522294,0.027239856184903433,0.026745911661128455,0.026260131100964444,0.02578242790798558,0.025312713121611617,0.02485089570296031,0.024396882800349157,0.023950579996065795,0.023511891535701105,0.02308072053967107,0.022656969202540504,0.022240538973550553,0.021831330726875108,0.021429244917926377,0.02103418172804958,0.02064604119817402,0.020264723352052833,0.019890128309972985,0.01952215639333061,0.01916070822082325,0.018805684796867915,0.018456987592029166,0.0181145186181838,0.017778180495151105,0.017447876512947002,0.01712351068782642,0.016804987813236062,0.016492213505921456,0.016185094247534223,0.015883537421967263,0.015587451348889588,0.015296745313529763,0.015011329593163484,0.014731115480123578,0.014456015302653169,0.014185942441991055,0.01392081134770149,0.01366053755033899,0.01340503767198148,0.013154229434738525
0.6737583892617449,0.01167823059992999,0.013376575569642802,0.015194044973711202,0.017122358570972444,0.01915161760614606,0.02127053600039459,0.023466694625140033,0.025726808197584924,0.02803699507623111,0.03038304132487605,0.03275065174138301,0.0351256819853415,0.037494347409525314,0.03984340561011706,0.04216031101055007,0.04443334082374751,0.04665169364213019,0.04880555942326894,0.050886166778972036,0.052885805738779615,0.05479783097330253,0.05661664733778926,0.05833768056384664,0.05995733574839744,0.061472946162272224,0.06288271471982716,0.06418565023742275,0.06538150037495447,0.06647068291306218,0.06745421677857322,0.06833365399929597,0.06911101355173664,0.06978871786518326,0.07036953256508584,0.07085650987832907,0.07125293598482167,0.07156228247862989,0.07178816200350045,0.07193428804392483,0.07200443878658062,0.07200242491459631,0.07193206115732237,0.0717971413894201,0.07160141705351969,0.07134857866894848,0.07104224018378197,0.07068592592726508,0.07028305992444231,0.06983695734123771,0.06935081783904873,0.06882772062893291,0.06827062102898039,0.06768234834002866,0.06706560487254963,0.06642296596656252,0.06575688086387614,0.06506967430321009,0.06436354872191012,0.06364058695985275,0.06290275537234945,0.0621519072626897,0.06138978660866181,0.06061803187641561,0.059838180103617356,0.05905167096520612,0.05825985092322143,0.05746397737681983,0.05666522278928838,0.055864678766462644,0.0550633600653878,0.05426220851585596,0.053462096840790445,0.05266383236449199,0.05186816060012132,0.05107576871024875,0.05028728883608473,0.04950330129272037,0.04872433762908025,0.047950883552522805,0.0471833817189966,0.04642223439051062,0.045667805962357595,0.04492042536308616,0.04418038833066015,0.04344795956857383,0.042723374777520744,0.042006842626435205,0.04129854648805026,0.04059864624255623,0.03990727985395703,0.03922456490441523,0.03855060002975096,0.037885466269798225,0.037229228337574895,0.03658193581142838,0.03594362425415933,0.035314316262995554,0.034694022454151416,0.03408274238097393,0.03348046542126354,0.03288717154068737,0.032302832095888925,0.03172741052011974,0.031160862990103576,0.030603139045061453,0.030054182164955142,0.0295139303108551,0.028982316426646972,0.028459268913580076,0.027944712064212403,0.027438566473228808,0.026940749417668337,0.026451175211426543,0.02596975553511524,0.025496399743057493,0.02503101514862491,0.02457350728943257,0.024123780173629674,0.02368173650872287,0.023247277912513388,0.022820305111874155,0.022400718122600437,0.02198841641904024,0.021583299089725224,0.02118526498138141,0.02079421283188745,0.02041004139280821,0.02003264954241143,0.019661936389534024,0.019297801369075177,0.018940144329721888,0.01858886561366954,0.018243866131140672,0.017905047426307098,0.01757231173890005,0.01724556205959701,0.016924702180343774,0.016609636739821968,0.01630027126445259,0.015996512205136523,0.0156982669701965,0.015405443954593853,0.015117952565861388,0.014835703246559787,0.014558607494625576,0.014286577879919916,0.014019528059069994,0.013757372787645548,0.01350002793021985,0.013247410468418949
0.6803959731543624,0.011824123331308209,0.013544446455950874,0.015385396150575626,0.017338545196134036,0.019393822982056767,0.021539751145767904,0.023763702685088782,0.0260521738661195,0.028391059004931204,0.030765919317520193,0.03316223839000691,0.03556565829204012,0.03796219186049113,0.04033840812188088,0.042681589150386647,0.04497985782934634,0.0472222769751166,0.049398921083925684,0.05150092257754984,0.05352049486347643,0.0554509348074103,0.05728660735901338,0.05902291510416874,0.06065625537592963,0.0621839680223443,0.06360427465179942,0.0649162141377067,0.06611957369818058,0.06721481879952916,0.06820302279598364,0.06908579757855339,0.06986522620886222,0.07054379830950977,0.07112434879798776,0.0716100003891305,0.07200411014780958,0.0723102202536392,0.0725320130370264,0.07267327026234896,0.07273783656661476,0.0727295869091469,0.07265239784785218,0.07251012242873826,0.07230656845591464,0.0720454798978177,0.07173052118048849,0.07136526411894285,0.07095317724289973,0.07049761727998113,0.0700018225708286,0.06946890820210039,0.06890186265673807,0.06830354579481487,0.06767668799249611,0.06702389028087041,0.066347625340345,0.06565023921979571,0.06493395366943974,0.06420086893357846,0.06345296705341895,0.06269211535576709,0.06192007029445671,0.061138481435568284,0.06034889557848941,0.05955276095625941,0.058751431474713116,0.057946170953087975,0.057138157336641744,0.05632848685553547,0.055518178108929894,0.054708176057044054,0.05389935590730832,0.053092526883778156,0.05228843587139054,0.051487770929072925,0.050691164667613066,0.04989919748957793,0.04911240069061828,0.048331259421883765,0.04755621551491802,0.04678767017090991,0.046025986516948475,0.04527149203246663,0.044524480849485286,0.04378521593065543,0.043053931129260765,0.0423308331354825,0.041616103313813664,0.04090989943549618,0.04021235731126816,0.03952359232853525,0.038843700897630756,0.038172761811564405,0.03751083752358951,0.03685797534680307,0.036214208579864716,0.03557955756278538,0.034954030666592445,0.03433762522053043,0.03373032838030457,0.033132117940770714,0.03254296309598124,0.031962825159843646,0.03139165818253913,0.030829409667072715,0.030276021053130965,0.029731428306041686,0.029195562412006795,0.028668349848886627,0.028149713025053896,0.02763957068829759,0.027137838306644214,0.02664442842287945,0.026159250984293916,0.025682213649492757,0.02521322207343056,0.024752180172239898,0.02429899036908773,0.023853553822501743,0.023415770636802776,0.02298554006023972,0.022562760664296487,0.022147330512654717,0.02173914731617557,0.021338108576239325,0.020944111717021544,0.020557054207331175,0.020176833672942034,0.019803347999757977,0.019436495428613424,0.01907617464231081,0.018722284844646084,0.018374725834270886,0.018033398069925117,0.01769820273139873,0.01736904177427,0.01704581797958372,0.016728434998717952,0.016416797393719994,0.01611081067353807,0.015810381326297814,0.015515416847987755,0.015225825767829614,0.01494151767018429,0.01466240321438741,0.01438839415076766,0.01411940333499557,0.013855344739771555,0.01359613346441354,0.013341685742446114
0.6870335570469799,0.011966488389550117,0.013708570350417011,0.015572813271072825,0.01755064787901704,0.019631835733758242,0.021804709225114807,0.024056435479550057,0.026373293277726067,0.028740952857329246,0.031144749615339373,0.033569944111058944,0.03600196227465235,0.03842661126384204,0.04083026788457357,0.043200037848939866,0.0455238853407868,0.04779073336989371,0.04999053621552426,0.05211432588583117,0.05415423496786281,0.05610349852904765,0.05795643787488427,0.0597084289988745,0.061355858490270115,0.06289606952958143,0.06432730040875802,0.06564861778705308,0.06685984664717362,0.06796149866232061,0.06895470043283063,0.06984112280882804,0.07062291228797517,0.07130262526873561,0.07188316575128127,0.07236772691305575,0.07275973683997031,0.07306280857237082,0.07328069452077504,0.07341724522167464,0.07347637233543508,0.07346201573499803,0.07337811449383537,0.07322858155265251,0.07301728182501283,0.07274801349079112,0.07242449222177622,0.0720503380607253,0.07162906486993083,0.07116407161074832,0.07065863605121679,0.07011590985603532,0.06953891535091862,0.06893054360577573,0.06829355368491201,0.06763057290342382,0.06694409794324707,0.06623649669614094,0.06551001071409039,0.06476675816000092,0.06400873716356892,0.06323782949755814,0.06245580450028731,0.061664323178997595,0.06086494243787373,0.060059119380098766,0.0592482156443109,0.05843350173696581,0.05761616133174432,0.056797295510073065,0.055977926925344056,0.05515900384893475,0.05434140415858909,0.05352593898801728,0.05271335717996721,0.051904347382531676,0.0510995429435317,0.05029952446233794,0.049504823080192564,0.048715923481178765,0.047933266752590915,0.047157253106657165,0.046388244468222845,0.04562656691952196,0.044872513042576556,0.044126344102162963,0.04338829213489024,0.04265856191213833,0.04193733279413416,0.041224760477354176,0.04052097864084096,0.03982610049548101,0.03914022024114484,0.03846341443615383,0.03779574328344029,0.03713725182931546,0.03648797113969616,0.03584791927384797,0.035217102367757915,0.034595515521662706,0.033983143681208826,0.03337996245364836,0.03278593887087197,0.03220103210310018,0.03162519412535738,0.0310583703400534,0.03050050015814561,0.029951517541420728,0.02941135150827471,0.02887992660523767,0.02835716334636735,0.02784297862251437,0.02733728608234734,0.026839996486941863,0.02635101803945601,0.02587025669685709,0.025397616429379044,0.024932999535631068,0.02447630683746216,0.024027437932850816,0.023586291401906028,0.023152765002049977,0.022726755849941774,0.022308160586652755,0.02189687553431598,0.021492796837761785,0.02109582059633304,0.02070584298503897,0.020322760366210484,0.019946469391761805,0.019576867098359218,0.019213850991668075,0.01885731912680411,0.01850717018047305,0.018163303515745563,0.01782561924236529,0.017494018270841606,0.01716840236149371,0.016848674168695447,0.01653473728059876,0.0162264962547731,0.015923856649895297,0.015626725053911265,0.015335009108622802,0.015048617531502655,0.014767460134553595,0.014491447840031368,0.014220492694250587,0.013954507878784168,0.013693407719576424,0.013437107148773166
0.6936711409395973,0.012105180792710743,0.013868783144968422,0.015756113517570502,0.017758465946241205,0.019865438602325074,0.022065178046132637,0.02434464787052993,0.02668991061673055,0.029086412626610127,0.031519262661949356,0.03397349653027636,0.036434321500674965,0.038887335858274544,0.04131872045476833,0.04371540049915394,0.04606517705561086,0.048356828749371264,0.05058018501681369,0.05272617287600091,0.05478683965013497,0.0567553543670364,0.05862599070412056,0.06039409437756431,0.06205603762332069,0.06360916470212978,0.06505172717496825,0.06638281743749418,0.06760229628134791,0.0687107199646004,0.06970926702780299,0.0705996662697537,0.07138412688622975,0.07206527156187237,0.07264607311321192,0.07312979511249168,0.07351993677304462,0.07382018225312213,0.07403435442919029,0.07416637310332322,0.07422021754170592,0.07419989318425017,0.07410940232862816,0.07395271855987767,0.07373376467902888,0.07345639387270492,0.0731243738614189,0.07274137376532483,0.07231095340442979,0.0718365549801809,0.07132149632039361,0.07076896643600669,0.07018202221092601,0.06956358661236295,0.06891644805083941,0.06824326075292098,0.06754654599822725,0.06682869408596337,0.06609196690977659,0.06533850103241184,0.0645703111638766,0.06378929395739731,0.06299723204825816,0.062195798262912855,0.061386559987308034,0.06057098350778993,0.05975043850991755,0.05892620247196275,0.05809946505870882,0.05727133244483853,0.056442831553414154,0.0556149141924098,0.054788461075734665,0.05396428571818844,0.05314313819638097,0.052325708769773126,0.05151263135892693,0.05070448687713575,0.04990180641714533,0.04910507429153326,0.04831473092871455,0.047531175630970576,0.046754769186347626,0.04598583634707922,0.04522466819468958,0.04447152434601497,0.04372663506340349,0.04299020323651053,0.042262406253484375,0.04154339776375058,0.040833309338290866,0.040132252031381536,0.03944031784894592,0.038757581127980986,0.038084099832943086,0.037419916765902415,0.036765060710727444,0.03611954751677584,0.03548338105411325,0.03485655419904662,0.034239049685768644,0.03363084093103474,0.03303189280064047,0.03244216232554306,0.03186159937076762,0.0312901472598966,0.030727743358275165,0.03017431961441977,0.029629803071191684,0.029094116333907388,0.028567178012245023,0.028048903129777824,0.027539203505119333,0.027037988106659465,0.02654516338221649,0.026060633565599903,0.02558430096114868,0.02511606620792737,0.02465582852501608,0.024203485937659062,0.023758935489897257,0.023322073437335934,0.02289279542850865,0.022470996671333003,0.022056572087043553,0.021649416452244195,0.021249424529788577,0.020856491192062992,0.020470511518513795,0.02009138092415446,0.01971899522644209,0.019353250743653683,0.018994044371481097,0.018641273653404837,0.01829483684623642,0.01795463297910915,0.017620561907041324,0.017292524359348638,0.016970421983268855,0.016654157384247418,0.01634363415512168,0.016038756918952266,0.015739431344892182,0.015445564178062853,0.015157063259690006,0.014873837545396864,0.014595797120430009,0.014322853212959227,0.014054918204788191,0.013791905639992007,0.013533730231582563
0.7003087248322147,0.01224005639940715,0.014024920309201392,0.015935112225123282,0.017961795319161915,0.020094409267045005,0.022320918636586893,0.024628086198463513,0.027001759818077897,0.029427162379571752,0.03188917538039963,0.03437260827103481,0.03686244719060263,0.039344078347931945,0.04180348283914695,0.044227401110515596,0.04660346652518687,0.04892030854938315,0.05116762692735029,0.05333623886821582,0.055418101733740524,0.05740631401145514,0.059295097508545454,0.06107976372631089,0.06275666730442449,0.06432314927563122,0.06577747266913182,0.06711875276371176,0.06834688402750977,0.06946246552474687,0.07046672629304637,0.07136145195143918,0.07214891355648394,0.07283179950757039,0.07341315109524052,0.07389630220137194,0.07428482320470073,0.07458246962614169,0.07479313518176607,0.07492080943121353,0.07496953983495613,0.07494339806741769,0.07484645030696092,0.07468273177532667,0.07445622375150086,0.07417083532969637,0.07383038711771292,0.07343859812944431,0.07299907510255783,0.07251530406185079,0.07199064388765242,0.07142832166212097,0.07083142958144782,0.07020292323613782,0.06954562123301501,0.06886220490995987,0.06815522123920817,0.06742708337088119,0.066680074105357,0.0659163489307146,0.0651379396580075,0.06434675826912856,0.0635446011413997,0.06273315334236097,0.06191399308153733,0.06108859622056274,0.06025834080675436,0.05942451159338097,0.05858830451629072,0.05775083110145582,0.05691312278252146,0.056076135111410165,0.05524075184856754,0.054407788922409675,0.05357799825021519,0.05275207141481858,0.05193064319437661,0.05111429494147122,0.050303557813828226,0.04949891585497623,0.04870080892795685,0.047909635504185075,0.047125755311074144,0.04634949184078295,0.045581134728905355,0.04482094199694129,0.044069142164028456,0.043325936323677636,0.04259149988143339,0.04186598448492522,0.04114951962283638,0.040442214214614816,0.039744158090391404,0.039055423380820097,0.03837606582241263,0.03770612597644486,0.037045630385038816,0.03639459263651992,0.03575301437617345,0.03512088624700971,0.034498188770689,0.03388489317102185,0.0332809621437865,0.03268635057567823,0.032101006215646447,0.031524870301434756,0.03095787814451564,0.030399959672826618,0.029851039943275707,0.02931103961044374,0.02877987536953673,0.028257460366112555,0.027743704577664473,0.027238515168622825,0.026741796819794418,0.026253452035108645,0.025773381425847477,0.025301483974603918,0.024837657280241825,0.024381797783588784,0.02393380097970806,0.023493561610057542,0.023060973843356546,0.022635931441451537,0.022218327912642794,0.0218080566531105,0.02140501107714491,0.02100908473711833,0.02062017143366815,0.020238165316886405,0.019862960979182047,0.019494453539633208,0.019132538722638454,0.018777112927570148,0.018428073293690266,0.018085317758487433,0.017748745110601236,0.01741825503760574,0.01709374816893916,0.016775126114792406,0.016462291499798075,0.016155147994317998,0.015853600341090294,0.015557554378745259,0.015266917062608628,0.014981596482422506,0.01470150187708148,0.014426543647421094,0.014156633366439903,0.013891683787460264,0.013631608850329935
0.7069463087248322,0.012370972487322631,0.014176817430648353,0.01610962335989287,0.01816042890834452,0.020318520635231773,0.022571685411097553,0.024906488310590596,0.02730856444609921,0.0297629139763284,0.03225419073018359,0.03476697634815334,0.037286033451616914,0.039796532982365074,0.042284252429737566,0.04473574311181099,0.047138465955140686,0.049480896298555906,0.05175259911970083,0.05394427675178907,0.05604779163435581,0.058056166943554074,0.05996356810179762,0.061765268190516656,0.06345760021735042,0.06503789903628704,0.06650443551187658,0.06785634527402151,0.06909355414437955,0.07021670204233407,0.07122706690820817,0.07212648992192071,0.07291730305230903,0.07360225974976824,0.0741844693944604,0.0746673359371075,0.07505450101443749,0.07534979169303799,0.07555717288541712,0.07568070439431826,0.07572450246676866,0.07569270560627397,0.07558944501768466,0.07541881767106093,0.07518486467930409,0.07489155176082704,0.07454275328548363,0.07414223903900234,0.07369366352231188,0.0732005575283285,0.07266632175043436,0.07209422219119403,0.07148738715425976,0.0708488056194733,0.07018132681540447,0.0694876608207047,0.06877038004038374,0.06803192141814253,0.06727458925999347,0.06650055855766768,0.06571187871297728,0.06491047757540086,0.06409816571628375,0.06327664087246075,0.06244749250123054,0.061612206396341004,0.060772169322266596,0.05992867362695977,0.059082921825653015,0.058236031060856557,0.05738903753336349,0.05654290077170722,0.055698507796210196,0.054856677144154535,0.05401816275183358,0.05318365768812007,0.05235379773644308,0.051529164823169105,0.05071029029253783,0.049897658028076684,0.049091707428351325,0.0482928362223649,0.04750140315713246,0.0467177305322965,0.045942106603586046,0.04517478785407961,0.04441600113866361,0.04366594570726054,0.04292479511148048,0.04219269899963632,0.0414697848062023,0.04075615933963332,0.040051910274225166,0.03935710755061876,0.03867180468994558,0.03799604002552257,0.037329837857677246,0.03667320953483713,0.03602615446567778,0.03538866106603704,0.03476070764443249,0.034142263229537666,0.03353328834350521,0.03293373572389152,0.032343550997561483,0.031762673309404105,0.03119103590910509,0.03062856669534182,0.03007518872949667,0.02953082070591492,0.028995377394309366,0.028468770051402605,0.027950906802239262,0.027441692995437,0.026941031532946816,0.0264488231765517,0.025964966832071838,0.025489359813077386,0.02502189808555171,0.024562476493173092,0.02411098896923107,0.02366732872822726,0.023231388446256426,0.02280306042630588,0.022382236750994624,0.021968809423389985,0.021562670496602772,0.02116371219312665,0.020771827014363378,0.02038690784115455,0.020008848025992645,0.019637541476677258,0.01927288273436429,0.018914767042510446,0.01856309041116322,0.018217749674649644,0.017878642543865366,0.017545667653432195,0.01721872460408869,0.016897714000588756,0.01658253748556868,0.01627309776948336,0.01596929865707221,0.015671045070172918,0.015378243068287603,0.01509079986517386,0.014808623843715665,0.014531624567763772,0.014259712792086406,0.013992800469970436,0.013730800758974237
0.7135838926174497,0.012497788416250877,0.014324310846009899,0.016279460093027397,0.018354157104868072,0.020537541227036393,0.022817226428073503,0.025179583671701006,0.027610037643991357,0.03009336684878261,0.032613997307898504,0.035156281588616806,0.03770475652029747,0.04024437462691471,0.0427607059111545,0.04524010810689728,0.0476698648240834,0.05003829211611488,0.052334814893748006,0.05455001529426455,0.05667565560255122,0.05870467862965741,0.06063118861284615,0.06245041572523054,0.06415866720931643,0.06575326799207458,0.06723249342684144,0.06859549655686499,0.06984223202352259,0.07097337846272835,0.07199026095647264,0.07289477484099877,0.07368931192465773,0.07437668994097091,0.07496008585771871,0.0754429733864187,0.07582906565833869,0.07612226117275656,0.07632659647052124,0.07644620207161434,0.07648526360230826,0.07644798725179926,0.07633856943621273,0.07616117042075475,0.0759198916315232,0.07561875637496643,0.07526169370285705,0.07485252508103192,0.0743949536907699,0.0738925559966223,0.07334877539152092,0.0727669176627126,0.07215014805909191,0.07150148975789898,0.07082382353988484,0.0701198885024232,0.06939228365374622,0.06864347024379407,0.06787577472930996,0.06709139218718552,0.06629239019736324,0.06548071298497456,0.06465818581707704,0.06382651956194665,0.06298731535528639,0.062142069323402646,0.06129217731952623,0.060438939637055406,0.05958356566889048,0.058727178487402956,0.05787081932418895,0.057015451932804787,0.05616196682135316,0.055311185344669625,0.05446386364878851,0.05362069646253746,0.05278232073314881,0.051949319104448555,0.05112222323762185,0.05030151697574009,0.04948763935422624,0.04868098746024473,0.04788191914465353,0.047090755590673106,0.04630778374380865,0.04553325860799853,0.04476740541268796,0.04401042165662728,0.04326247903315515,0.042523725242016995,0.0417942856941156,0.041074265113002245,0.04036374903907989,0.039662805241206196,0.038971485040581774,0.038289824551616156,0.037617845844302535,0.036955558032463344,0.036302958292054543,0.035660032813537544,0.0350267576921958,0.03440309975977618,0.033789017361493645,0.033184461081089134,0.03258937441744821,0.03200369441562554,0.03142735225557094,0.030860273797925507,0.03030238009925506,0.02975358788265425,0.029213809982384473,0.028682955754786854,0.028160931460754924,0.027647640621034232,0.027142984346343532,0.026646861643695875,0.026159169700617105,0.025679804148657545,0.025208659307794354,0.024745628411350893,0.024290603817560836,0.023843477200667054,0.023404139730828395,0.022972482238878152,0.022548395368496225,0.022131769716434053,0.021722495961491377,0.02132046498323728,0.020925567970890215,0.020537696523205428,0.02015674274003281,0.019782599305312943,0.019415159564498446,0.019054317592818906,0.01869996825894239,0.01835200728202187,0.01801033128335308,0.017674837832909386,0.017345425491118935,0.01702199384616008,0.01670444354723949,0.01639267633394649,0.016086595062154013,0.015786103726265762,0.01549110747926198,0.0152015126487544,0.014917226751269197,0.014638158503744614,0.014364217832826223,0.014095315882071148,0.013831365017218192
0.7202214765100671,0.01262036638320997,0.014467238373073057,0.016444435481081737,0.018542768380782015,0.020751235668934085,0.02305728375119874,0.02544709357190299,0.027905882170075225,0.030418207851657008,0.03296826900429941,0.035540188090485106,0.038118274023805854,0.04068725783088889,0.043232498144346355,0.04574015458606059,0.04819732843737907,0.050592171125109574,0.052913961968066754,0.055153157330693044,0.057301413831020984,0.05935158856723051,0.061297719490602524,0.0631349890775492,0.06485967437886055,0.0664690863641238,0.06796150126229081,0.06933608634316799,0.07059282230657093,0.07173242415992388,0.07275626218214382,0.07366628430013887,0.07446494095020256,0.07515511315306782,0.07574004520776095,0.07622328012909704,0.07660860198505266,0.0768999814173312,0.07710152670504858,0.07721743954444894,0.07725197552816687,0.07720940914006093,0.07709400303919388,0.07690998137659327,0.0766615068690715,0.07635266134388717,0.07598742946456472,0.0755696853513721,0.07510318181596655,0.07459154194135541,0.07403825275072867,0.07344666072487065,0.07281996894018998,0.07216123562339911,0.07147337390984969,0.07075915274943358,0.07002119845124241,0.0692619973124694,0.06848389857052523,0.06768911806509628,0.06687974213790832,0.06605773195115176,0.06522492799345805,0.06438305475597132,0.06353372551098715,0.06267844714368542,0.061818624991880504,0.06095556765790155,0.060090491761456505,0.05922452660799499,0.05835871875172509,0.05749403643655432,0.05663137390190403,0.05577155554330187,0.05491533992056991,0.05406342360872597,0.05321644488842651,0.05237498727513861,0.05153958288682696,0.05071071565180556,0.049888824291808465,0.049074305554234365,0.048267516285161724,0.04746877670122202,0.04667837251137571,0.04589655730582388,0.04512355474645215,0.044359560631826334,0.04360474484143737,0.04285925316537175,0.042123209024341,0.041396715085559886,0.040679854779668,0.03997269372379318,0.03927528105570934,0.03858765068388277,0.037909822458032226,0.037241803264652026,0.03658358805176713,0.035935160787003505,0.035296495352924354,0.034667556383039,0.03404830005276492,0.03343867475734608,0.032838621892225035,0.032248076385635406,0.03166696733937912,0.03109521856862574,0.030532749113895214,0.02997947371753213,0.029435303266931702,0.028900145206643753,0.028373903921379173,0.027856481091658263,0.027347776024162627,0.02684768595812661,0.02635610634952336,0.025872931134440592,0.025398052973251036,0.02493136347526848,0.024472753409869985,0.02402211289724653,0.023579331587801046,0.02314429882640282,0.022716903804014334,0.022297035697344095,0.021884583797222763,0.02147943762672104,0.021081487049398384,0.020690622368557073,0.02030673441816152,0.019929714645180088,0.019559455186382916,0.019195848935943536,0.01883878960847178,0.018488171795424616,0.018143891016137118,0.01780584376374686,0.017473927546317478,0.017148040923620083,0.016828083539737276,0.016513956151880577,0.016205560655718005,0.015902800107058378,0.015605578741360043,0.015313801989291642,0.01502737649040154,0.014746210104212681,0.014470211918973448,0.01419929225839234,0.013933362686444564
0.7268590604026846,0.012738572276770757,0.014605440153167455,0.01660436326500855,0.018726050012889767,0.020959365311239635,0.023291593931949305,0.025708731448319703,0.02819579053710908,0.030737111202471207,0.0333166647330591,0.035918342733775005,0.03852622427138365,0.04112481590306989,0.043699261033997204,0.0462355165971795,0.048720496417253296,0.051142181779418296,0.05348970066381618,0.05575337782582227,0.05792475841735371,0.059996608170563924,0.06196289333480805,0.06381874358426454,0.06556040103889138,0.06718515837819312,0.0686912888059591,0.070077970362397,0.07134520679591756,0.072493746914399,0.07352500404640352,0.07444097696512111,0.07524417336799742,0.07593753676673867,0.07652437742998715,0.07700830783113852,0.07739318289249532,0.07768304517782319,0.07788207495589922,0.07799454587877164,0.07802478374006258,0.07797713212754842,0.07785592073258618,0.07766543845549286,0.07740991022305978,0.0770934773391867,0.07672018107195215,0.07629394918388079,0.0758185851185647,0.07529775956886586,0.07473500416491169,0.0741337070356732,0.07349711001439882,0.07282830727527996,0.07213024520595525,0.0714057233375186,0.07065739617026748,0.06988777574935992,0.06909923485957203,0.06829401071513275,0.0674742090954018,0.06664180867265847,0.06579866572381414,0.06494651888556607,0.06408699404861132,0.06322160932848733,0.062351779951871245,0.06147882322690968,0.060603963361987645,0.05972833623358785,0.05885299401543887,0.05797890973650435,0.05710698162417393,0.056238037353401056,0.05537283811610127,0.05451208253304649,0.053656410398598885,0.0528064062696192,0.051962602866511595,0.05112548434019142,0.05029548935596111,0.04947301403040993,0.04865841470218225,0.047852010580903416,0.04705408621808682,0.046264893859443684,0.04548465566241792,0.04471356578056962,0.04395179232808514,0.04319947922746489,0.04245674794576937,0.041723699125170495,0.041000414113087434,0.040286956397053056,0.03958337294991613,0.038889695488652704,0.03820594165421465,0.037532116114247865,0.03686821159465483,0.03621420984362049,0.03557008253220383,0.03493579209493064,0.03431129251473618,0.03369653005480824,0.03309144394111275,0.032495966998473666,0.03191002624312661,0.03133354343447813,0.030766435588648618,0.03020861545622796,0.029659991966533558,0.029120470640523692,0.02858995397441749,0.02806834179576478,0.027555531599374274,0.0270514188274387,0.026555897206535214,0.02606885895812178,0.025590195068696465,0.025119795510051113,0.024657549447787513,0.02420334543395282,0.02375707158485789,0.02331861574507394,0.022887865638537785,0.022464709007653103,0.022049033741085605,0.02164072799129391,0.0212396802821619,0.020845779607632686,0.020458915521999212,0.02007897822161019,0.01970585862103706,0.01933944842003617,0.018979640165951713,0.01862632730949829,0.018279404255169662,0.01793876640654868,0.017604310206821343,0.01727593317496537,0.016953533937763752,0.016637012258093983,0.016326269059451195,0.016021206447553175,0.015721727728846693,0.015427737425717009,0.01513914128969964,0.014855846311964878,0.014577760731627304,0.014304794041988977,0.014036856994876942
0.733496644295302,0.012852276639512154,0.014738759614551778,0.016759058800681757,0.018903788944909645,0.021161688986819163,0.023519888631474816,0.025964203340269807,0.028479445274448976,0.03104973852978254,0.03365882824957675,0.0362903747601091,0.038928225590897515,0.04155666000678607,0.04416060238893364,0.04672580238289062,0.04923898113220387,0.05168794410410979,0.054061661977329804,0.056350321802082735,0.05854535117166851,0.06063941848284089,0.06262641253724456,0.06450140472379036,0.06626059728763059,0.06790125983389683,0.06942165837296686,0.0708209779672765,0.0720992421329778,0.07325723065951999,0.07429639755447724,0.07521879049463985,0.07602697289858253,0.07672394949224114,0.07731309602186233,0.07779809357448252,0.07818286780136208,0.07847153319761861,0.07866834247325434,0.07877764095661484,0.0788038258910018,0.07875131043095872,0.07862449209704542,0.07842772541908809,0.07816529847764046,0.0778414130429857,0.07746016800792362,0.07702554581424927,0.07654140157961833,0.07601145464403115,0.075439282268077,0.07482831523295326,0.07418183510559326,0.07350297295435737,0.07279470931478975,0.07205987522425245,0.07130115415621889,0.07052108473731204,0.0697220640197989,0.06890635134861861,0.06807607256061991,0.06723322451833223,0.06637967986567017,0.06551719194080946,0.06464739978395434,0.06377183318955842,0.06289191775775155,0.06200897990794777,0.06112425182341686,0.060238876301117496,0.05935391148590805,0.05847033547251016,0.0575890507622887,0.05671088856508115,0.05583661293893213,0.0549669247640115,0.05410246554630619,0.05324382105269516,0.05239152477598693,0.051546061232802996,0.05070786909680105,0.049877344172796476,0.04905484220271218,0.04824068154807372,0.047435145687628,0.04663848560201099,0.04585092201107278,0.04507264748327355,0.0443038284201273,0.04354460692252022,0.04279510254373502,0.04205541393519944,0.04132562039032115,0.040605783292700114,0.039895947467316464,0.03919614245943463,0.03850638371314742,0.037826673687086414,0.03715700289199645,0.03649735086102381,0.03584768705555895,0.03520797171143953,0.03457815662691052,0.03395818589924648,0.03334799660999033,0.03274751946435402,0.03215667938383987,0.031575396064607256,0.031003584488100477,0.030441155402499236,0.02988801576765208,0.029344069168893382,0.02880921620136245,0.028283354826552188,0.027766380703428958,0.027258187494942663,0.026758667152519924,0.026267710179439577,0.025785205873367356,0.025311042553904674,0.02484510776857951,0.024387288486242928,0.023937471274253726,0.023495542462018175,0.02306138829161305,0.02263489505628698,0.022215949230591996,0.02180443757343068,0.021400247262703835,0.021003265965887665,0.020613381942822275,0.020230484125713634,0.01985446219240564,0.019485206634446497,0.01912260881816293,0.018766561039940184,0.018416956576014224,0.018073689727171174,0.017736655859865193,0.017405751435771402,0.017080874055302394,0.01676192247323591,0.01644879662870083,0.016141397665056068,0.015839627947819082,0.015543391079363025,0.015252591911606926,0.014967136555994,0.014686932391307079,0.01441188806942975,0.01414191351921338
0.7401342281879194,0.012961355744217305,0.014867044567477193,0.016908340134791096,0.019075772804761366,0.021357963930110913,0.023741895403166482,0.026213208499544803,0.0287565193359414,0.03135573905243756,0.03399438808174667,0.03665589544151625,0.03932387572866011,0.04198237829008223,0.044616104787920476,0.04721059299271392,0.0497523660708499,0.05222904785042416,0.05462944553884948,0.05694360212690568,0.05916282125891237,0.06127966770078824,0.0632879467162028,0.06518266570034509,0.06695998134291817,0.06861713542657336,0.07015238213877849,0.07156490949887286,0.07285475721457592,0.07402273296625271,0.07507032882350487,0.07599963920399498,0.07681328151385632,0.07751432035960837,0.07810619590814194,0.07859265750237389,0.07897770091748982,0.0792655126057471,0.07946041777203341,0.0795668341325331,0.079589230577007,0.07953209062409973,0.07939988042371823,0.07919702102897509,0.07892786464032397,0.0785966745137512,0.07820760822269682,0.07776470396569816,0.0772718696208287,0.07673287425935163,0.07615134184541504,0.07553074686573463,0.0748744116490389,0.07418550515513829,0.07346704302999373,0.07272188874190774,0.0719527556311247,0.07116220972185149,0.07035267316146562,0.06952642816682977,0.0686856213709477,0.06783226846875333,0.0669682591345629,0.06609536197651492,0.06521522973913402,0.06432940442884662,0.06343932248125818,0.06254631987802291,0.061651637189710624,0.06075642451884838,0.05986174632027013,0.058968586095704434,0.058077850909124276,0.05719037578084356,0.05630692788574672,0.0554282105926458,0.05455486732689319,0.05368748526034342,0.052826598826996474,0.05197269306772308,0.05112620680666567,0.050287535662808656,0.049457034903899015,0.048635022139506476,0.04782177987224944,0.04701755789889935,0.0462225755757958,0.045437023951319336,0.04466106777156759,0.04389484736593604,0.043138480417519096,0.04239206362461558,0.0416556742587798,0.04092937162586777,0.040213198428606045,0.03950718205609107,0.0388113357713111,0.03812565983524287,0.0374501425516315,0.036784761244390514,0.0361294831681217,0.03548426636013408,0.03484906043321467,0.03422380731534022,0.033608441938786954,0.03300289288239632,0.032407082966636906,0.03182092981429822,0.03124434636276331,0.030677241347062584,0.03011951974603623,0.029571083197155977,0.029031830381634923,0.028501657381579986,0.027980458011454136,0.027468124125053357,0.026964545899938203,0.026469612100944603,0.025983210322564978,0.025505227216430115,0.02503554869694587,0.024574060134423904,0.024120646531879602,0.023675192688145354,0.02323758334802588,0.022807703340288477,0.022385437704515735,0.021970671807361057,0.021563291449076306,0.0211631829610473,0.020770233294177348,0.020384330101092824,0.020005361808740244,0.019633217685865192,0.019267787903463583,0.01890896358944687,0.018556636834659815,0.018210700952791477,0.017871050089482646,0.017537579681803653,0.017210186287612537,0.016888767641533495,0.01657322268548447,0.016263451587816884,0.01595935576066125,0.01566083787411953,0.015367801868429511,0.015080152963437317,0.014797797665918062,0.014520643774853927,0.014248600385460613
0.7467718120805369,0.013065692792911076,0.014990148441832694,0.01705202924071225,0.019241791095056127,0.021547946877594683,0.02395733865937112,0.026455440182951633,0.029026676680081246,0.03165474991658369,0.03432295759879738,0.037014497863045344,0.039712751334996715,0.04240153507056045,0.045065324466961806,0.047689440882288284,0.05026020416817662,0.05276505056885999,0.055192617456077155,0.05753279715334858,0.05977676271477095,0.06191696849772291,0.06394712992610077,0.06586218414470497,0.0676582366149819,0.06933249579536882,0.07088319918733267,0.07230953336006483,0.07361155031397124,0.07479008223160556,0.07584665635584288,0.07678341143827366,0.07760301692282692,0.07830859577461262,0.07890365163665915,0.07939200079374673,0.07977770925028685,0.08006503508008206,0.08025837608374503,0.08036222268630311,0.08038111593328828,0.08031961037505547,0.08018224158905934,0.0799734980551201,0.07969779706105974,0.07935946445043053,0.078962717513361,0.07851165134118855,0.07801022770352291,0.0774622665352119,0.0768714396272796,0.07624126627761785,0.07557511065771436,0.074876180669312,0.07414752808423337,0.07339204977862322,0.07261248989078287,0.07181144274885161,0.07099135643073229,0.07015453683410719,0.06930315214806076,0.06843923763142805,0.06756470061459897,0.06668132565287543,0.0657907797687766,0.06489461781387522,0.06399428732065303,0.06309113455867477,0.06218640884305959,0.061281267989665496,0.06037678314374759,0.05947394354958887,0.05857366116476603,0.0576767750001909,0.05678405594465829,0.05589620977337041,0.055013882165337834,0.0541376619021251,0.053268084545215914,0.052405635828819304,0.05155075488069253,0.05070383727501666,0.049865237921994966,0.049035273799323285,0.04821422653117697,0.0474023448201759,0.046599846738852174,0.04580692188621101,0.04502373341527512,0.044250419938644946,0.04348709731691669,0.04273386033654161,0.04199078428264568,0.041257926413410154,0.040535327334549356,0.03982301229973057,0.03912099240758782,0.038429265734520365,0.037747818387264015,0.0370766254865517,0.03641565208483547,0.03576485402252794,0.035124178726051246,0.034493565951568876,0.03387294847769434,0.03326225275093131,0.03266139948330658,0.032070304215563436,0.03148887783123935,0.030917027041435098,0.030354654832330588,0.029801660881119605,0.02925794194200897,0.02872339220404469,0.02819790362310055,0.027681366229179986,0.027173668411114477,0.026674697180053226,0.026184338411890485,0.02570247707465169,0.025228997433854622,0.024763783245404035,0.024306717932041613,0.0238576847460658,0.023416566919048865,0.02298324779934268,0.022557610978430922,0.022139540406641692,0.02172892049911843,0.021325636232785168,0.02092957323411687,0.020540617860797576,0.020158657273663543,0.019783579503508994,0.019415273511379387,0.019053629241718443,0.018698537671855763,0.018349890855044983,0.01800758195926723,0.017671505301658234,0.017341556378767078,0.017017631893138905,0.016699629776040562,0.016387449207807537,0.0160809906340288,0.015780155779815595,0.015484847661148906,0.015194970593904194,0.014910430179051692,0.014631133415575105,0.01435698848788883
0.7534093959731544,0.013165179244034701,0.015107931678155377,0.017189953429535464,0.019401636576204938,0.021731395373006775,0.024165940848852256,0.02669058665395212,0.02928957305308768,0.03194639672178113,0.03464413524923497,0.03736575684894414,0.040094407563081635,0.0428136700994022,0.045507790248857226,0.04816186851613436,0.05076201609577183,0.05329547560686513,0.05575070804410954,0.0581174482110442,0.060386731483312625,0.06255089513069928,0.06460355762324428,0.06653957939816615,0.06835500849040627,0.07004701426328132,0.07161381224065978,0.07305458276125225,0.07436938586841574,0.07555907417347128,0.07662520797721621,0.07756996661388035,0.07839606975954967,0.07910669692045287,0.07970541389843502,0.08019610324457001,0.08058290034869657,0.08087013474130968,0.08106227683888939,0.08116389003787602,0.08117958800863595,0.08111399697774568,0.08097172274025632,0.08075732211098391,0.08047527850316741,0.08012998128704055,0.07972570874569902,0.0792666140035275,0.07875671382960514,0.07819988023475132,0.07759983401218964,0.0769601404306783,0.07628420664068687,0.07557528059216795,0.07483645123919128,0.07407064994225164,0.07328065258330925,0.07246908275505047,0.0716384153661594,0.07079098084912851,0.06992896975669204,0.06905443766521711,0.06816931030064698,0.06727538881356548,0.06637435514069258,0.06546777739849685,0.06455711526342958,0.06364372530030069,0.06272886620593013,0.06181370394877088,0.060899316762862636,0.05998670001376106,0.059076770889302646,0.05817037292636483,0.057268280360144586,0.05637120229289624,0.055479786679973477,0.05459462413305255,0.05371625154167704,0.05284515551559455,0.05198177565132295,0.05112650762719166,0.05027970613173857,0.0494416876308154,0.0486127329792605,0.047793089882758856,0.0469829752166625,0.04618257720749089,0.04539205748313608,0.04461155299914489,0.043841177845837395,0.043081024943157985,0.04233116762885439,0.04159166114574131,0.04086254403358089,0.04014383943091457,0.039435556291975336,0.03873769052359772,0.038050226046827375,0.03737313578776203,0.03670638260161854,0.036049920134649034,0.035403693627145016,0.03476764066154557,0.03414169185896861,0.03352577152800101,0.032919798265154246,0.03232368552062955,0.03173734211443073,0.031160672722956695,0.030593578328004207,0.030035956633954874,0.02948770245465695,0.028948708072247687,0.02841886356953064,0.027898057137817494,0.02738617536183044,0.02688310348345962,0.026388725644083098,0.02590292511199857,0.02542558448756051,0.02495658589586991,0.02449581116291836,0.02404314197794999,0.02359846004277217,0.023161647208805754,0.02273258560296227,0.02231115774283676,0.021897246642142192,0.02149073590712157,0.02109150982372693,0.02069945343873277,0.02031445263104932,0.019936394178042285,0.01956516581476813,0.0192006562874329,0.018842755401371484,0.018491354063946773,0.018146344322672137,0.017807619399057888,0.017475073718292294,0.017148602935259296,0.01682810395669334,0.016513474961000942,0.016204615413882115,0.01590142608208233,0.015603809044219402,0.01531166769930113,0.015024906773054078,0.014743432322234863,0.014467151737073991
0.7600469798657717,0.013259716273399993,0.015220263282277007,0.01732194695171092,0.019555106862745836,0.02190806930267164,0.02436742387454837,0.02691833242795841,0.029544857010263815,0.03223029427285485,0.034957505004686334,0.03770922906819749,0.040468377814744064,0.043218297935109284,0.04594300254149875,0.0486273669956247,0.051257288532324426,0.05381981004155816,0.05630320944583903,0.058697056944158686,0.06099224299612698,0.06318098031776753,0.06525678336807449,0.06721442886479949,0.06904990079757055,0.07076032324084541,0.07234388403227238,0.07379975209746117,0.07512799088985796,0.07632947009079083,0.07740577739296664,0.07835913188083696,0.07919230023016646,0.07990851668355525,0.0805114074075907,0.08100492050704353,0.08139325970926899,0.08168082573433527,0.0818721615401851,0.08197190368415569,0.08198473887963069,0.08191536564161486,0.08176846075721703,0.0815486502835909,0.08126048476961634,0.08090841826666556,0.08049679111039922,0.08002981562073555,0.0795115649240478,0.07894596427634407,0.0783367847017811,0.07768763865563598,0.07700197746120033,0.07628309028140967,0.07553410441208391,0.074757986699699,0.07395754590623597,0.07313543586144619,0.0722941592598338,0.07143607197569381,0.07056338778400881,0.06967818338904087,0.06878240367501641,0.06787786710380075,0.06696627119683,0.06604919804535912,0.0651281198034836,0.06420440412484216,0.06327931951082137,0.062354040543902846,0.06142965298492869,0.060507158717657904,0.059587480527696704,0.058671466706504354,0.05775989547401034,0.05685347921570749,0.0559528685326299,0.05505865610387132,0.054171380363219765,0.053291528992501946,0.052419542235294984,0.05155581603499306,0.050700705005596376,0.04985452523095152,0.04901755691489948,0.04819004687173151,0.04737221087385226,0.04656423585887727,0.045766282003849364,0.04497848467253114,0.0442009562422073,0.04343378781615919,0.04267705082783474,0.04193079854256278,0.04119506746246698,0.0404698786400306,0.03975523890554845,0.03905114201348486,0.03835756971253172,0.037674492743990776,0.03700187177251758,0.03633965825401922,0.0356877952438927,0.035046218149766946,0.03441485543210444,0.03379362925599469,0.033182456097264126,0.032581247305845544,0.031989909629179934,0.03140834569825696,0.030836454478745192,0.030274131689537267,0.02972127019072654,0.029177760343333997,0.028643490342365196,0.0281183465251684,0.027602213656695275,0.027094975193481197,0.026596513526049463,0.026106710206361197,0.025625446152821404,0.02515260184279666,0.024688057488499067,0.02423169319902888,0.023783389129313083,0.023343025616731752,0.022910483306547796,0.022485643266604856,0.022068387092247496,0.021658597002198677,0.02125615592517126,0.02086094758043944,0.02047285654854859,0.020091768337061527,0.01971756943921311,0.019350147386758648,0.01898939079738391,0.018635189417006155,0.018287434157314972,0.017946017129042317,0.017610831671069745,0.017281772375883866,0.0169587351111656,0.016641617039082405,0.016330316631353474,0.016024733682482587,0.01572476932006498,0.015430326012800186,0.01514130757631992,0.014857619177016685,0.014579167334013593
0.7666845637583892,0.013349216372347098,0.015327022552836767,0.017447852804761927,0.019702006254398264,0.0220777326882949,0.02456151078433763,0.02713835979781409,0.02979217121614758,0.032506047600186605,0.03526263705315147,0.03804445336237548,0.040834173674283436,0.04361490746484946,0.04637043243851981,0.04908539459993961,0.051745472436636755,0.05433750256307436,0.05684957315145698,0.059271082498715405,0.06159276857400261,0.06380671187225596,0.06590631524399537,0.06788626429968368,0.06974247192136594,0.07147201025041434,0.07307303328219804,0.07454469291074212,0.0758870509494074,0.07710098932423559,0.07818812030847058,0.07915069835032879,0.07999153474847381,0.08071391615793708,0.08132152766214276,0.0818183809317349,0.08220874780263818,0.08249709944669872,0.08268805117546223,0.08278631280939212,0.08279664445874929,0.08272381749596848,0.08257258045019276,0.082347629520247,0.08205358338049651,0.08169496194240936,0.08127616873237689,0.08080147654906901,0.08027501607391191,0.07970076712084063,0.07908255222780758,0.07842403231062564,0.07772870411906958,0.076999899255118,0.07624078453325348,0.07545436348250474,0.07464347881686009,0.0738108156566226,0.07295890551903716,0.07209013067611697,0.07120672903842118,0.07031079930103387,0.06940430631947009,0.06848908663078186,0.06756685405712791,0.06663920533406205,0.06570762571796132,0.06477349427245004,0.06383809062578191,0.06290259769151965,0.061968109484073004,0.06103563483268753,0.06010610251558863,0.059180365942043935,0.05825920765060213,0.05734334361599347,0.05643342736503089,0.05553005390009298,0.05463376343249249,0.05374504492839548,0.052864339470824695,0.051992043444815256,0.05112851154380714,0.05027405961512257,0.04942896733859088,0.048593480751837996,0.04776781462680219,0.04695215470360927,0.04614665978930766,0.04535146372741575,0.044566677244992296,0.04379238968350391,0.043028670619663,0.042275571382219296,0.041533126470487895,0.040801354880183084,0.0400802613419058,0.0393698374774062,0.038670062878511643,0.037980906113438,0.03730232566456698,0.03663427080265482,0.035976682400605,0.035329493691121254,0.03469263097162346,0.03406601425981964,0.03344955790310876,0.032843171144804374,0.032246758649994496,0.03166022099368316,0.031083455113700188,0.030516354730739693,0.029958810737554707,0.029410711564896712,0.028871943489378604,0.028342390994392393,0.027821937003858446,0.027310463172247015,0.026807850123166874,0.02631397767440467,0.025828725045368282,0.025351971048222018,0.024883594263809965,0.02442347320342086,0.023971486457392003,0.02352751283134593,0.02309143147119866,0.022663121977409054,0.022242464509370532,0.021829339880812305,0.021423629645850692,0.021025216179024635,0.020633982745429495,0.020249813565910626,0.01987259387510809,0.019502209973767216,0.01913854927554558,0.018781500348699,0.01843095295313708,0.018086798073027915,0.017748927945432067,0.017417236084944047,0.017091617305212574,0.01677196773720859,0.01645818484398755,0.016150167433351962,0.015847815667640316,0.015551031071230416,0.015259716535875358,0.014973776324045314,0.014693116070402147
0.7733221476510067,0.013433605084049447,0.01542810098914086,0.017567524761413603,0.01984214782382208,0.022240155766490348,0.024747927770684113,0.027350350681253455,0.030031154069826312,0.03277325329803483,0.03555908879296765,0.038370951347188834,0.04119128508008381,0.044002961620232206,0.04678952096459084,0.049535376260370766,0.05222598135303427,0.0548479613308451,0.05738920743123915,0.0598389385645961,0.06218773236128127,0.06442752908274077,0.06655161197323352,0.06855456770779307,0.07043223053264384,0.07218161353322143,0.07380083022672482,0.07528900938588808,0.07664620567934592,0.077873308379126,0.07897195005145793,0.07994441682409849,0.08079356151915502,0.0815227206623905,0.0821356361267724,0.08263638194777902,0.08302929665473541,0.08331892117025098,0.0835099432246162,0.08360714551150426,0.08361536194126142,0.08353943725664009,0.08338419244365872,0.08315439472557554,0.08285473193660958,0.08248979093110435,0.08206403968133345,0.0815818127199034,0.0810472995931741,0.08046453600494957,0.07983739734638542,0.07916959432657703,0.07846467043809464,0.07772600101216569,0.07695679363872147,0.07616008974676466,0.07533876716012926,0.07449554346238936,0.07363298002278963,0.0727534865511369,0.07185932606572583,0.07095262017179332,0.07003535456352246,0.0691093846687451,0.06817644137556123,0.06723813677998833,0.06629596990941407,0.06535133238125751,0.0644055139679595,0.0634597080134072,0.0625150167632497,0.061572456452260886,0.06063296227586756,0.05969739315233584,0.0587665362963576,0.057841111607386794,0.056921775834598495,0.05600912658173921,0.055103706089695295,0.054206004838505135,0.0533164649619122,0.05243548346726896,0.05156341530805189,0.050700576245444245,0.04984724557483808,0.04900366868204463,0.04817005945028113,0.047346602521851563,0.04653345542237483,0.04573075055348726,0.04493859706102291,0.044157082585055865,0.043386274899109255,0.04262622343780734,0.04187696073927958,0.04113850377475873,0.04041085520212883,0.03969400453300222,0.03898792921382025,0.03829259567290774,0.0376079602011518,0.036933969897391235,0.03627056345578904,0.03561767193514573,0.034975219468402784,0.034343123922243375,0.03372129751001723,0.03310964736102834,0.03250807604904469,0.0319164820827162,0.03133476036042413,0.030762802412519653,0.030200497689064736,0.029647732127325736,0.02910439028089269,0.028570354732161803,0.028045506558011468,0.027529725594200652,0.027022890679472954,0.026524879880601406,0.02603557069994279,0.025554840266043165,0.025082565511451438,0.024618623330165092,0.02416289073002643,0.02371524496925489,0.023275563668026588,0.022843724949177746,0.02241960751537048,0.02200309075686481,0.021594054835493325,0.02119238076304802,0.020797950471428808,0.02041064687715599,0.020030353938873112,0.0196569567090667,0.019290341380313027,0.018930395326387506,0.018577007138754632,0.018230066658602453,0.01788946500491857,0.017555094598555417,0.017226849183239114,0.016904623843254585,0.01658831501769438,0.016277820512590566,0.01597303951018736,0.01567387257593767,0.015380221663342242,0.015091990116804335,0.014809082672628556
0.7799597315436242,0.013512822875410287,0.015523404384168838,0.017680829631540006,0.019975355782872104,0.022395117385550202,0.02492640651819621,0.027553988836732674,0.03026144170803743,0.03303150123823423,0.035846406187776084,0.038688228349098186,0.04153918079515677,0.044381897345198845,0.04719967851858723,0.049976701063847474,0.05269818978876534,0.055350551833971806,0.05792147470333146,0.06039999028413598,0.06277650776682014,0.06504281883030481,0.06719207844435854,0.06921876686835308,0.07111863089570918,0.07288861719338534,0.07452679165080775,0.07603225332102345,0.0774050437287842,0.0786460541208288,0.07975693234032459,0.08073999295013427,0.08159812596793659,0.08233471519323841,0.08295355697000074,0.0834587859042682,0.08385480590705799,0.08414622703635394,0.08433780818878465,0.08443440557506962,0.08444092682456472,0.084362290491809,0.08420339068665515,0.08396906651260905,0.08366407597461441,0.08329307400497696,0.0828605942532864,0.0823710342889485,0.08182864387552964,0.08123751598877782,0.08060158026865534,0.07992459861174929,0.07921016263428465,0.07846169275398263,0.07768243866144915,0.07687548097208272,0.07604373386962338,0.07518994857160632,0.07431671746550052,0.0734264787807917,0.07252152167874633,0.07160399165555675,0.07067589616922941,0.06973911041046908,0.0687953831517393,0.06784634261632488,0.0668935022661637,0.06593826683976822,0.06498193749132836,0.06402571786289417,0.06307071920876432,0.062117965670537005,0.061168399318096395,0.06022288500014923,0.05928221499896226,0.05834711348362987,0.05741824076319617,0.056496197337680895,0.05558152775024868,0.05467472424336965,0.05377623022532055,0.05288644353786086,0.052005719573534455,0.05113437417763879,0.05027268641252423,0.04942090114776328,0.04857923150137565,0.0477478611252593,0.046926946361120006,0.046116618254711715,0.0453169844465458,0.04452813094194701,0.04375012376846639,0.04298301051984677,0.042226821813789915,0.041481572634003004,0.04074726359744171,0.04002388213088294,0.03931140356890377,0.038609792177740083,0.03791900210749713,0.03723897828088392,0.03656965721864253,0.035910967808021305,0.035262832017656565,0.034625165558990784,0.03399787850792938,0.033380875872456583,0.03277405812648325,0.03217732170223444,0.031590559447211335,0.03101366104766551,0.03044651342063988,0.029889001077123552,0.029341006457790673,0.028802410243496862,0.02827309164239067,0.027752928653578847,0.027241798313935764,0.026739576920999972,0.026246140241743675,0.025761363703364803,0.02528512256894307,0.024817292098804938,0.02435774769850456,0.023906365054553323,0.023463020258539302,0.023027589920592104,0.02259995127301552,0.022179982263979502,0.021767561644386858,0.02136256904442665,0.020964885044483586,0.020574391238474567,0.02019097029092685,0.019814505988141017,0.019444883283876835,0.019081988341289133,0.018725708561904107,0.01837593263100089,0.01803255053122446,0.0176954535730365,0.017364534413820108,0.017039687074992937,0.016720806955738354,0.01640779084461105,0.016100536928294,0.015798944798088684,0.01550291545425749,0.015212351308997863,0.014927156183847982
0.7865973154362416,0.013586827137295386,0.015612855103634768,0.017787649768034822,0.020101468148001837,0.022542407750713853,0.025096686939944723,0.027748962498767064,0.030482670445474817,0.03328037672527459,0.03612412555307981,0.03899577474992647,0.04187730924763074,0.04475112588686573,0.04760028458102592,0.05040872276436693,0.05316143171533458,0.0558445947978134,0.05844568886828492,0.06095355104750065,0.06335841376241971,0.06565191143927541,0.06782706250529529,0.0698782304574216,0.0718010677161934,0.07359244583076918,0.07525037536573316,0.07677391850753837,0.07816309710041602,0.07941879847701047,0.08054268110292877,0.08153708171854476,0.0824049253439165,0.08314963922170363,0.08377507150700358,0.08428541528150225,0.08468513826538772,0.08497891842838094,0.08517158555545867,0.08526806870751956,0.08527334941975474,0.08519242041037918,0.08503024951688964,0.08479174853936632,0.08448174664564106,0.08410496798078136,0.08366601311847238,0.08316934399655325,0.08261927198792383,0.08201994877200537,0.0813753596894027,0.08068931928100939,0.07996546873439189,0.07920727498092872,0.07841803120902502,0.07760085857798311,0.0767587089454443,0.07589436844475661,0.07501046167716995,0.07410945655840019,0.0731936694960331,0.07226527092339559,0.07132629105166656,0.07037862576645196,0.06942404260113441,0.06846418672814235,0.0675005869190618,0.06653466143243832,0.06556772379532425,0.0646009884509584,0.06363557625058544,0.06267251977218553,0.06171276845316021,0.06075719352745945,0.059806592761813125,0.05886169498536774,0.057923164414527537,0.056991604770737773,0.05606756319493759,0.055151533961600614,0.054243961996893054,0.05334524620623655,0.05245574261719012,0.05157576734417826,0.05070559938149791,0.04984548323215459,0.04899563137919329,0.04815622660651873,0.04732742417728947,0.04650935387589755,0.04570212192114323,0.04490581275717621,0.044120490730085955,0.04334620164871467,0.042582974258561314,0.041830821597594076,0.041089742276387765,0.04035972166616842,0.039640733007251204,0.038932738441555245,0.03823568997433572,0.03754953036913042,0.036874193980344194,0.036209607527724924,0.035555690815959655,0.03491235740110807,0.034279515216197834,0.03365706714227371,0.03304491154540285,0.03244294277171739,0.03185105160667636,0.031269125700507196,0.03069704996189811,0.03013470692256605,0.02958197707413463,0.029038739179567303,0.028504870561027882,0.027980247364064657,0.027464744804926996,0.026958237393642222,0.026460599142986763,0.025971703759315852,0.02549142481817269,0.025019635925518032,0.024556210865536603,0.024101023736044,0.0236539490723492,0.023214861960321548,0.02278363813963072,0.022360154096972187,0.021944287152522866,0.021535915535948944,0.021134918456834382,0.02074117616748846,0.020354570019488837,0.01997498251430116,0.019602297348415697,0.019236399453337997,0.018877175030970392,0.01852451158452776,0.018178297945513646,0.017838424296651983,0.01750478219187835,0.017177264572872473,0.016855765782288208,0.01654018157482751,0.01623040912548454,0.015926347035530496,0.01562789533635942,0.015334955492085198,0.015047430395919742
0.793234899328859,0.01365559429965522,0.015696394546566204,0.01788788582287784,0.020220339722963703,0.022681831548790315,0.025258520347920626,0.02793496748842664,0.03069447971876867,0.033519463168246506,0.0363917758566588,0.03929306782600427,0.04220509983257193,0.045110033496052186,0.047990687768557125,0.05083075845999812,0.053614999261324243,0.05632936419402748,0.05896111265462944,0.061498879206326074,0.06393271100721358,0.06625407626449842,0.06845584740183028,0.0705322627433502,0.0724788699885768,0.0742924586114029,0.07597097406924753,0.0775134344462585,0.0789198347862255,0.0801910517074174,0.08132874928665385,0.08233528119615885,0.08321360255676873,0.0839671807285688,0.0845999125485073,0.08511604716327739,0.0855201142298381,0.08581685827675271,0.08601117909551512,0.08610807813759556,0.08611261075811608,0.08602984407970035,0.08586482018985118,0.08562252432632309,0.08530785784247077,0.08492561515932097,0.08448046504989701,0.08397693517559603,0.08341939994745526,0.08281207122752038,0.08215899156545867,0.08146402966656388,0.08073087780619324,0.07996305092926372,0.07916388719450865,0.07833654974255821,0.0774840295084773,0.07660914884747849,0.07571456590587683,0.0748027795066969,0.07387613448053457,0.07293682731523948,0.07198691203282259,0.07102830621197959,0.07006279708646328,0.06909204765558077,0.06811760278575434,0.06714089517403338,0.06616325128443837,0.0651858970836853,0.06420996364124393,0.06323649254716908,0.06226644113882165,0.061300687527018186,0.06034003541562441,0.05938521871071992,0.05843690591850393,0.05749570433137998,0.05656216401191083,0.05563678155627677,0.05472000367849005,0.05381223058425519,0.05291381916255549,0.052025085994395114,0.051146310186346855,0.050277736036724155,0.049419575541192924,0.04857201074497682,0.04773519595010393,0.04690925978365692,0.04609430713497157,0.04529042096845047,0.044497664019091464,0.043716080376426165,0.04294569696462852,0.042186524923432965,0.04143856089654685,0.04070178823283412,0.039976178105661064,0.03926169055518231,0.038558275458891754,0.037865873434410106,0.03718441667913978,0.036513829750732245,0.03585403029275849,0.03520492970542469,0.0345664337760583,0.03393844325343764,0.03332085438848971,0.03271355943221893,0.03211644709714991,0.03152940298527804,0.030952309983404678,0.030385048629307895,0.029827497449900167,0.029279533273725997,0.028741031519685847,0.02821186646185619,0.02769191147738678,0.027181039269867535,0.026679122078569106,0.026186031869384077,0.025701640510453743,0.025225819933334226,0.024758442280613507,0.02429938004117861,0.023848506173728315,0.0234056942195484,0.022970818405378707,0.02254375373620779,0.022124376081335162,0.02171256224986771,0.02130819006068425,0.02091113840473411,0.02052128730106214,0.020138517946899775,0.019762712762265253,0.019393755429412077,0.019031530927669592,0.018675925563811965,0.018326826998493966,0.017984124268566035,0.017647707806864504,0.017317469457568024,0.016993302489528312,0.016675101606517657,0.016362762955019858,0.016056184129711153,0.01575526417680983,0.015459903595469532,0.015170004337346063
0.7998724832214765,0.013719122040077475,0.015773985775449823,0.017981459753373213,0.020331845412708514,0.02281321148104108,0.02541167309967083,0.028111710858534037,0.03089651560768922,0.0337483453553303,0.0366488816281868,0.03957957418390902,0.04252196477739826,0.04545798264335025,0.04837020633825879,0.05124208848312226,0.05405814168406468,0.05680408542955222,0.0594669550386488,0.06203517475223889,0.06449859782818511,0.06684851702820173,0.06907764920517077,0.07118009783378719,0.0731512973117181,0.07498794272200665,0.07668790852022583,0.07825015931880791,0.07967465560947906,0.08096225691273827,0.08211462448697995,0.08313412538193465,0.0840237392519238,0.08478696934926179,0.08542775775697062,0.08595040684020105,0.08635950597530036,0.08665986459670434,0.08685645136633587,0.08695433945350552,0.08695865777398142,0.08687454795869945,0.08670712671383708,0.08646145359493751,0.08614250278249436,0.08575514021380756,0.08530410417825238,0.08479398932789933,0.08422923460741469,0.08361411358508059,0.08295272758325774,0.0822490010554359,0.08150667895155683,0.08072932580529918,0.0799203262971444,0.07908288706986584,0.07822003959450564,0.07733464390550178,0.07642939304333961,0.0755068180609912,0.0745692934678903,0.0736190430007549,0.07265814562451613,0.07168854168078459,0.07071203911178361,0.06973031969942559,0.06874494526821234,0.06775736380928953,0.06676891549049051,0.06578083852381811,0.06479427486532278,0.06381027574647402,0.06282980697322967,0.06185375406770491,0.06088292716183213,0.05991806569018496,0.058959842863979546,0.058008869929487186,0.05706570021330924,0.05613083295828792,0.05520471695489409,0.054287753973780356,0.05338030200582344,0.0524826783166265,0.05159516232225871,0.05071799829431828,0.049851397901287856,0.04899554259349704,0.0481505858405096,0.047316655226843966,0.046493854414317304,0.0456822649778292,0.044881948121567226,0.04409294628234505,0.04331528462653965,0.04254897244684035,0.04179400446475941,0.04105036204458757,0.040318014324260576,0.039596919267981756,0.03888702464611503,0.03818826894629251,0.037500582220531896,0.036823886872359816,0.03615809838838575,0.03550312601431571,0.034858873389912955,0.03422523912773839,0.0336021173571412,0.03298939822531349,0.03238696836180259,0.03179471130833464,0.031212507916581717,0.030640236715783732,0.030077774252462507,0.02952499540409871,0.028981773668843292,0.028447981431101287,0.027923490210089393,0.02740817088361316,0.026901893897650457,0.026404529457484827,0.025915947703420483,0.025436018871941933,0.024964613443233353,0.024501602276290196,0.024046856732196514,0.023600248786616734,0.023161651132333146,0.022730937271649147,0.02230798160207696,0.02189265949136091,0.021484847346996273,0.021084422678039106,0.020691264150642694,0.02030525163761515,0.01992626626251887,0.019554190438579314,0.019188907902997227,0.0188303037467804,0.018478264440646708,0.01813267785679374,0.017793433288180158,0.01746042146332929,0.01713353455915401,0.016812666210679443,0.016497711518326567,0.016188567052889784,0.015885130858391702,0.015587302452987057,0.015294982827979607
0.8065100671140939,0.01377743155410692,0.015845616294113584,0.018068318069799506,0.020435883875404397,0.02293639222903862,0.0255559307663412,0.02827891513590074,0.031088435013783007,0.03396661342711701,0.0368949665877796,0.03985475291271988,0.0428273016992454,0.045794313879496416,0.04873812926887964,0.051641956641758816,0.054490064732475196,0.057267933748422185,0.05996236882125116,0.06256157602715784,0.06505520610446291,0.0674343669337821,0.06969160988724561,0.07182089345990128,0.07381752812392806,0.07567810615451945,0.0774004199555807,0.07898337212517494,0.08042688016902567,0.0817317784158774,0.08289971932792804,0.08393307604565288,0.08483484767102224,0.08560856847914017,0.08625822196617311,0.08678816038827177,0.08720303022606817,0.08750770382061539,0.0877072172682115,0.08780671453138512,0.08781139761892787,0.08772648260657118,0.0875571612089308,0.0873085675858487,0.08698574991069875,0.08659364665731922,0.08613706666684925,0.08562067317025655,0.08504897106214467,0.08442629718111835,0.08375681323889779,0.08304450108423259,0.08229315999984743,0.08150640576107154,0.0806876712038208,0.0798402080733555,0.07896708994708207,0.0780712160457759,0.07715531576770603,0.07622195379856735,0.0752735356679296,0.07431231363910663,0.07334039283291242,0.07235973750173579,0.0713721773793257,0.0703794140451595,0.06938302725077156,0.06838448116449018,0.06738513049869115,0.06638622649046012,0.0653889227125988,0.06439428069688843,0.06340327535625037,0.06241680019626053,0.06143567230952398,0.06046063714987331,0.0594923730849341,0.05853149572823723,0.05757856205338203,0.05663407429419947,0.055698483635935846,0.05477219370333968,0.05385556385217679,0.05294891227136231,0.05205251890266372,0.05116662818637961,0.05029145089209755,0.04942717027661846,0.048573936875641606,0.04773187810652987,0.04690109651530626,0.046081672388201746,0.045273665486640226,0.04447711667236192,0.04369204942176184,0.04291847123404336,0.04215637497469412,0.04140574005083608,0.04066653360637379,0.03993871155951848,0.03922221960885511,0.03851699409801395,0.03782296298128321,0.03714004650725538,0.03646815801156287,0.035807204589911594,0.03515708773293883,0.034517703914528776,0.033888945137064475,0.03327069943640485,0.0326628513493634,0.03206528234608995,0.03147787123007352,0.0309004945076525,0.030333026729342617,0.029775340804866893,0.029227308293990277,0.02868879967300716,0.028159684584045455,0.027639832059386134,0.027129110731469883,0.026627389024310735,0.026134535329376728,0.025650418166812673,0.02517490633292552,0.024707869035197134,0.02424917601537758,0.023798697661739636,0.023356305111326966,0.022921870342009428,0.02249526625781689,0.02207636676353177,0.02166504683378225,0.021261182574392436,0.020864651277429678,0.02047533147028973,0.020093102959268683,0.019717846867968195,0.01934944567108655,0.018987783223724217,0.018632744786763068,0.01828421704810004,0.017942088141421033,0.01760624766046509,0.01727658667133926,0.016952997721726294,0.016635374847660797,0.016323613578005745,0.016017610936813503,0.015717265443742603,0.015422477112677508
0.8131476510067114,0.013830569842875971,0.015911300938583953,0.018148435303657465,0.02053238150945837,0.023051244870890376,0.025691102861282265,0.028436323223590444,0.0312699105822018,0.03417386765558303,0.03712955811864257,0.04011805959267399,0.0431204970039373,0.046118348496099804,0.04909371807580943,0.052029571105134724,0.054909930544860715,0.057720033438927225,0.060446448476913925,0.0630771565592386,0.06560159712690829,0.06801068360398259,0.07029679167486694,0.072453724294904,0.07447665735004493,0.07636206976841153,0.07810766167424602,0.07971226389103414,0.08117574177014707,0.08249889596534477,0.08368336240933905,0.08473151338965437,0.08564636127977336,0.08643146616084847,0.08709084828053788,0.08762890603562204,0.08805033993865828,0.08836008270048797,0.08856323646777067,0.08866501437121035,0.08867069092912204,0.08858555639457998,0.08841487756801181,0.08816386380280927,0.08783763797223303,0.08744121201550643,0.0869794666732532,0.08645713502568024,0.08587878945506494,0.08524883166832958,0.08457148543328079,0.08385079170257424,0.08309060582163443,0.08229459653984272,0.0814662465676382,0.08060885445357052,0.07972553751160723,0.0788192357823425,0.07789271656880746,0.07694857968587533,0.07598926311692904,0.07501704902005202,0.0740340699729057,0.07304231537167266,0.07204363790667627,0.07103976005267737,0.07003228051979138,0.06902268062464254,0.06801233051599898,0.0670024953098529,0.06599434098226199,0.0649889400953805,0.06398727734134363,0.06299025483854884,0.061998697219397596,0.061013356491142284,0.060034916570834075,0.05906399818743972,0.058101162079884944,0.05714691395136531,0.056201707728888814,0.055265949207846665,0.05433999939716702,0.05342417767096922,0.05251876473424486,0.051624005410844324,0.05074011126083548,0.049867263035789186,0.04900561298205664,0.04815528699173191,0.047316386622961816,0.04648899098305447,0.04567315849008673,0.044868928517227645,0.04407632292694759,0.043295347501608614,0.04252599327665248,0.04176823778231917,0.041022046199605436,0.04028737243545309,0.03956416012307651,0.03885234355131666,0.03815184852816577,0.037462593182557846,0.036784488708470356,0.03611744005538478,0.03546134656798587,0.0348161025796448,0.034181597961672625,0.03355771863201387,0.03294434702595321,0.032341362531295194,0.03174864189650447,0.031166059573892235,0.030593488119563618,0.030030798453143846,0.029477860178031595,0.028934541844582082,0.028400711197610472,0.027876235404039953,0.0273609812620988,0.026854815393375194,0.026357604418948393,0.025869215120751125,0.02538951458909116,0.024918370357627215,0.024455650526335124,0.024001223873575755,0.023554959958095294,0.023116729210795498,0.022686403019706813,0.022263853804226536,0.021848955083794003,0.02144158153880937,0.021041609065225512,0.020648914823169863,0.020263377279978227,0.01988487624820179,0.01951329291879257,0.019148509889997903,0.01879041119195073,0.018438882307908876,0.018093810191992965,0.017755083283188568,0.017422591517100138,0.017096226334648416,0.01677588068834227,0.016461449046256744,0.01615282739390627,0.015849913234153194,0.015552605585397594
0.8197852348993289,0.013878611957809803,0.015971084829700315,0.0182218176594829,0.02062129675779669,0.02315767175358989,0.02581702816166716,0.0285837040238856,0.03144063645589406,0.034369724145184966,0.03735219272492911,0.04036895132198171,0.043400930304484824,0.04642939217485856,0.049436209552379214,0.05240410612441468,0.05531685826495111,0.05815945663070859,0.06091822842627994,0.06358092215414426,0.06613675753689933,0.06857644391903546,0.07089217085876072,0.07307757482165861,0.0751276859248652,0.07703885858438936,0.07880868971289712,0.08043592784233665,0.08192037621452018,0.08326279252828138,0.08446478766453097,0.08552872534721524,0.08645762435138261,0.08725506454232516,0.0879250977344906,0.08847216409211645,0.08890101456066114,0.08921663961742828,0.0894242044605151,0.0895289906154203,0.0895363438259058,0.08945162800733185,0.08928018497383473,0.08902729960260176,0.08869817006619479,0.0882978827458164,0.08783139142960968,0.08730350040257902,0.08671885104242531,0.08608191154961871,0.08539696945782857,0.08466812659146927,0.08389929615956732,0.08309420169860454,0.08225637760074633,0.08138917098745842,0.0804957447113812,0.07957908129176038,0.07864198760905029,0.0776871002046563,0.0767168910491846,0.07573367366203411,0.07473960947450513,0.07373671435265491,0.07272686519828767,0.0717118065655242,0.0706931572358375,0.0696724167200979,0.06865097159054664,0.06763010175094564,0.06661098642264114,0.06559471000599916,0.0645822677039869,0.06357457092795225,0.0625724524874661,0.06157667151955405,0.06058791822716261,0.05960681835607296,0.05863393745653512,0.05766978492140894,0.056714817793460916,0.05576944439242308,0.054834027694871536,0.053908888548212575,0.05299430868218025,0.0520905335411091,0.05119777494207293,0.050316213568224445,0.04944600127952312,0.04858726342478012,0.04774010063633329,0.04690459099348762,0.04608079167747412,0.04526874067341395,0.04446845831431552,0.043679948735231865,0.04290320122208605,0.04213819146851071,0.04138488274549833,0.04064322698893175,0.03991316581110767,0.03919463144011377,0.03848754759238768,0.03779183028311285,0.037107388575061594,0.03643412528043454,0.035771937601579616,0.0351207177317939,0.034480353408766685,0.03385072842723569,0.0332317231132083,0.03262321476220153,0.032025078044395354,0.03143718537853709,0.03085940727706164,0.03029161266458853,0.029733669169972814,0.029185443398831654,0.02864680117957914,0.02811760779310413,0.027597728182351965,0.027087027144858236,0.026585369509223866,0.026092620296701428,0.025608644871744652,0.02513330906244291,0.02466647931256913,0.02420802276448915,0.023757807374951187,0.023315702004862347,0.022881576502802616,0.022455301779493283,0.022036749875989865,0.021625794024194255,0.02122230870101696,0.020826169676548763,0.020437254056624714,0.020055440320354664,0.019680608352814554,0.01931263947344585,0.018951416460124913,0.018596823569926847,0.01824874655632342,0.017907072682690393,0.017571690733552223,0.01724249102277492,0.01691936539933749,0.01660220725081437,0.01629091150475831,0.01598537462803706,0.015685494624991195
0.8264228187919462,0.01392166312305676,0.016025046314917177,0.01828850679180243,0.020702624691419966,0.02325561180995387,0.02593358072176405,0.028720858835370493,0.03160033495109053,0.034553821580005195,0.03756242263144921,0.04060689294816072,0.04366798006786826,0.046726739851066366,0.04976481967303847,0.052764704826484425,0.05570992560906696,0.05858522421155206,0.06137668193414913,0.0640718084187231,0.06665959549200598,0.06913053886931851,0.07147663140325763,0.07369133179011732,0.07576951270762612,0.07770739227500428,0.07950245254235952,0.08115334844142172,0.08265981031128732,0.08402254275531769,0.0852431222177264,0.08632389530131855,0.08726787949602458,0.08807866765441802,0.08876033724868383,0.0893173651699019,0.08975454859074576,0.09007693220650047,0.09028974199246796,0.09039832547283619,0.09040809837697442,0.09032449746754642,0.09015293925433099,0.08989878425674273,0.08956730644351749,0.08916366745815835,0.08869289522868891,0.08815986656185362,0.08756929332861481,0.0869257118629416,0.08623347521071323,0.08549674788987162,0.08471950284275098,0.08390552028672192,0.08305838819303091,0.08218150414780367,0.08127807837253832,0.08035113770430614,0.0794035303567042,0.07843793130340605,0.07745684814424082,0.07646262733236855,0.075457460654664,0.0744433918748657,0.07342232345982204,0.07239602332216019,0.07136613152294535,0.07033416688735837,0.06930153349474673,0.0682695270117949,0.06723934084395572,0.06621207208588602,0.06518872725630706,0.06417022780804725,0.06315741540449311,0.06215105696182039,0.06115184945343994,0.06016042447916403,0.05917735260157038,0.058203147456122144,0.05723826962544621,0.056283130329478306,0.05533809486319986,0.05440348586480449,0.053479586376946005,0.05256664272803485,0.05166486722744874,0.05077444070415991,0.04989551487590114,0.04902821456981035,0.04817263979839422,0.047328867700341434,0.04649695434630925,0.04567693643953981,0.04486883288090153,0.044072646242642635,0.043288364134862596,0.04251596047830501,0.04175539668902402,0.04100662277811446,0.04026957837609862,0.039544193682533466,0.038830390348319886,0.03812808229478863,0.037437176470221274,0.036757573558835396,0.03608916862751875,0.03543185173225152,0.034785508476434586,0.034150020527885544,0.033525266096888884,0.032911120377784264,0.032307455957078915,0.03171414318989841,0.031131050547322913,0.03055804493678833,0.029994991995748132,0.029441756365589492,0.028898201938788982,0.02836419208953896,0.027839589884082992,0.027324258273842113,0.026818060272353506,0.026320859117090457,0.025832518417462914,0.025352902289765347,0.024881875480166647,0.024419303476687356,0.023965052610112166,0.023518990147142035,0.023080984372596803,0.022650904664277324,0.022228621560817056,0.021814006821621077,0.02140693348069421,0.02100727589438787,0.020614909785009777,0.02022971227043533,0.01985156191124675,0.019480338723728955,0.01911592421089042,0.018758201381278858,0.018407054765637035,0.018062370429933344,0.017724035986100176,0.017391940599728643,0.01706597499534436,0.016746031459397927,0.016432003841812454,0.01612378755158075,0.015821279560958256
0.8330604026845637,0.013959860633633353,0.016073299801439685,0.018348583621143492,0.020776401806798687,0.023345046282585765,0.026040676021229864,0.028847628563368647,0.03174876423694032,0.03472582914420918,0.037759823695317316,0.040831364710131386,0.0439210307327407,0.04700968206013851,0.05007874894492902,0.05311048337593765,0.05608817167854634,0.05899630683919683,0.061820720898828126,0.0645486789567677,0.06716893726525623,0.06967176859080935,0.07204895848240651,0.07429377634696793,0.07640092531738996,0.07836647483876902,0.08018777972510573,0.08186338918065254,0.08339294896345642,0.08477709919532982,0.08601737252297822,0.08711608797412966,0.08807625347902971,0.08890146721013888,0.08959582556755379,0.09016383636580799,0.09061033810080019,0.09094042563935939,0.0911593824956281,0.09127261970395442,0.09128562117850984,0.09120389535153546,0.09103293280855508,0.09077816958453182,0.09044495574873063,0.0900385288824109,0.08956399204405335,0.08902629581552791,0.08843022402971656,0.08778038279346084,0.08708119243651818,0.08633688203880069,0.08555148621028374,0.08472884382236907,0.08387259841389856,0.08298620001949066,0.0820729081917051,0.08113579601188521,0.08017775490587871,0.07920150010208755,0.07820957658799278,0.07720436543990214,0.07618809041560222,0.07516282471622195,0.07413049783572075,0.07309290242925376,0.07205170114234494,0.07100843335251204,0.0699645217835507,0.06892127896030935,0.06787991347831288,0.066841536068431,0.0658071654415791,0.06477773390386674,0.06375409273309476,0.06273701731620215,0.06172721204358537,0.0607253149631235,0.059731902196329574,0.058747492121148735,0.05777254932703889,0.05680748834889733,0.05585267718725312,0.054908440622211833,0.05397506332995198,0.05305279280973122,0.052141842129776704,0.05124239250164107,0.05035459569042623,0.049478576269991144,0.04861443373115009,0.04776224445226147,0.04692206353167337,0.04609392651365366,0.04527785097567047,0.04447383802290314,0.043681873673460894,0.04290193014837365,0.04213396707104905,0.041377932582394784,0.0406337643765454,0.03990139066260131,0.03918073105713828,0.03847169741260766,0.037774194582135386,0.037088121136142856,0.03641337001562754,0.035749829144634135,0.0350973819938842,0.03445590810248995,0.03382528356017936,0.033205381452550066,0.03259607227243095,0.03199722429914397,0.03140870394829884,0.030830376094335504,0.030262104365916562,0.029703751421580674,0.029155179198022428,0.028616249141901567,0.028086822421053922,0.0275667601183361,0.027055923409118735,0.02655417372355844,0.026061372894828013,0.025577383294319064,0.025102067954681895,0.024635290681815577,0.02417691615567597,0.02372681002340594,0.02328483898094606,0.022850870848338655,0.022424774636608042,0.022006420607697454,0.02159568032786186,0.02119242671501862,0.020796534080443737,0.02040787816541069,0.02002633617294863,0.01965178679530003,0.01928411023698644,0.018923188234671453,0.018568904073283935,0.018221142598586818,0.017879790227413518,0.01754473495487236,0.01721586635913215,0.016893075603925334,0.016576255439722014,0.016265300198297056,0.01596010579754885
0.8396979865771812,0.013993375401111318,0.01611599835067689,0.01840217206785778,0.020842710935214594,0.02342600478476717,0.026138278881843204,0.028963901758688848,0.031885727087159435,0.03488545573934353,0.03794400480862014,0.041041871527546125,0.04415948157633505,0.04727751308426529,0.05037718955399474,0.05344053686947482,0.05645060138847339,0.05939162779869862,0.06224919688184901,0.06501032455895422,0.06766352456397146,0.07019883782542245,0.07260783213452124,0.07488357597090703,0.07702059046994407,0.07901478347922042,0.08086336949687864,0.08256477903975329,0.08411856068161608,0.08552527865453691,0.08678640853941784,0.08790423320091727,0.08888174076241885,0.08972252607242347,0.09043069679982926,0.09101078500823895,0.09146766480751795,0.09180647645631088,0.09203255710973073,0.09215137823936378,0.0921684896331317,0.09208946977680944,0.09191988234205546,0.09166523844784953,0.09133096432315377,0.09092237397258866,0.09044464643574882,0.08990280722803776,0.08930171355740672,0.08864604292286597,0.08794028471958286,0.08718873449374619,0.0863954905150375,0.08556445235791148,0.08469932120797007,0.0838036016345352,0.08288060459482335,0.08193345145890124,0.08096507885608786,0.0799782442483932,0.07897553186459824,0.07795935922974702,0.07693198381298397,0.07589550991496653,0.07485189563836075,0.0738029598807903,0.07275038929036408,0.07169574513388292,0.0706404700366472,0.06958589456066076,0.06853324359469222,0.06748364253575206,0.06643812324655712,0.06539762977831519,0.06436302385131387,0.0633350900898476,0.06231454101007588,0.06130202176201099,0.060298114628610865,0.059303343286501047,0.058318176774006476,0.0573430335936905,0.05637828469552582,0.05542425745078776,0.054481238523268964,0.0535494769073991,0.05262918672132231,0.05172054982496491,0.05082371827047245,0.04993881659449519,0.049065943960457166,0.04820517615940876,0.04735656747648734,0.04652015243231086,0.045695947405116503,0.044883952141727426,0.04408415116382814,0.043296515076129354,0.042521001782309206,0.041757557615148946,0.041006118385811065,0.04026661035785715,0.039538951150837026,0.03882305057871083,0.03811881142350585,0.03742613016034983,0.036744897617471656,0.03607499959558877,0.03541631743710204,0.034768728552983096,0.03413210690955658,0.03350632347777024,0.032891246648125684,0.032286742613044615,0.03169267571938945,0.03110890879338067,0.03053530343799898,0.029971720310467263,0.02941801937195232,0.028874060120669485,0.028339701804134067,0.027814803613863796,0.0272992248635684,0.026792825151912954,0.026295464511233567,0.02580700354293738,0.02532730354075214,0.02485622660279741,0.024393635732347728,0.023939394930942017,0.023493369279794857,0.02305542501492191,0.022625429593762944,0.022203251754823555,0.021788761570735674,0.021381830495244055,0.020982331404510966,0.020590138633344992,0.02020512800652555,0.01982717686581712,0.01945616409249726,0.019091970127106384,0.018734476984390576,0.018383568266174946,0.018039129170556382,0.01770104649892068,0.017369208660129202,0.01704350567256277,0.016723829164054623,0.01641007236979598,0.016102130129069823
0.8463355704697987,0.014022412989526466,0.016153335867169636,0.018449442539089488,0.020901686114768,0.02349857157584543,0.026226410298784746,0.029069623461274858,0.03201108074333338,0.03503246060695297,0.03811461897155824,0.04123795418136738,0.044382757643911884,0.04752954126855871,0.05065933472005141,0.05375394740922998,0.05679619197680805,0.05977006771213121,0.06266090383383986,0.06545546381727307,0.06814201296036287,0.07071035214931219,0.07315182132006566,0.07545927643850077,0.07762704396582658,0.07965085674372399,0.08152777527535474,0.08325609753689711,0.08483526138462835,0.0862657417495248,0.0875489456742736,0.08868710723272623,0.08968318443419908,0.09054075897319286,0.09126394110867483,0.09185727948483785,0.09232567718831275,0.09267431423810703,0.09290857675909212,0.09303399289570756,0.0930561753888974,0.09298077063250623,0.09281341394269586,0.0925596907122443,0.09222510307925719,0.09181504171108847,0.09133476229103644,0.09078936629091305,0.09018378561830595,0.08952277073660325,0.08881088187708269,0.08805248297697994,0.08725173800486795,0.08641260935676778,0.08553885803214807,0.08463404532408624,0.08370153578260595,0.08274450123438427,0.08176592566446633,0.08076861078773193,0.0797551821578994,0.07872809568017715,0.07768964441191137,0.07664196555002631,0.07558704751935343,0.07452673708829262,0.0734627464499314,0.07239666021700562,0.07132994228817899,0.07026394255126212,0.06919990339580875,0.06813896601390555,0.06708217647314856,0.06603049155046425,0.06498478431927338,0.0639458494859345,0.06291440847413277,0.06189111425827019,0.060876555948531634,0.05987126313436888,0.058875709985734284,0.0578903191297482,0.05691546529971101,0.055951478770742906,0.05499864858918419,0.05405722560432426,0.05312742531116906,0.05220943051459513,0.051303393822236566,0.05040943997595906,0.04952766803024071,0.04865815338594488,0.04780094968766528,0.046956090592542,0.04612359141814637,0.04530345067671896,0.04449565150272271,0.043700162980401316,0.04291694137733535,0.042145931290640766,0.041387066710767036,0.04064027200869033,0.039905462851417974,0.03918254705114928,0.03847142534868155,0.03777199214697574,0.03708413617935131,0.03640774113551949,0.035742686237243367,0.035088846770808355,0.034446094578654704,0.03381429851331222,0.03319332485599552,0.032583037702529405,0.03198329931886695,0.03139397046865079,0.030814910712884912,0.03024597868944756,0.029687032364444806,0.02913792926677642,0.028598526701651767,0.02806868194620407,0.02754825242861131,0.027037095891466672,0.02653507054103017,0.02604203518300723,0.02555784934606842,0.025082373394079812,0.024615468626933885,0.024156997373668384,0.02370682307376675,0.02326481035215342,0.022830825085609678,0.02240473446217763,0.02198640703390552,0.021575712763530364,0.02117252306541211,0.02077671084138322,0.02038815051166511,0.02000671804146128,0.01963229096303506,0.019264748395031246,0.01890397105695965,0.018549841281497597,0.018202243023439986,0.017861061866011288,0.017526185024692144,0.01719750134876514,0.016874901320770845,0.016558277053949636,0.01624752228849771
0.852973154362416,0.014047213953332431,0.01618554867248379,0.01849061495121499,0.020953517215558194,0.023562891868993494,0.02630515582218637,0.02916480476762428,0.03212474788218265,0.03516666543250804,0.03827137620167259,0.04141920264503429,0.044590323084340515,0.04776510192954134,0.050924390751043054,0.05404979489765135,0.05712390217184033,0.06013047175950472,0.06305458310893905,0.06588274573577473,0.06860297196794876,0.07120481545002322,0.0736793787973937,0.07601929415375858,0.07821868058195285,0.08027308223746606,0.08217939099808003,0.08393575834926888,0.08554149637152578,0.08699697668989832,0.08830352420771774,0.08946331138026781,0.09047925409533786,0.0913549099935162,0.092094382009716,0.0927022265661519,0.09318336802276357,0.09354301953570096,0.09378661062214745,0.09391972151653037,0.09394802426337262,0.09387723037966585,0.09371304484870259,0.09346112600777776,0.09312705131349859,0.0927162880019733,0.09223416877180049,0.09168587201280029,0.09107640539883573,0.0904105938894487,0.0896930702837724,0.0889282688337645,0.08812042127752524,0.08727355501020183,0.08639149309432105,0.0854778558367377,0.0845360636845374,0.08356934121677831,0.08258072203196212,0.08157305435362637,0.08054900719722453,0.07951107695953634,0.07846159431200725,0.07740273129250219,0.07633650850712095,0.07526480236573996,0.0741893522871884,0.07311176782052732,0.07203353563829404,0.07095602636597484,0.06988050121901876,0.06880811842530321,0.06773993941639025,0.0666769347754247,0.0656199899341572,0.06456991061431264,0.0635274280120115,0.06249320372610221,0.06146783443335422,0.06045185631451023,0.059445749241230215,0.058449940718487525,0.05746480961095104,0.05649068964062908,0.05552787267774386,0.05457661182871089,0.05363712433189674,0.0527095942698664,0.05179417510745153,0.05089099206466084,0.050000144333297164,0.049121707145918216,0.048255733705516064,0.04740225698382936,0.04656129139727589,0.04573283436433588,0.04491686775755722,0.04411335925098906,0.04332226357277366,0.04254352366856695,0.0417770717809274,0.04102283045067637,0.04028071344523002,0.03955062661880328,0.03883246870907333,0.038126132074615134,0.03743150337715764,0.03674846421245794,0.03607689169335131,0.03541665898833421,0.03476763581863311,0.03412968891700511,0.033502682450604906,0.032886478410810965,0.032280936971905205,0.031685916821768564,0.031101275464017048,0.0305268694997907,0.02996255488100488,0.029408187146647856,0.028863621637546473,0.02832871369337602,0.027803318832613864,0.027287292916773228,0.02678049230030057,0.02628277396685096,0.025793995653183518,0.02531401596165409,0.024842694461192544,0.024379891780513134,0.023925469689379655,0.02347929117353059,0.023041220500951188,0.022611123281067718,0.022188866517271658,0.02177431865329198,0.021367349613820252,0.020967830840008313,0.02057563532000645,0.02019063761516026,0.019812713881663828,0.019441741889467692,0.01907760103630284,0.018720172359540235,0.018369338544680917,0.018024983931204823,0.01768699451593141,0.017355257954097855,0.01702966355834665,0.016710102295786677,0.016396466783371956
0.8596107382550335,0.014068053259114853,0.016212916208252492,0.018525961008698688,0.020998454034022205,0.023619177903423147,0.026374673595697447,0.029249532957092757,0.03222672860477723,0.035287967948120065,0.03841405840771414,0.041585271810675846,0.04478169725380426,0.04798357332803858,0.051171592366712,0.05432717120567432,0.05743268473090133,0.06047166016348412,0.06342893153347848,0.06629075509353165,0.06904488748660882,0.07168062932076548,0.07418883741113835,0.07656190934905394,0.07879374427016005,0.08087968374481247,0.0828164366327853,0.08460199155871578,0.0862355204012481,0.08771727587190063,0.0890484859100505,0.09023124725830733,0.09126842021783195,0.09216352623409468,0.09292064963262278,0.09354434452113296,0.09403954760137574,0.09441149739321092,0.09466566016522465,0.09480766268978526,0.09484323179416426,0.09477814056098792,0.09461816092651854,0.09436902244833387,0.09403637663545815,0.09362576685548518,0.09314260299378979,0.092592140688011,0.09197946463444243,0.09130947556593393,0.09058688050418309,0.08981618588506464,0.08900169336635916,0.08814749749222567,0.08725748574145101,0.08633533979421132,0.08538453844019722,0.08440836142855482,0.08340989438197324,0.08239203440862249,0.08135749631115545,0.08030881924004117,0.07924837366236279,0.07817836858545071,0.07710085879551107,0.07601775227986317,0.07493081752258354,0.07384169073613175,0.07275188302509761,0.07166278729904259,0.07057568505735257,0.06949175293094893,0.06841206897411946,0.06733761883293626,0.06626930134793463,0.06520793431158273,0.0641542596525056,0.0631089484832365,0.062072605868956014,0.06104577534255366,0.06002894317195136,0.059022542386698525,0.05802695657187564,0.05704252343731778,0.05606953817197965,0.055108256591509995,0.05415889808949164,0.05322164840107708,0.052296662188672134,0.05138406545885711,0.05048395781962162,0.04959641458675313,0.04872148874795287,0.047859212792958385,0.04700960041763719,0.04617264810968729,0.04534833662324043,0.04453663234938666,0.04373748858883965,0.04295084673386405,0.04217663736444329,0.04141478126490855,0.0406651903661162,0.039927768618192014,0.039202412798535334,0.03848901325949365,0.0377874546198477,0.03709761640398905,0.036419373632426866,0.03575259736705587,0.03509715521418718,0.03445291179453049,0.03381972914164934,0.03319746715422884,0.032585983900337095,0.03198513598011865,0.031394778826427376,0.030814766986355654,0.030244954379468943,0.02968519453454282,0.029135340806340834,0.028595246573899866,0.028064765421702418,0.02754375130486373,0.027032058699826382,0.02652954274129005,0.026036059346554986,0.025551465328433214,0.02507561849645367,0.024608377750244884,0.02414960316085619,0.023699156045692248,0.023256899034678567,0.022822696129343952,0.022396412755149225,0.021977915807570483,0.021567073692550707,0.021163756361580164,0.020767835341997366,0.02037918376253324,0.01999767637511901,0.019623189572847453,0.0192556014038386,0.018894791582615984,0.01854064149815258,0.018193034219269745,0.017851854497543004,0.017516988767926907,0.017188325147258446,0.016865753430908924,0.016549165087655745
0.866248322147651,0.014085238547640622,0.016235760565728185,0.01855580539117473,0.021036809483194727,0.02366771440855183,0.026435202264552055,0.029323981894350357,0.03231711325412913,0.03539635695516136,0.0385425362839328,0.04173589981423268,0.04495647394447803,0.0481843962138622,0.05140022193907936,0.054585198484206406,0.057721503219819045,0.06079244287891531,0.06378261351217672,0.06667802155336824,0.06946616758894439,0.07213609529397123,0.07467840863789513,0.07708526090033331,0.07935031928576826,0.08146870901202379,0.08343694069727066,0.08525282471122822,0.08691537591437233,0.08842471190855958,0.08978194758453983,0.09098908839708762,0.09204892443706947,0.09296492702112573,0.09374114918630151,0.09438213116961351,0.09489281167387822,0.09527844547389043,0.09554452770196749,0.0956967249685195,0.0957408133202838,0.095682622914131,0.09552798918546486,0.095282710214271,0.09495250993710487,0.09454300681413354,0.0940596875385511,0.09350788536430941,0.09289276262780063,0.09221929704661995,0.091492271392327,0.09071626615259938,0.0898956548199889,0.08903460146853183,0.08813706030477109,0.08720677690548433,0.08624729086953638,0.0852619397236378,0.08425386363924345,0.08322601115489557,0.08218114535397009,0.08112185057652493,0.0800505394653656,0.07896946024060093,0.07788070410915907,0.0767862127264114,0.07568778564508742,0.07458708766214478,0.07348565610941922,0.07238490789263993,0.07128614640381713,0.0701905681885164,0.06909926938177624,0.06801325189267773,0.06693342933118676,0.06586063266985809,0.06479561563932731,0.06373905985779366,0.0626915796994458,0.06165372689077049,0.06062599488730251,0.059608822960225336,0.05860260007841322,0.05760766854784727,0.056624327433511354,0.05565283576943115,0.05469341557125243,0.05374625464911594,0.052811509249117476,0.05188930651440012,0.050979746787242604,0.050082905749885984,0.04919883643632486,0.048327571085326274,0.047469122881044816,0.046623487566125055,0.045790644942406054,0.04497056026532704,0.044163185538263185,0.04336846071495928,0.04258631481266025,0.04181666694637728,0.04105942728547619,0.04031449794012621,0.039581773781614385,0.038861143201153685,0.038152488811421484,0.03745568809479983,0.03677061400203735,0.03609713530317925,0.035435118105473985,0.03478442430676575,0.034144914044988685,0.03351644508845096,0.03289887340423074,0.03229205349534382,0.03169583871048832,0.03111008152835981,0.03053463381839096,0.029969347079641436,0.029414072659441903,0.028868661953282426,0.028332966587350468,0.027806838587832648,0.027290130517744027,0.026782695644290335,0.026284388034340498,0.025795062682003225,0.02531457560849393,0.02484278395453329,0.024379546062452927,0.02392472155106431,0.023478171381848094,0.02303975791793732,0.022609344976328133,0.022186797873773,0.02177198346700645,0.0213647701875521,0.020965028071723266,0.020572628785814378,0.02018744564758466,0.01980935364380541,0.019438229443741187,0.019073951410111523,0.01871639960671127,0.018365455803375254,0.01802100347844257,0.01768292781893462,0.017351115718513978,0.017025455774159905,0.016705838279640093
0.8728859060402684,0.014099106979313486,0.016254444497938555,0.01858052542888045,0.021068961403717553,0.02370886295846532,0.026487068181361904,0.029388422264139347,0.03239609570599215,0.035491928537908356,0.03865678815498604,0.04187092907199507,0.045114344048526614,0.048367097454720565,0.05160963335816632,0.05482305250716649,0.057989354076294575,0.061091639653271905,0.06411427842352573,0.06704303381337007,0.06986515294890079,0.07256942117845241,0.07514618457872166,0.07758734383715192,0.07988632318792849,0.082038018203784,0.08403872622677003,0.08588606309449066,0.08757886960069847,0.0891171108494562,0.09050177133940712,0.09173474827058882,0.09281874521095125,0.09375716791383772,0.09455402374383916,0.09521382585780108,0.09574150300602087,0.09614231556241781,0.09642177853528992,0.09658558923219854,0.09663956719033287,0.0965895936594207,0.096441563059659,0.09620133856307482,0.09587471398301513,0.09546738122827579,0.09498490291341867,0.09443268970177914,0.09381598195663045,0.09313983527777975,0.09240910951770007,0.09162846088499457,0.09080233676588252,0.08993497291745876,0.08903039271165213,0.08809240813455228,0.08712462227202734,0.08613043303735353,0.08511303792189262,0.08407543957256176,0.08302045202350564,0.08195070742729342,0.08086866315359133,0.07977660913810126,0.07867667538200228,0.07757083951628309,0.07646093435850282,0.07534865540123284,0.07423556818189803,0.07312311549293932,0.07201262439930703,0.07090531303463202,0.06980229717541196,0.06870459652255316,0.06761314077357014,0.06652877538691392,0.06545226709124696,0.06438430912141678,0.06332552618849513,0.06227647917233918,0.06123766959021893,0.06020954376921675,0.05919249680957783,0.05818687630057402,0.05719298581355091,0.05621108817927768,0.05524140856014896,0.05428413732613676,0.053339432744788626,0.05240742349467579,0.05148821101363099,0.05058187168102285,0.04968845887022106,0.04880800483700656,0.047940522493779995,0.047086007053243686,0.04624443755722601,0.04541577829661115,0.04459998012969471,0.043796981705177006,0.04300671059622171,0.04222908435141187,0.04146401146871561,0.04071139229382882,0.03997111985940891,0.039243080650501076,0.038527155319817166,0.03782321934534096,0.03713114363793125,0.036450795101967054,0.03578203715214686,0.0351247301900308,0.03447873204267517,0.0338438983664204,0.03322008301850074,0.03260713839696153,0.03200491575671478,0.03141326549436361,0.030832037413095165,0.030261080963760414,0.029700245465658876,0.02914938020679502,0.028608335135435176,0.028076960012945976,0.027555105581468245,0.02704262319513047,0.02653936504747771,0.026045184284668347,0.025559935109588632,0.025083472873125585,0.024615654158005807,0.02415633685310837,0.023705380219879224,0.023262644951319425,0.022827993224133016,0.022401288746003417,0.02198239678811021,0.021571184234789317,0.02116751959820123,0.020771273050747826,0.020382316444760844,0.020000523329661367,0.019625768965090433,0.019257930331476717,0.018896886137253488,0.01854251682340737,0.018194704565517125,0.017853333274153997,0.017518288589128204,0.017189457882264777,0.01686673024390406
0.8795234899328859,0.014110020414153542,0.01626936754475868,0.018600548780716573,0.021095352410591295,0.023743064564159377,0.026530691230041276,0.029443230980910264,0.03246398655104065,0.035574903015386676,0.03875692049508227,0.04199032997326074,0.045255121851489596,0.0485313182098774,0.051799281252762314,0.055039992034143156,0.058235295179144615,0.061368106878407866,0.06442258487894045,0.06738426047932292,0.07024013364026302,0.07297873322228318,0.07559014506179729,0.07806601110225928,0.08039950311362849,0.08258527470473204,0.08461939533905138,0.0864992699802564,0.08822354780098535,0.08979202313444161,0.09120553154492955,0.09246584356375473,0.09357555829116455,0.09453799872472632,0.09535711034240599,0.0960373641576205,0.09658366517625641,0.09700126692887655,0.09729569252193022,0.09747266245605732,0.09753802929196168,0.09749771910614856,0.0973576795669851,0.09712383437373975,0.09680204373564597,0.0963980705195871,0.0959175516650501,0.09536597444659918,0.09474865715901333,0.09407073380164883,0.09333714254085274,0.09255261622405285,0.09172167855822252,0.09084863895157437,0.08993759233770866,0.08899241969053771,0.08801679028281958,0.08701416524665476,0.08598780220982033,0.08494076080505011,0.08387590887302038,0.08279592919910599,0.08170332664595419,0.08060043556017513,0.07948942734892492,0.0783723181369134,0.0772509764279484,0.07612713070726354,0.07500237693175345,0.07387818586474944,0.0727559102204539,0.07163679159033368,0.07052196713141294,0.06941247599861586,0.06830926551381802,0.06721319706197738,0.06612505171285575,0.06504553556755546,0.06397528483155347,0.06291487062221303,0.06186480350500143,0.06082553778474131,0.059797475540392234,0.05878097042424488,0.05777633123051516,0.05678382524337579,0.05580368137529736,0.0548360931045586,0.053881221222560144,0.05293919640059333,0.05201012158693004,0.05109407423564627,0.05019110840050509,0.049301256662547935,0.04842453194017684,0.04756092916562632,0.04671042684490988,0.045872988503867854,0.04504856403365493,0.04423709093618107,0.04343849547961464,0.04265269376875143,0.041879592736685324,0.04111909105916589,0.04037108000862285,0.039635444232702245,0.038912062481655074,0.03820080827680904,0.03750155052796562,0.03681415410310302,0.036138480352768586,0.035474387594192795,0.03482173155615896,0.03418036578859248,0.03355014203932538,0.032930910598546845,0.0323225206190313,0.031724820404469986,0.03113765767759897,0.030560879824070318,0.02999433411569063,0.02943786791431975,0.028891328857762816,0.028354565029238474,0.02782742511138673,0.02730975852615014,0.026801415561671756,0.026302247486261587,0.025812106653201074,0.025330846592489964,0.0248583220950758,0.024394389287449907,0.023938905698239612,0.023491730266221127,0.02305272364782857,0.02262174775391625,0.02219866629172628,0.021783344561300766,0.021375649518753082,0.020975449809549514,0.020582615787726105,0.020197019532692213,0.019818534862049094,0.019447037341788757,0.019082404293133307,0.018724514796689826,0.018373249694082962,0.018028491588047715,0.017690124835708025,0.017358035552007718,0.017032111594702665
0.8861610738255034,0.014118358721178408,0.016280959906952996,0.018616348584604078,0.021116487090323724,0.0237708396865096,0.026566588365050218,0.02948889884309578,0.03252122527916246,0.03564564185623271,0.03884318953510865,0.04209422689116701,0.04537877492182071,0.04867684695784189,0.05196875623777888,0.055235395226713585,0.05845848230189475,0.06162077297723422,0.06470623379283538,0.06770017980276537,0.07058937457795242,0.07336209642924015,0.07600817216473428,0.07851898177965948,0.08088743738857752,0.08310793996208275,0.08517631748781913,0.0870897481162048,0.08884667169707738,0.09044669288660644,0.09189047872435888,0.09317965326937831,0.09431669155193295,0.09530481476641518,0.09614788830345056,0.0968503239104172,0.09741698697833932,0.0978531096977423,0.09816421058517043,0.09835602068511402,0.09843441657513662,0.09840536015752759,0.09827484510169299,0.09804884970798589,0.09773329589012095,0.09733401392160038,0.09685671255488841,0.09630695410067378,0.09569013404444675,0.0950114647784648,0.09427596303418853,0.09348844061507025,0.09265349804782591,0.09177552079233581,0.09085867767435962,0.08990692123051923,0.08892398968109386,0.08791341027130076,0.08687850374748256,0.0858223897583348,0.08474799299482741,0.08365804990329086,0.08255511592537325,0.08144157245162753,0.08031963543958229,0.07919136216843842,0.07805865948967554,0.07692329142941277,0.07578688680177918,0.07465094666082216,0.07351685157094082,0.07238586866068052,0.071259158438383,0.07013778135229728,0.069022704083931,0.0679148055667891,0.06681488272674756,0.06572365594303972,0.06464177423302947,0.06356982016032982,0.06250831447895364,0.06145772051340078,0.060418448286564896,0.059390858403490544,0.05837526570002061,0.05737194266589424,0.05638112265347496,0.05540300288090342,0.05443774724064401,0.05348548892321185,0.052546332867169754,0.05162035803690707,0.05070761956204883,0.049808150706823956,0.04892196471890428,0.048049056541661604,0.04718940440607831,0.046342971308530524,0.04550970638229015,0.044689546169081454,0.04388241579758354,0.0430882300749531,0.04230689449786705,0.0415383061843282,0.04078235474392517,0.04003892307076333,0.03930788808414227,0.03858912140899733,0.03788249000417939,0.03718785674177144,0.03650508094068894,0.035834018858400665,0.03517452414313717,0.0345264482498725,0.03388964082285346,0.03326395004515384,0.03264922296356975,0.032045305780947664,0.03145204412796824,0.030869283310204308,0.030296868534162847,0.02973464511369944,0.029182458657960916,0.02864015524282804,0.028107581566481642,0.027584585090675167,0.02707101416880891,0.02656671816085462,0.02607154753902338,0.025585353980124247,0.02510799045034384,0.02463931128024054,0.024179172231630623,0.023727430556866692,0.023283945051112608,0.022848576098091683,0.022421185710003597,0.0220016375618456,0.021589797020808116,0.021185531170609073,0.020788708832588446,0.020399200581513153,0.020016878758809593,0.019641617482083294,0.019273292651679447,0.018911781928772384,0.01855696486510455,0.018208722645816248,0.017866938338733918,0.017531496770041042,0.017202284533330968
0.8927986577181208,0.014124511108637244,0.01628967376379525,0.018628435551066868,0.02113292578552293,0.023792784694044312,0.02659537371519709,0.029526035170207462,0.03256839017581028,0.03570466333393735,0.0389160229007214,0.042182925724479584,0.04548545716423971,0.04880365737162772,0.052117826656537615,0.05540880408572293,0.05865821491471819,0.06184868386731648,0.064964012610301,0.06798932097673403,0.07091115255382414,0.07371754614443672,0.07639807533276204,0.07894385893304921,0.0813475454834712,0.08360327517793412,0.08570662272355625,0.08765452458979026,0.0894451939969989,0.09107802683035991,0.09255350067305305,0.0938730736325304,0.0950390739853447,0.09605460066465969,0.09692341866388,0.09764986109086017,0.09823873552506004,0.098695235976885,0.0990248610134837,0.09923333841854613,0.0993265565675416,0.09931050254927584,0.09919120693836589,0.0989746950228014,0.09866694421055414,0.09827384728144953,0.09780118110823377,0.09725458044491861,0.09663951636486351,0.09596127893102464,0.09522496368158906,0.09443546152932941,0.09359745168812564,0.09271539725788777,0.0917935431481374,0.09083591595421271,0.08984632560769329,0.08882836842031636,0.08778543134834524,0.08672069723751454,0.08563715085790029,0.08453758555725716,0.08342461038144144,0.0823006575300507,0.0811679900327514,0.08002870954783096,0.07888476419901219,0.07773795637960902,0.07658995046489188,0.07544228038371538,0.07429635700985392,0.07315347534140959,0.07201482144391905,0.07088147913852508,0.06975443647247241,0.06863459161228015,0.06752275920763698,0.06641967546994067,0.0653260037212562,0.06424233936439389,0.06316921463026569,0.06210710305926783,0.06105642372413924,0.06001754520378149,0.058990789316847564,0.05797643462469109,0.056974719715140947,0.05598584627546443,0.055009981968142316,0.0540472631123845,0.05309779719313858,0.052161665195829314,0.05123892378340318,0.05032960732245853,0.04943372976906377,0.04855128641893696,0.04768225553682611,0.046826599866077685,0.04598426803044869,0.04515519583325211,0.04433930746116409,0.04353651659891034,0.04274672746143354,0.04196983574507411,0.041205729515423055,0.040454290016261864,0.03971539242484852,0.03898890654559212,0.03827469745033886,0.03757262606856156,0.036882549730777266,0.03620432266916012,0.03553779647773436,0.03488282053555127,0.03423924239569703,0.033606908140583786,0.03298566271210683,0.03237535020852148,0.03177581416037112,0.031186897781188532,0.03060844419677598,0.030040296654418774,0.02948229871341699,0.028934294418626695,0.02839612845796419,0.02786764630533331,0.027348694350073262,0.026839120013103755,0.026338771853623613,0.025847499662274075,0.025365154546625954,0.024891589006720245,0.02442665700238146,0.023970214012813233,0.023522117089091604,0.023082224900043895,0.022650397772221734,0.022226497724204725,0.021810388495922612,0.02140193557284708,0.02100100620693358,0.02060746943218264,0.020221196077630087,0.01984205877657825,0.0194699319728436,0.019104691924208366,0.018746216703314302,0.018394386196221055,0.018049082098811883,0.017710187911330583,0.017377588930996456
0.8994362416107382,0.014128865538959751,0.016295971872003948,0.018637346554814624,0.02114527420442262,0.023809563673987927,0.02661775385856349,0.029555367787304367,0.032606204144997035,0.035752655105217544,0.03897603956922554,0.04225694150143359,0.045575543949891405,0.04891195045787579,0.05224648683445395,0.055559977591366244,0.0588339927110036,0.062051061733685874,0.0651948534065124,0.06825032027647107,0.07120380862689375,0.0740431350211504,0.07675763142882877,0.0793381614636597,0.0817771106641149,0.08406835400644028,0.08620720396912288,0.08819034248347753,0.09001574002472817,0.09168256493992592,0.09319108589066359,0.09454257002915832,0.09573917923545072,0.09678386644373459,0.0976802737800563,0.09843263393686645,0.09904567592728872,0.09952453609952883,0.09987467505323806,0.10010180088709494,0.10021179902129122,0.1002106686973342,0.1001044659854059,0.09989925350910459,0.09960105603598311,0.09921582223575591,0.09874939188536656,0.09820746825629544,0.09759559525837411,0.0969191389305062,0.0961832728622858,0.09539296714566607,0.09455298046714591,0.09366785497059536,0.09274191354247283,0.09177925919493156,0.09078377624734822,0.08975913303163535,0.08870878587228223,0.08763598411649796,0.08654377601260464,0.08543501525896724,0.08431236806452704,0.08317832058334192,0.08203518660268368,0.08088511538100361,0.07973009954705616,0.07857198298499748,0.07741246864255935,0.07625312620995763,0.07509539962710125,0.07394061438496348,0.07278998459433776,0.07164461980186214,0.07050553153848226,0.06937363959053658,0.06824977798760852,0.06713470070477204,0.06602908707973608,0.06493354694779054,0.06384862549862581,0.06277480786698734,0.061712523448307105,0.06066214997555476,0.05962401733922503,0.058598411176120385,0.0575855762587503,0.05658571951638571,0.05559901323424256,0.054625597549264666,0.053665583144880936,0.052719053618081727,0.05178606770997494,0.05086666138077661,0.049960849740246394,0.04906862884176218,0.048189977348617796,0.047324858080243504,0.04647321944676038,0.04563499677833626,0.04481011355674517,0.04399848255548917,0.04320000689466319,0.04241458101636588,0.041642091586115405,0.04088241832539942,0.040135434780172265,0.03940100902980918,0.03867900434076811,0.03796927976874421,0.03727169071333538,0.03658608942830805,0.03591232549088671,0.0352502462329908,0.03459969713751249,0.033960522200154004,0.033332564265463716,0.03271566532894048,0.03210966681766729,0.031514409845187566,0.0309297354444978,0.03035548478055066,0.029791499343684393,0.029237621125727434,0.02869369277973749,0.028159557764859622,0.02763506047750704,0.027120046368905457,0.026614362053083793,0.02611785540105468,0.025630375627194897,0.025151773365506506,0.024681900737514206,0.02422061141232014,0.023767760659443932,0.023323205394948594,0.022886804221572833,0.022458417463116793,0.02203790719376503,0.021625137262224387,0.02121997331257166,0.020822282799638325,0.020431935001810633,0.02004880103002145,0.01967275383372839,0.019303668204067825,0.018941420774427068,0.018585890018659786,0.018236956247048106,0.017894501600900087,0.017558410043902326
0.9060738255033557,0.014131796557280583,0.016300313545040166,0.0186436294956629,0.02115416821676006,0.023821894498121107,0.026634516699005593,0.029577736353779662,0.032635534109502005,0.03579048114851785,0.03902406553769715,0.0423170235881127,0.04564966721721967,0.04900219939966166,0.05235501100175062,0.05568895355818316,0.05898558381782454,0.062227377114150904,0.06539790777959231,0.06848199588224727,0.07146582051475074,0.07433700068211145,0.07708464551798704,0.07969937610212394,0.08217332155854763,0.08450009239116064,0.08667473417060961,0.08869366473630981,0.09055459803482681,0.09225645759536755,0.09379928244515934,0.09518412817884796,0.0964129651441625,0.09748857641421727,0.09841445669653362,0.09919471403253803,0.09983397537358095,0.1003372970027048,0.1007100805162196,0.10095799486487496,0.10108690476497234,0.1011028056256847,0.10101176499945497,0.10081987044786023,0.1005331836209911,0.10015770027712388,0.09969931591442963,0.09916379664850222,0.09855675494517313,0.0978836298055836,0.0971496709977874,0.09635992693441617,0.09551923580749351,0.09463221961696831,0.09370328067671127,0.09273660045869796,0.09173614015095094,0.09070564296554041,0.08964863774894095,0.0885684437261821,0.08746817615958342,0.08635075273782937,0.08521890052835687,0.08407516334928815,0.08292190943398603,0.08176133927878042,0.08059549357986155,0.07942626117938546,0.07825538695356811,0.0770844795866812,0.07591501918477825,0.074748364693137,0.07358576108616892,0.07242834630954274,0.07127715795638755,0.07013313966675304,0.06899714724300732,0.06786995447771299,0.0667522586935958,0.06564468599779934,0.06454779625471041,0.06346208778355163,0.0623880017876375,0.061325926524652574,0.06027620122605776,0.05923911977649865,0.05821493416282825,0.05720385770342292,0.05620606806830195,0.05522171010058266,0.054250898449691644,0.05329372002656586,0.05235023629083187,0.051420485379662,0.05050448408767666,0.04960222970690812,0.04871370173553223,0.047838863463232704,0.04697766345480034,0.04613003684823235,0.04529590674582173,0.04447518525338502,0.04366777462534323,0.04287356825080736,0.042092451576554994,0.04132430295927772,0.04056899445205129,0.039826392529668596,0.039096358757211035,0.03837875040573951,0.03767342101927789,0.03698022093621818,0.036298997768705994,0.035629596843001196,0.034971861603976195,0.034325633984440385,0.033690754747714415,0.033067063795861516,0.032454400455622416,0.03185260373810533,0.031261512576060545,0.030680966040193613,0.030110803535968955,0.02955086498271257,0.02900099097597904,0.02846102293472212,0.02793080323450115,0.02741017532676362,0.02689898384837796,0.026397074717092035,0.025904295219028223,0.02542049408572827,0.024945521563537694,0.024479229472855923,0.02402147126290857,0.023572102057543107,0.023130978695790047,0.02269795976648961,0.022272905637457666,0.02185567848020206,0.021446142290204563,0.021044162902485453,0.020649608004220825,0.020262347143554772,0.019882251735360453,0.019509195064143343,0.01914305228433325,0.018783700418193237,0.01843101835154442,0.01808488682758432,0.017745188438736383
0.9127114093959732,0.014133652232208109,0.01630313852616059,0.01864782460959529,0.021160253539955223,0.02383052824946614,0.0266465123752933,0.0295940767750849,0.032657381086978604,0.035819179646408204,0.03906114146288348,0.04236417468418917,0.045708746929381636,0.04907519398538715,0.05244401054730292,0.055796117897514125,0.059113104612667826,0.06237743752732833,0.06557264125252743,0.06868344551399946,0.07169590044411421,0.07459746071058301,0.07737703999778313,0.08002503786874111,0.0825333414298855,0.0848953045012592,0.08710570716907011,0.08916069867463582,0.09105772658502588,0.09279545510775712,0.09437367526996289,0.09579320948938314,0.09705581284023386,0.0981640730667218,0.09912131113547308,0.09993148385326962,0.10059908966256882,0.10112907971012798,0.10152677174115633,0.10179777277936225,0.10194790558644391,0.10198314233441408,0.10190954457450498,0.10173320932824693,0.1014602216087731,0.10109661267991123,0.10064832403618225,0.10012117667330864,0.09952084529366001,0.09885283705974954,0.09812247450120595,0.09733488218158762,0.09649497673930717,0.0956074599303206,0.09467681431760284,0.09370730127333791,0.09270296098149944,0.09166761415280639,0.09060486518765713,0.08951810654748611,0.0884105241159921,0.08728510335928746,0.08614463610937144,0.08499172782056148,0.08382880516493738,0.08265812385567263,0.08148177656574451,0.08030170095459398,0.07911968756747662,0.07793738771020917,0.07675632115135639,0.07557788364504793,0.07440335423534095,0.07323390231959433,0.07207059445005576,0.07091440086116545,0.0697662017135273,0.06862679304973164,0.06749689246051178,0.0663771444625073,0.06526812554638857,0.06417034921451473,0.06308427007393955,0.062010288561562564,0.06094875474151142,0.05989997212579754,0.058864201217614646,0.05784166282226565,0.05683254115393701,0.05583698673126625,0.054855119082870114,0.053887029269684396,0.052932782234785855,0.051992418990582656,0.05106595865294148,0.05015340033146915,0.04925472488486553,0.048369896549381626,0.04749886444938829,0.046641563996666274,0.04579791818637547,0.04496783879636365,0.044151227496314845,0.04334797687317273,0.042557971377729126,0.041781088199292375,0.041017198072053195,0.0402661660188175,0.039527852036319124,0.03880211172614179,0.038088796882101185,0.03738775599165963,0.03669883479188917,0.0360218766550344,0.035356723034666464,0.03470321383836599,0.03406118777509691,0.03343048267313589,0.03281093577076613,0.03220238398178886,0.03160466413775589,0.03101761320871176,0.030441068503938875,0.02987486785457557,0.02931884977908478,0.028772853633170604,0.028236719745395274,0.027710289538582417,0.0271934056411898,0.026685911984365457,0.026187653890820256,0.02569847815319109,0.025218233103703414,0.024746768675696425,0.024283936457590305,0.023829589740063745,0.023383583556794568,0.02294577471947333,0.022516021847172992,0.022094185391248307,0.0216801276556606,0.021273712812558996,0.020874806914844734,0.020483277904876335,0.020098995620078296,0.019721831795651013,0.01935166006463885,0.018988355955450332,0.018631796887864486,0.01828186216545629,0.01793843296816715
0.9193489932885905,0.014134741361565272,0.01630484984941009,0.01865044306917193,0.02116416067863604,0.023836221677553934,0.026654624988848814,0.029605394477971232,0.032672857681210414,0.03583994757680564,0.039088517240647526,0.042399658052549145,0.04575401317248716,0.04913207915949915,0.052514489826709046,0.0558822776212852,0.05921710896927048,0.06250149109461593,0.06571894880461691,0.06885417060536689,0.0718931242867139,0.0748231427796175,0.07763298165012575,0.08031285005224464,0.08285441732088306,0.08525079765009491,0.08749651547606528,0.089587454276481,0.09152079151390821,0.09329492240131794,0.09490937506295698,0.0963647195091502,0.09766247265696355,0.09880500141284795,0.09979542560233977,0.10063752229248055,0.10133563281291323,0.10189457354798563,0.10231955134989494,0.10261608421598441,0.1027899276846054,0.10284700723533267,0.10279335683146044,0.10263506361680212,0.10237821867141281,0.10202887364555564,0.10159300302196088,0.10107647170461846,0.10048500759494167,0.09982417879161827,0.09909937503696922,0.09831579302842382,0.0974784252171378,0.09659205172535598,0.09566123502833242,0.09469031706494566,0.0936834184608824,0.09264443957104555,0.09157706307043138,0.09048475784611582,0.08937078396603433,0.08823819852269638,0.08708986217154258,0.08592844620410342,0.08475644001531267,0.08357615884691527,0.08238975166734841,0.08119920919653835,0.08000637183171756,0.07881293757509863,0.07762046980909133,0.07643040490624683,0.07524405964938116,0.074062638381595,0.07288723995387685,0.07171886436409033,0.07055841913115976,0.06940672538198656,0.06826452363418224,0.06713247932442727,0.06601118800225844,0.06490118027655185,0.06380292647182416,0.06271684101817934,0.061643286581092235,0.060582577941253254,0.059534985633695844,0.058500739328284486,0.05748003116341,0.05647301844063864,0.05547982668964011,0.05450055213156729,0.053535264114459975,0.05258400737021476,0.05164680410712875,0.0507236559556014,0.049814545774950446,0.04891943932954529,0.04803828684356484,0.04717102444106741,0.04631757547962137,0.04547785178488794,0.04465175478890251,0.04383917659034609,0.04304000092281067,0.04225410405660748,0.041481355627407505,0.04072161940063306,0.03997475397568577,0.03924061343411196,0.03851904793621626,0.03780990426935547,0.03711302635176973,0.03642825569538708,0.035755431828737014,0.03509439268861125,0.03444497497344893,0.033807014470566554,0.033180346353715175,0.03256480545501627,0.03196022651296505,0.0313664443983462,0.03078329432288913,0.03021061200959533,0.02964823389473918,0.029095997248324783,0.028553740328358165,0.028021302502847015,0.02749852436207601,0.026985247818295706,0.02648131619616278,0.02598657431257894,0.025500868547620136,0.025024046907140503,0.02455595907764595,0.02409645647423224,0.023645392281941142,0.02320262149127346,0.022768000927924414,0.022341389278003713,0.02192264710852141,0.02151163688310204,0.021108222974592396,0.02071227167374982,0.020323651194778476,0.019942231677917824,0.0195678851893453,0.019200485718497813,0.01883990917382422,0.018486033374983182,0.018138738045078387
0.925986577181208,0.014135322562741104,0.016305797490748092,0.018651944636719105,0.02116647663123772,0.023839703442557154,0.026659734897933232,0.0296127249851521,0.03268314990221234,0.03585410732584247,0.03910762730617079,0.042424985475229576,0.045787010495303315,0.04917437893238564,0.05256789201839898,0.055948729999669086,0.05929868091552343,0.06260034126680701,0.06583729032411126,0.0689942288030593,0.07205709694721163,0.07501315808435113,0.07785105783014135,0.0805608576740212,0.08313404536219883,0.08556352428714402,0.08784358424944023,0.08996985604259751,0.09193925233876349,0.09374989732557362,0.09540104747091498,0.09689300567378005,0.0982270302141911,0.09940524531571658,0.10043054041512407,0.1013064838208763,0.1020372294466856,0.10262742704708903,0.10308214084556115,0.10340676908641618,0.1036069703574294,0.10368859526750497,0.10365762394372638,0.10352010943016568,0.10328212695892088,0.10294972897275616,0.1025289057022215,0.10202555104286798,0.10144543343021914,0.10079417138284,0.10007721336041886,0.09929982157521666,0.09846705939277774,0.0975837819627139,0.09665462973053693,0.09568402449645508,0.09467616770400392,0.09363504066202959,0.09256440642403765,0.09146781307242582,0.0903485981745999,0.0892098942032706,0.08805463473182969,0.08688556123307571,0.08570523036355311,0.08451602151121712,0.08332014464632487,0.08211964822423266,0.08091642714823442,0.079712230690715,0.07850867031729505,0.07730722736543061,0.07610926053627676,0.07491601316903096,0.0737286202722221,0.07254811529242274,0.07137543661478685,0.07021143376595207,0.0690568733362864,0.06791244463205498,0.06677876499763846,0.06565638488801419,0.06454579264670464,0.06344741901865149,0.06236164138738511,0.061288787772513155,0.06022914057062285,0.05918294006570766,0.05815038771435678,0.05713164921830517,0.05612685738662826,0.05513611482333147,0.054159496408826856,0.05319705162743114,0.052248806725641105,0.051314766719044426,0.05039491725684798,0.049489226349808554,0.04859764597547983,0.04772011356323299,0.04685655337018163,0.04600687775472583,0.04517098835065317,0.04434877716068246,0.04354012755496685,0.04274491520095483,0.0419630089176639,0.04119427146358301,0.0404385602624235,0.03969572807094827,0.038965623593573986,0.0382480920470437,0.03754297567919325,0.036850114245354886,0.0361693454435633,0.03550050531753692,0.03484342862011044,0.03419794914971758,0.033563900056250116,0.03294111412049644,0.03232942400892419,0.03172866250558428,0.03113866272312376,0.03055925829425758,0.02999028354537382,0.02943157365374337,0.02888296478865584,0.02834429424059591,0.02781540053469293,0.02729612353433408,0.026786304532963438,0.02628578633591333,0.025794413332935653,0.02531203156218956,0.02483848876795453,0.024373634441304092,0.023917319878858475,0.023469398202451548,0.02302972439769615,0.022598155338040042,0.022174549805561748,0.021758768506961547,0.021350674086334093,0.020950131133952637,0.02055700619183387,0.0201711677563009,0.01979248627849527,0.01942083415801621,0.01905608574565743,0.01869811732822554,0.01834680712411081
0.9326241610738255,0.014135597186105565,0.016306265301686038,0.018652717232269536,0.021167715696348455,0.023841636672143826,0.026662673188133937,0.029617081937251457,0.03268946150126423,0.03586305116388677,0.03912003997600701,0.04244187677964658,0.04580957316613861,0.04920399271863925,0.05260612127120572,0.05599731423117857,0.059359518207082206,0.06267546523658937,0.06592883880115223,0.06910441155806782,0.07218815532239921,0.07516732431101869,0.07803051303841534,0.08076769053492597,0.08337021278718891,0.08583081543726624,0.088143588892398,0.09030393804596039,0.09230852882646025,0.09415522376720592,0.09584300873321104,0.0973719128509295,0.09874292357297398,0.09995789867039638,0.10101947660460735,0.10193098803526467,0.10269636588021615,0.10332006148709183,0.10380696138708173,0.10416230925279198,0.10439163235090594,0.1045006730995603,0.10449532601414882,0.10438158019628627,0.10416546740972714,0.10385301569034777,0.10345020835654443,0.102962948221579,0.10239702675645776,0.1017580979147593,0.10105165630240143,0.10028301935881133,0.09945731320764484,0.09857946183419945,0.09765417925189952,0.0966859643307128,0.0956790979736755,0.09463764234523518,0.09356544187329942,0.09246612576798056,0.09134311181900041,0.09019961125680262,0.08903863448128141,0.0878629974829348,0.08667532880017588,0.08547807687472037,0.08427351768090349,0.0830637625451046,0.08185076600023973,0.08063633370490428,0.07942213025442388,0.07820968689445247,0.07700040906821919,0.07579558376773603,0.0745963866568939,0.07340388894613081,0.07221906400175257,0.07104279367858318,0.06987587436815974,0.0687190227644139,0.06757288133035103,0.06643802349409,0.06531495855705256,0.06420413632057712,0.06310595145926352,0.06202074762449481,0.06094882130250417,0.059890425432151645,0.05884577279324775,0.05781503917719164,0.056798366341990626,0.05579586478788675,0.05480761632134754,0.05383367646043907,0.05287407666599092,0.05192882641689461,0.050997915137461755,0.05008131398641043,0.04917897751563307,0.04829084520732865,0.047416842897297716,0.046556884092509694,0.04571087118580828,0.04487869658716375,0.04406024375664239,0.043255388166220196,0.04246399818335254,0.041685935885818426,0.040921057812056516,0.04016921565182874,0.03943025688132568,0.03870402534686525,0.037990361800920996,0.03728910439429521,0.03660008912563242,0.035923150257557476,0.03525812069187987,0.03460483231689498,0.03396311632299528,0.03333280349094376,0.03271372445464591,0.032105709940247786,0.031508590983657055,0.03092219912784613,0.03034636660170283,0.02978092648194037,0.029225712838423446,0.02868056086711346,0.028145307006829958,0.027619789045835362,0.0271038462162421,0.026597319278153942,0.02610005059421931,0.02561188419538332,0.025132665838478643,0.024662243056506192,0.024200465201965535,0.02374718348404115,0.02330225099968485,0.022865522760031304,0.022436855711692707,0.022016108753213266,0.021603142748155023,0.021197820534126697,0.020800006928505123,0.020409568731075092,0.020026374724702287,0.019650295668326885,0.019281204300766706,0.018918975324286748,0.01856348540053127
0.9392617449664429,0.014135707902514793,0.01630646408157464,0.018653062255261407,0.021168295717746595,0.02384258273970711,0.026664172883070082,0.029619395960712627,0.032692942157254774,0.035868162005429506,0.03912737561644855,0.04245218165999032,0.04582375794263628,0.04922314691473574,0.052631520934159334,0.05603042354263352,0.05940198430180609,0.06272910585824946,0.06599562283368514,0.06918643288156799,0.07228760081833972,0.07528643715589278,0.07817155265435782,0.08093289070830653,0.08356173949835746,0.08605072590363388,0.08839379319374058,0.0905861645126367,0.09262429413795761,0.09450580845166238,0.09622943849539914,0.09779494590313335,0.09920304391137452,0.10045531503897379,0.1015541269092901,0.10250254755264401,0.10330426139465669,0.1039634869812016,0.10448489724164095,0.104873543805523,0.10513478371591525,0.10527421276891928,0.10529760225872375,0.10521084096708923,0.10501988285213511,0.10473069947046902,0.10434923772751362,0.10388138260431291,0.10333292470348858,0.10270953237818439,0.10201672817495132,0.10125986929687943,0.10044413177752519,0.09957449804903838,0.0986557475867859,0.09769245031777264,0.09668896248870965,0.09564942470293177,0.09457776185024912,0.09347768467153407,0.09235269271764342,0.09120607858805352,0.09004093250686686,0.08886014927561713,0.08766643373528629,0.08646230830088292,0.0852501201987333,0.08403204906595194,0.08281011467274971,0.08158618472508807,0.08036198260000318,0.07913909506887917,0.07791897984240016,0.07670297296508703,0.07549229600253621,0.07428806299835153,0.07309128718037339,0.07190288740311103,0.07072369431156547,0.06955445622849961,0.06839584475474357,0.06724846008729893,0.06611283605711758,0.06498944489093969,0.06387870170333228,0.06278096872770036,0.061696559293548475,0.06062574156014697,0.05956874201623095,0.05852574875722743,0.057496914541792,0.05648235966405617,0.05548217460883684,0.05449642254331577,0.05352514162938583,0.052568347175211104,0.05162603363401404,0.0506981764599077,0.049784733828994204,0.048885648234576806,0.04800084796444736,0.0471302484686457,0.04627375362046801,0.045431256890938354,0.044602642421353006,0.043787786021839026,0.04298655608871856,0.04219881445045116,0.04142441714669445,0.040663215145008154,0.03991505500030043,0.0391797794604653,0.03845722802273059,0.03774723744412954,0.03704964220801697,0.03636427495557434,0.03569096687496308,0.03502954806083855,0.03437984784439564,0.03374169508643605,0.03311491845538635,0.03249934667216111,0.031894808736056476,0.03130113412908747,0.030718153001180894,0.030145696337798743,0.029583596110346118,0.0290316854137909,0.028489798587449433,0.027957771325274015,0.027435440773518317,0.026922645617767662,0.026419226159906144,0.025925024386861284,0.025439884028706245,0.02496365061214031,0.024496171504589236,0.02403729595284017,0.02358687511515147,0.023144762089006194,0.022710811932442905,0.022284881681911596,0.021866830365530186,0.021456519012606767,0.02105381065968688,0.02065857035343173,0.020270665151558457,0.019889964115355166,0.019516338314655393,0.019149660810145287,0.018789806649969855
0.9458993288590604,0.014135744008485466,0.016306533200533716,0.018653189734076425,0.021168522696053668,0.02384297364513484,0.026664825247997372,0.02962045275147139,0.032694606621710434,0.0358707148044322,0.0391311937280603,0.04245775826134639,0.045831722217534,0.04923428253831945,0.052646781879984166,0.0560509458610551,0.05942909263916596,0.06276431371781635,0.06604062590222554,0.06924309513092979,0.07235793350669385,0.07537257125974779,0.07827570562984289,0.08105732877975784,0.08370873688596395,0.08622252252007603,0.08859255236184264,0.09081393218923789,0.09288296102066552,0.09479707590710072,0.09655478971913724,0.09815562227422613,0.09960002742865652,0.10088931676232077,0.10202558133932534,0.10301161265631159,0.10385082382207414,0.10454717190558702,0.10510508227969015,0.10552937567552674,0.10582519854995708,0.10599795725616327,0.10605325639982993,0.10599684165817909,0.10583454724333269,0.10557224810158287,0.10521581686086225,0.10477108546650062,0.1042438113882314,0.10363964822873468,0.1029641205226656,0.10222260248790599,0.10142030046036637,0.1005622387602597,0.09965324862723428,0.09869796006396538,0.09770079617565258,0.09666596980456675,0.09559748216727457,0.09449912324436256,0.09337447368451968,0.0922269080005453,0.09105959885256652,0.08987552223093158,0.08867746336872083,0.08746802323083609,0.08624962544304209,0.08502452354010431,0.08379480842669336,0.08256241595871504,0.08132913456528805,0.08009661284345708,0.07886636706799065,0.0776397886223119,0.07641815093550106,0.07520261702085475,0.07399424571277036,0.0727939984614609,0.07160274554474966,0.07042127206339524,0.06925028366089518,0.06809041196565783,0.06694221975618636,0.06580620585234158,0.0646828097367606,0.06357241591435674,0.06247535801535364,0.06139192265415667,0.06032235304478172,0.05926685239606868,0.05822558708334513,0.05719868961470267,0.05618626139375699,0.055188375330129005,0.05420507818549073,0.053236392869131184,0.052282320488129426,0.0513428422847589,0.05041792142847908,0.049507504677449146,0.04861152391768431,0.047729897588385715,0.046862531996586514,0.046009322541312216,0.04517015483219655,0.04434490573071678,0.04353344430697079,0.042735632722002016,0.04195132704039763,0.04118037797785466,0.040422631589033704,0.03967792989927492,0.038946111484777564,0.03822701200517235,0.03752046468989011,0.036826300788153334,0.03614434997480262,0.03547444072568944,0.03481640065877716,0.03417005684559685,0.03353523609506361,0.03291176521164922,0.03229947123019423,0.031698181628820446,0.031107724521911927,0.030527928834707913,0.029958624460057547,0.029399642401745526,0.028850814900355442,0.028311975548161703,0.027782959390893983,0.027263603018431413,0.026753744645179618,0.026253224180979372,0.025761883293242874,0.025279565461233316,0.024806116022888076,0.024341382215052172,0.023885213207088567,0.023437460129974993,0.022997976098729892,0.022566616231243546,0.02214323766233985,0.021727699553970584,0.021319863101811904,0.020919591538581098,0.02052675013436867,0.020141206194233235,0.019762829053408693,0.019391490070110953,0.01902706261651727
0.9525369127516778,0.01413575280669866,0.016306551442378768,0.01865322601938659,0.021168592095776484,0.02384310154627515,0.026665052839571147,0.029620844521782277,0.03269526018056789,0.03587177322425667,0.03913286041408491,0.04246031412137891,0.0458355446250433,0.04923986529842823,0.05265475514910009,0.056062094772194426,0.05944437327563621,0.06278486507854163,0.06606777661908748,0.06927836392769192,0.07240302270955723,0.0754293530556046,0.07834620118305305,0.08114368072752272,0.08381317610218919,0.08634733034089488,0.08874001968362352,0.09098631656054364,0.0930824457217372,0.09502572654283425,0.09681451740112376,0.09844814905385242,0.09992685685379693,0.10125171000795881,0.10242453926543048,0.1034478639316463,0.10432481902242759,0.10505908329831841,0.10565480884687085,0.10611655280759254,0.1064492117784297,0.10665795921993224,0.10674818661148786,0.10672544800824484,0.1065954088583978,0.10636379883929552,0.10603636891751883,0.10561885262451826,0.10511693150735574,0.10453620465520382,0.10388216216582617,0.10316016237698683,0.1023754126600661,0.10153295355136241,0.10063764598136815,0.09969416135328239,0.09870697421762688,0.09768035729101389,0.09661837857164135,0.09552490031105178,0.09440357961398965,0.09325787044812667,0.09209102686111316,0.09090610721613748,0.08970597927264312,0.08849332595415584,0.08727065166034097,0.08604028899535142,0.08480440579844943,0.08356501237671579,0.08232396885217352,0.08108299254739634,0.0798436653448047,0.07860744096447736,0.07737565211459808,0.0761495174766603,0.07493014849485649,0.07371855594553227,0.07251565626826703,0.07132227764424105,0.07013916581892458,0.06896698964514068,0.0678063463751306,0.06665776667130792,0.06552171935607623,0.06439861592787409,0.06328881465894791,0.06219262485160419,0.06111031031340907,0.06004209300802826,0.05898815632111679,0.057948648142725025,0.05692368374718421,0.05591334848083632,0.05491770026838226,0.05393677194634973,0.05297057343387962,0.05201909375058521,0.05108230288974551,0.05016015355611464,0.04925258277657572,0.04835951339171248,0.04748085543597962,0.04661650741378105,0.04576635747839429,0.04493028452030925,0.04410815917118772,0.04329984472932323,0.04250519801193775,0.04172407013983679,0.04095630725890195,0.04020175120319418,0.039460240103843504,0.03873160894805113,0.038015690089639266,0.03731231372133101,0.03662130830086775,0.03594250094503126,0.03527571778774344,0.034620784307039354,0.033977525623030684,0.03334576676895421,0.03272533293771019,0.03211604970541781,0.031517743234033405,0.03093024045474407,0.030353369232583513,0.02978695851696766,0.029230838473984135,0.028684840607118147,0.028148797864248756,0.0276225447330421,0.027105917325539124,0.026598753452828066,0.026100892690538183,0.025612176436107227,0.02513244795825806,0.02466155243956572,0.02419933701213263,0.023745650788509397,0.02330034488568199,0.022863272445284202,0.022434288648839867,0.022013250728968647,0.0216000179768396,0.021194451746205267,0.020796415454324296,0.020405774579945305,0.020022396659349618,0.019646151278515288,0.01927691006523034
0.9591744966442953,0.01413575422405896,0.01630655469517564,0.018653233143442426,0.021168607022922618,0.02384313154090672,0.026665110770136363,0.02962095229168672,0.0326954536852118,0.03587210921046506,0.039133425579404794,0.042461236691862636,0.04583700848655537,0.04924212653325522,0.052658160562674756,0.05606710170972334,0.05945156975754126,0.06279498906211486,0.06608173305216151,0.06929723822241732,0.07242808934676725,0.07546207821191987,0.0783882385850357,0.08119686028569129,0.08387948529851391,0.0864288887550406,0.08883904743042889,0.09110509815196587,0.09322328823409794,0.09519091976820074,0.09700628931646608,0.09866862430977721,0.10017801723031879,0.10153535847787701,0.10274226867207145,0.10380103102791263,0.10471452435386432,0.10548615715406152,0.1061198032635585,0.10661973940211342,0.10699058499364908,0.10723724452194949,0.10736485297332415,0.1073787237678947,0.1072843007580127,0.1070871130570478,0.1067927336343741,0.10640674145914708,0.10593468724835266,0.1053820627932281,0.10475427379937839,0.10405661614094457,0.10329425540822675,0.1024722095255973,0.10159533446455402,0.10066831252341375,0.09969564330568989,0.09868163698533139,0.09763040971339636,0.09654588094330134,0.09543177246889777,0.09429160897198967,0.09312871988810306,0.09194624240796599,0.09074712544420206,0.0895341344050126,0.08830985662939793,0.08707670735149363,0.08583693607417779,0.08459263324487837,0.08334573713851254,0.08209804086351986,0.08085119941866878,0.07960673673714729,0.0783660526646596,0.07713042982623931,0.07590104034430761,0.07467895237741314,0.0734651364552573,0.07226047159117252,0.07106575115792131,0.06988168851685782,0.06870892239480177,0.0675480220046014,0.06639949191000599,0.06526377663607578,0.06414126502908982,0.06303229437116764,0.06193715425609862,0.06085609023383877,0.05978930723187754,0.058736972761915376,0.05769921992312089,0.05667615020487699,0.05566783610920725,0.05467432359167134,0.0536956343361281,0.05273176788492136,0.051782703537622835,0.05084840231326631,0.049928808508384125,0.049023851334957194,0.04813344636052284,0.04725749685309073,0.04639589502437732,0.045548523178114114,0.04471525476983058,0.04389595538419521,0.0430904836354364,0.042298691996615886,0.04152042756237616,0.040755532750174156,0.04000384594435982,0.03926520208757244,0.03853943322125556,0.03782636898519531,0.03712583706901845,0.03643766362926196,0.03576167366868249,0.035097691382631024,0.03444554047475813,0.03380504444426248,0.03317602684722499,0.03255831153363543,0.031951722862280596,0.03135608589530251,0.03077122657293026,0.03019697187323674,0.029633149952735652,0.029079590274654427,0.028536123722738675,0.028002582702789734,0.02747880123278638,0.026964615022533205,0.026459861543621222,0.025964380090698923,0.025478011834576764,0.025000599867701135,0.024531989243236255,0.02407202700792929,0.023620562228598145,0.023177446014247885,0.02274253153302544,0.022315674024920452,0.021896730810514718,0.02148556129613243,0.021082026975599022,0.0206859914296138,0.020297320321301892,0.019915881390090682,0.01954154444365989
0.9658120805369127,0.014135754347885136,0.016306555019779657,0.018653233949959023,0.021168608927433222,0.023843135827663967,0.026665119990267595,0.02962097128776045,0.03269549126115579,0.035872180729009204,0.039133556826347324,0.042461469377324285,0.045837407752806446,0.04924279078194565,0.05265923379781441,0.056068788412246474,0.05945415207078516,0.06279884579439038,0.06608735971944157,0.06930526709564061,0.07243930826277878,0.07547744680408272,0.07840890056373849,0.08122415052751795,0.08391493071207792,0.08647420220963285,0.0888961144139585,0.09117595623750976,0.09331009984485286,0.09529593864626311,0.0971318246163408,0.09881699684539433,0.10035151856498353,0.10173620755137125,0.1029725702211976,0.10406273671727943,0.10500939779708358,0.10581574376870084,0.10648540564331897,0.1070223986246365,0.10743106802216561,0.10771603770340143,0.10788216104592542,0.10793447464403691,0.10787815465190756,0.10771847593736314,0.10746077406391426,0.1071104101490576,0.10667273862564265,0.10615307791394317,0.10555668399060297,0.1048887268178805,0.10415426958342792,0.1033582506004119,0.10250546797101127,0.10160056655043949,0.100648027417324,0.09965215949629651,0.09861709324362272,0.09754677621969607,0.09644497037492263,0.09531525094011768,0.0941610065696894,0.09298544088747916,0.09179157497183828,0.09058225078454979,0.08936013544456267,0.08812772605290353,0.08688735512045243,0.08564119638477509,0.08439127095163733,0.08313945366422995,0.08188747962283649,0.08063695078241125,0.07938934256749827,0.07814601045109391,0.07690819645214163,0.07567703551349127,0.07445356172869122,0.07323871439190281,0.07203334385053017,0.07083821714488489,0.0696540234234464,0.0684813791254452,0.06732083292620998,0.06617287044662065,0.0650379187154181,0.0639163504064215,0.06280848783474165,0.061714606729123066,0.0606349397827626,0.0595696799903156,0.058518983778875294,0.05748297393031726,0.05646174237955243,0.0554553526695456,0.05446384245139206,0.05348722565930226,0.0525254945960398,0.05157862186208468,0.05064656214747569,0.04972925389441629,0.048826620838796846,0.04793857343716106,0.047065010187986346,0.04620581885250589,0.045360877582624276,0.04453005596185616,0.043713215965025254,0.042910212849558406,0.04212089593541201,0.041345109422063694,0.0405826930084911,0.03983348255914007,0.03909731067679564,0.03837400723390596,0.03766339985911555,0.03696531438234607,0.036279575241534946,0.03560600585394703,0.0349444289546607,0.034294666904935864,0.03365654197257507,0.033029876586576086,0.03241449356803763,0.03181021633934032,0.031216869112244618,0.030634277059749235,0.0300622664677776,0.029500664873470972,0.02894930118810665,0.02840800580689241,0.027876610706573872,0.027354949531778434,0.026842857671192724,0.02634017232421098,0.02584673255898207,0.02536237936260872,0.024886955683611704,0.02442030646895526,0.023962278693405,0.023512721384534065,0.02307148564218455,0.022638424653386103,0.022213393703059414,0.021796250180888276,0.021386853584551353,0.020985065520514243,0.020590749700254662,0.020203771935966407,0.019824000132452228
0.9724496644295302,0.014135754352047872,0.016306555032872278,0.01865323398855326,0.021168609034859513,0.02384313610986842,0.02666512069311351,0.029620972952090575,0.03269549501816005,0.03587218883592569,0.03913357358529745,0.04246150264559509,0.04583747130657433,0.04924290785719786,0.052659442169832406,0.056069147381846686,0.05945475168432058,0.06279981852536781,0.06608889467714428,0.06930762660652648,0.0724428464083512,0.07548262921987228,0.07841632453856917,0.08123456422441765,0.08392925019274333,0.08649352490572954,0.08892172776346378,0.09120934039148236,0.09335292363597482,0.09535004877309919,0.09719922558468409,0.09889982806586801,0.10045202131285479,0.1018566889018545,0.1031153628783031,0.10423015663018431,0.10520370112024986,0.1060390846942866,0.1067397965250729,0.10730967363676568,0.10775285137814483,0.10807371716954657,0.10827686733244775,0.10836706681131841,0.10834921161681972,0.10822829384048728,0.10800936912010256,0.10769752646042008,0.10729786033725813,0.10681544503110665,0.10625531114890209,0.10562242429935574,0.10492166588001084,0.10415781605727237,0.10333553831418946,0.10245936701924899,0.10153369564474855,0.10056276774781246,0.09955066936649942,0.0985013231303234,0.0974184840027722,0.09630573632193073,0.0951664923878774,0.09400399211484253,0.0928213038498563,0.09162132613055961,0.0904067903801933,0.08918026425039696,0.08794415567815195,0.08670071744810456,0.08545205219981276,0.08420011778288773,0.08294673288081586,0.08169358282626932,0.08044222554191452,0.07919409754647987,0.07795051997585589,0.076712704555754,0.07548175953880172,0.07425869548500512,0.07304443094492058,0.0718397979700004,0.07064554744919611,0.06946235421621591,0.06829082218530286,0.06713148870403587,0.06598482945754945,0.06485126258323298,0.06373115280021839,0.0626248152790121,0.061532519318325915,0.06045449179102575,0.05939092041000743,0.05834195678130066,0.05730771928684482,0.056288295773026686,0.055283746071396835,0.05429410435373767,0.05331938132923063,0.05235956629226602,0.051414629029349936,0.05048452158850084,0.04956917993140469,0.04866852545468018,0.04778246640840365,0.04691089920616498,0.04605370963746053,0.04521077398815435,0.044381960074846356,0.043567128199295355,0.042766132027813576,0.0419788194010978,0.041205033079512954,0.04044461142636203,0.039697389039619536,0.038963197325330275,0.0382418650298645,0.03753321871957154,0.0368370832275408,0.036153282056062275,0.03548163774617053,0.03482197221738447,0.03417410705703786,0.03353786383271435,0.03291306431095915,0.03229953070278333,0.0316970858679919,0.031105553502378498,0.030524758305329525,0.029954526131911543,0.02939468412847123,0.02884506085397905,0.028305486388140143,0.02777579242727714,0.02725581236916891,0.02674538138754082,0.026244336497278174,0.02575251661070895,0.025269762586525458,0.024795917271354963,0.024330825534149312,0.023874334295333612,0.02342629255004324,0.022986551386417343,0.022554963999312925,0.022131385699847475,0.021715673921037758,0.021307688220620707,0.020907290279216922,0.020514343897582478,0.020128714989960095
0.9790872483221477,0.014135754352063669,0.016306555033116576,0.01865323407331822,0.021168609036396283,0.023843136114910787,0.026665120708639842,0.0296209729970323,0.03269549514106498,0.03587218915323077,0.03913357436388536,0.04246150446432105,0.045837475361648825,0.049242916508508,0.05265945987269588,0.05606918220237972,0.05945481765839028,0.06279993917143323,0.06608910801403806,0.06930799203166904,0.07244345375403022,0.0754836102114845,0.07841786672405969,0.08123692723716586,0.08393278395730569,0.08649868912806807,0.08892911178823866,0.09121968229299585,0.09336712726549837,0.09536919749261362,0.09722459108643053,0.09893287401717364,0.10049439988080242,0.101910230506312,0.1031820587408901,0.1043121341111669,0.10530319472371391,0.10615839827130726,0.10688126526720677,0.10747562154400053,0.10794554959330209,0.1082953401580634,0.10852945389305926,0.10865248300723092,0.1086691183443849,0.1085841195613655,0.10840228830307701,0.10812844402016362,0.107767402118959,0.10732395417378623,0.10680284997951128,0.10620878126572537,0.10554636693385099,0.10482013971247493,0.10403453415417241,0.10319387591722715,0.10230237229087265,0.1013641039305227,0.10038301777492334,0.09936292111402148,0.09830747677714223,0.09722019940307855,0.09610445274914668,0.09496344798936107,0.09380024294567056,0.09261774219054551,0.09141869795456396,0.09020571176906096,0.08898123677156083,0.08774758059719427,0.0865069088066648,0.08526124870833535,0.08401249362117824,0.08276240739567531,0.08151262919892313,0.0802646784818032,0.07901996007952629,0.07777976937793367,0.07654529755404958,0.07531763676174127,0.07409778531607818,0.0728866527921427,0.07168506503021282,0.07049376894428555,0.06931343765610745,0.06814467432125802,0.06698801733168419,0.06584394419020738,0.06471287566936397,0.06359517970271926,0.06249117511027183,0.06140113511358839,0.06032529068618746,0.05926383371524706,0.05821691998716466,0.057184671999977364,0.056167181608280096,0.05516451250596494,0.05417670255315865,0.05320376595373723,0.05224569529067674,0.05130246342163225,0.050374025254527305,0.04946031938802851,0.048561269646267856,0.04767678649822623,0.04680676837757144,0.04595110290339765,0.045109668010619886,0.04428233299523708,0.043468959479443944,0.04266940230219835,0.041883510340363216,0.041111127263030234,0.04035209222982227,0.039606240526807744,0.03887340415456517,0.03815341236578774,0.03744609215804675,0.036751268611107425,0.03606876586704689,0.03539840637044685,0.03474001234749487,0.03409340555025758,0.03345840765440427,0.03283484051625613,0.03222252640788772,0.031621288226985775,0.03103094968843268,0.03045133549606164,0.02988227149717425,0.02932358482104528,0.028775104002718994,0.028236659094917835,0.027708081757416944,0.027189205360497046,0.02667986504393301,0.02617989779163768,0.025689142487857745,0.02520743996682375,0.02473463305450145,0.024270566604346885,0.023815087526754954,0.023368044812358362,0.022929289551033145,0.022498674946368785,0.02207605632155027,0.021661291133081656,0.02125423896507665,0.020854761532169155,0.020462722675495308
0.985724832214765,0.014135754352053553,0.016306555033109175,0.018653233988990697,0.021168609036395017,0.023843136114923055,0.026665120708678144,0.02962097299717307,0.032695495141550394,0.03587218915478959,0.03913357436927467,0.04246150448061609,0.045837475408028135,0.049242916633194425,0.05265946019036944,0.05606918288111732,0.05945481943364514,0.06279994308474654,0.0660891162790956,0.06930800879164672,0.07244348645641692,0.07548367173731761,0.07841797855285054,0.08123712396316649,0.0839331194868554,0.08649924486138438,0.08893000701772955,0.09122108692558002,0.09336927652495738,0.09537240997305381,0.097229285489143,0.09893958932202855,0.10050381382573087,0.10192317688372597,0.10319954200146968,0.10433534041900483,0.10533349615267873,0.1061973547200309,0.10693061615218803,0.10753727275380913,0.10802155193020503,0.10838786421759462,0.10864075690590272,0.10878487218424918,0.10882491130902379,0.10876560285593781,0.10861167572112033,0.10836783610023143,0.10803874857067151,0.10762901848241514,0.1071431811070076,0.10658568829121659,0.10596090047896771,0.10527307903966276,0.10452638011912437,0.10372484955007633,0.10287241861810871,0.10197290052261974,0.1010299874142847,0.10004724792294542,0.09902812512132808,0.09797593489046853,0.09689386467050154,0.09578497259152932,0.09465218698603764,0.09349830628717148,0.0923259993170848,0.091137805967088,0.08993613826744946,0.08872328183968733,0.08750139772042588,0.08627252453694717,0.08503858101671465,0.08380136880130304,0.08256257553790752,0.08132377821575516,0.0800864467160042,0.07885194753705696,0.07762154766776956,0.07639641856869973,0.07517764023294697,0.0739662052946321,0.07276302315660337,0.07156892411028824,0.07038466342485651,0.06921092538289253,0.06804832724432944,0.06689742312194849,0.0657587077557509,0.06463262016552572,0.06351954719918775,0.06241982692443862,0.06133375190328923,0.06026157231841083,0.059203498959561396,0.05815970606329184,0.05713033401398111,0.05611549189977761,0.055115259930293786,0.05412969171747595,0.05315881642407168,0.05220264077930478,0.051261150979575454,0.050334314456659486,0.04942208154064019,0.04852438700930569,0.047641151533634046,0.046772283023953476,0.045917677881710826,0.04507722216243748,0.044250792654341474,0.043438257877745155,0.04263947901028123,0.041854310740235,0.04108260205896625,0.040324196985686414,0.03957893523952066,0.03884665285611895,0.03812718275462346,0.03742035525813248,0.036725998570781834,0.03604393921477409,0.035374002429922946,0.03471601253861905,0.034069793278838835,0.03343516810651834,0.032811960472707104,0.03219999407226364,0.031599093071345695,0.031009082312313408,0.03042978749879042,0.029861035304984872,0.029302653811903296,0.028754472070155683,0.028216320783114614,0.027688032146082227,0.027169439978652253,0.02666037981723358,0.02616068898638347,0.025670206662410832,0.025188773927922497,0.024716233819247077,0.024252431366271473,0.02379721362578468,0.023350429708820702,0.02291193080338165,0.022481570186927056,0.022059203247796717,0.02164468748378299,0.021237882511920197,0.020838650068115378
0.9923624161073825,0.014135754352045806,0.016306555033113665,0.01865323398899162,0.021168609036398087,0.023843136114802044,0.026665120708677183,0.029620972997174314,0.03269549514155062,0.03587218915490555,0.039133574369275025,0.042461504480617966,0.04583747540803697,0.04924291663322897,0.05265946019052826,0.05606918303199337,0.059454819435154925,0.06279994309076938,0.06608911629682006,0.0693080088634729,0.07244348658556098,0.07548367205897492,0.0784179793155328,0.08123712568850083,0.08393312322087386,0.08649925261167567,0.08893002248082213,0.09122111664590453,0.09336933194254309,0.09537250892213343,0.09722945753470331,0.09893987967093375,0.10050429019634569,0.10192393787622901,0.10320072736039433,0.10433714319006789,0.1053361765850427,0.10620125559731759,0.10693617905628341,0.107545054594217,0.10803224092458902,0.10840229445192938,0.10865992021640225,0.10880992712218952,0.10885718735921668,0.10880659990256446,0.10866305791079868,0.10843142021311479,0.10811648574537296,0.1077229724329152,0.10725549870247593,0.10671856843735722,0.10611655885186172,0.10545371112050705,0.1047341235320788,0.10396174692073608,0.10314038211332274,0.10227367912274156,0.10136513781563199,0.10041810978593638,0.09943580117873332,0.09842127622531996,0.09737746127399322,0.0963071491276418,0.09521300352847502,0.09409756366023254,0.09296324856785111,0.09181236142214823,0.09064709358244105,0.0894695284314003,0.08828164497605902,0.08708532121933692,0.08588233732398595,0.08467437859020714,0.08346303827841507,0.08224982030741018,0.08103614185858558,0.07982333591467622,0.07861265375838328,0.07740526745230872,0.07620227231734798,0.07500468942231825,0.07381346809344415,0.07262948844769256,0.07145356395235414,0.07028644400754704,0.06912881654811956,0.06798131065833513,0.06684449919301627,0.06571890138666014,0.06460498547089061,0.0635031712398016,0.06241383260737796,0.0613373001144278,0.060273863385759706,0.05922377353461017,0.05818724550051918,0.05716446031875578,0.05615556731507167,0.05516068622177308,0.054179909212551274,0.05321330284915986,0.05226090995199914,0.05132275137107044,0.05039882767986275,0.04948912077899938,0.048593595415174155,0.04771220061622252,0.04684487104389931,0.04599152826717552,0.04515208195775912,0.04432643101100079,0.043514464595166766,0.042716063129815074,0.041931099203053344,0.041159438419510884,0.04040094019337939,0.039655458482840675,0.0389228424698444,0.0382029371972822,0.037495584138267674,0.03680062174744325,0.03611788594991636,0.03544721059876131,0.034788427894335935,0.03414136876808208,0.033505863236409285,0.03288174072136164,0.0322688303456364,0.031666961200625454,0.031075962590432195,0.03049566425345378,0.029925896563182827,0.029366490709688366,0.028817278863428337,0.028278094322482974,0.027748771644732356,0.027229146765555715,0.026719057103764363,0.026218341654121433,0.025726841070071407,0.02524439773596142,0.02477085583011053,0.024306061350500716,0.023849862306172073,0.02340210846881486,0.022962651690158552,0.0225313457948947,0.02210804662080867,0.021692612041380153,0.021284901976888995
0.999,0.014135754351960085,0.016306555033111958,0.01865323398899316,0.02116860903639791,0.02384313611492137,0.026665120708673905,0.029620972996946215,0.03269549514155111,0.03587218915490641,0.03913357436927569,0.04246150448061782,0.04583747540802055,0.04924291663318263,0.0526594601905305,0.05606918297211835,0.05945481943515474,0.06279994309076861,0.06608911629681985,0.06930800869461552,0.07244348658556184,0.07548367205903726,0.07841797931552973,0.08123712568849409,0.08393312322089234,0.08649925261177167,0.08893002248120098,0.0912211166471684,0.09336933194645729,0.09537250893353284,0.09722945756593458,0.09893987975239459,0.10050429017865986,0.1019239383490584,0.10320072842156443,0.10433714546955042,0.10533618113741981,0.10620126478630057,0.10693619683934757,0.10754508739264938,0.10803229945175764,0.10840239568126414,0.10866009021376148,0.10881020475184744,0.108857628969448,0.10880728500265267,0.10866409620166469,0.10843295883860728,0.10811871832743962,0.10772614812342854,0.10725993146903437,0.10672464650485114,0.10612475349832086,0.10546458441268856,0.10474833474638891,0.10398005708360568,0.10316365638428435,0.10230288675026192,0.10140134587825812,0.10046249241799099,0.09948960994770766,0.09848584432941598,0.09745418742129987,0.09639748317388804,0.0953184306284788,0.09421958735255938,0.09310337322974965,0.09197207453177171,0.09082784820389438,0.08967272632982055,0.08850862065425763,0.08733732723586077,0.0861605310729649,0.08497981073494719,0.08379664295993905,0.08261240715550501,0.0814283898437025,0.08024578897144773,0.07906571810882555,0.07788921051497623,0.07671722306920004,0.07555064006762068,0.07439027688971839,0.07323688354119642,0.072091148084029,0.07095369996208305,0.0698251132331675,0.06870590971551922,0.06759656205480082,0.06649749671468984,0.06540909689092686,0.0643317053455398,0.06326562715520116,0.06221113236553236,0.06116845854188331,0.06013781320622884,0.05911937615123783,0.05811330162226439,0.057119720360965014,0.05613874150586811,0.05517045434851625,0.054214929938385774,0.05327222257219688,0.052342371093273984,0.05142540012533611,0.0505213211413448,0.04963013343834755,0.04875182500935031,0.04788637332543446,0.04703374603954755,0.04619390162159037,0.045366789935166255,0.044552352765197,0.043750524302323124,0.04296123159816623,0.04218439498624502,0.04141992848524072,0.04066774018207934,0.03992773260058529,0.03919980305808973,0.03848384401185354,0.0377797433970287,0.0370873849566883,0.03640664856466951,0.035737410541475216,0.03507954396204296,0.03443291895850919,0.033797403011950305,0.0331728612382912,0.032559156664516385,0.03195615049583284,0.03136370237318268,0.030781670620634614,0.03020991248245767,0.029648284349428438,0.029096641974281145,0.02855484067621196,0.028022735533836222,0.02750018156827024,0.02698703391365878,0.026483147978050247,0.0259883795931583,0.025502585153805442,0.025025621747252633,0.024557347272732132,0.02409762055153113,0.023646301427869002,0.02320325086175355,0.022768331011878185,0.02234140531279832,0.021922338542981635
