r,chi0,chi1,chi2,chi3,chi4,chi5,chi6,chi7,chi8,chi9,chi10,chi11,chi12,chi13,chi14,chi15,chi16,chi17,chi18,chi19,chi20,chi21,chi22,chi23,chi24,chi25,chi26,chi27,chi28,chi29,chi30,chi31,chi32,chi33,chi34,chi35,chi36,chi37,chi38,chi39,chi40,chi41,chi42,chi43,chi44,chi45,chi46,chi47,chi48,chi49,chi50,chi51,chi52,chi53,chi54,chi55,chi56,chi57,chi58,chi59,chi60,chi61,chi62,chi63,chi64,chi65,chi66,chi67,chi68,chi69,chi70,chi71,chi72,chi73,chi74,chi75,chi76,chi77,chi78,chi79,chi80,chi81,chi82,chi83,chi84,chi85,chi86,chi87,chi88,chi89,chi90,chi91,chi92,chi93,chi94,chi95,chi96,chi97,chi98,chi99,chi100,chi101,chi102,chi103,chi104,chi105,chi106,chi107,chi108,chi109,chi110,chi111,chi112,chi113,chi114,chi115,chi116,chi117,chi118,chi119,chi120,chi121,chi122,chi123,chi124,chi125,chi126,chi127,chi128,chi129,chi130,chi131,chi132,chi133,chi134,chi135,chi136,chi137,chi138,chi139,chi140,chi141,chi142,chi143,chi144,chi145,chi146,chi147,chi148,chi149,chi150,chi151,chi152,chi153,chi154,chi155,chi156,chi157,chi158,chi159
1e-06,0.3312327102784339,0.3078702623460084,0.2861000225938735,0.2658248111560328,0.2469509902035629,0.2293888965456572,0.2130531062522751,0.1978625704919031,0.1837406536493959,0.1706150982610298,0.1584179360731955,0.1470853603619972,0.1365575712999375,0.1267786035550633,0.1176961431661672,0.1092613390452954,0.1014286133216679,0.0941554733829038,0.0874023280492352,0.0811323093417776,0.0792898425149596,0.0780588847604233,0.0768469963622491,0.0756538837977794,0.074479257964164,0.0733228341345772,0.0721843318844096,0.0710634750412426,0.0699599916087187,0.0688736137200996,0.0678040775666193,0.0667511233489813,0.0657144952257991,0.0646939412287498,0.0636892132355545,0.0627000669005255,0.0617262615983636,0.0607675603763065,0.0598237298922938,0.0588945403741657,0.0579797655486068,0.05707918260804,0.0561925721495819,0.0553197181273916,0.0544604077993829,0.053614431684193,0.0527815835111078,0.0519616601653633,0.0511544616522859,0.0503597910428147,0.0495774544297322,0.0488072608846626,0.0480490224088618,0.0473025538933534,0.0465676730757851,0.0458442004925725,0.0451319594433523,0.0444307759459832,0.0437404786938092,0.0430608990188033,0.0423918708510076,0.0417332306783696,0.0410848175060017,0.0404464728229693,0.0398180405604204,0.0391993670580507,0.0385903010207118,0.0379906934936,0.037400397816951,0.0368192695944202,0.0353150759749358,0.0347279278930689,0.0341505376028344,0.0335827431425498,0.0330243852290359,0.0324753072124865,0.0319353550360877,0.0314043771909423,0.0308822246764676,0.0303687509556562,0.0298638119200354,0.0293672658452952,0.0288789733572218,0.0283987973842353,0.0279266031294909,0.0274622580270379,0.0270056317080399,0.0265565959638774,0.0261150247106962,0.0256807939532681,0.0252537817526779,0.0248338681906518,0.0244209353384614,0.0240148672207091,0.0236155497865093,0.0232228708759646,0.022836720189426,0.0224569892567174,0.0220835714068694,0.0217163617389052,0.0213552570920138,0.0210001560167951,0.0206509587475138,0.0203075671744808,0.0199698848150043,0.0196378167889437,0.0193112697898481,0.0189901520614971,0.0186743733698215,0.0183638449775508,0.01805847962351,0.0177581914931751,0.0174628961974582,0.0171725107484479,0.0168869535365026,0.016606144306761,0.016330004137555,0.016058455417878,0.0157914218255232,0.0155288283058967,0.0144157299853031,0.0138745121328433,0.0133536121854753,0.0128522675320984,0.0123697441703436,0.0119053356339136,0.0114583619615634,0.0110281687041293,0.0106141259682757,0.0102156274963786,0.0098320897807618,0.0094629512104517,0.009107671250348,0.0087657296514572,0.0084366256895284,0.0081198774332125,0.0078150210390497,0.0075216100732717,0.0072392148583688,0.0069674218449079,0.0067058330061062,0.006454065255692,0.0062117498872611,0.0059785320346831,0.0057540701528479,0.0055380355177362,0.0053301117453134,0.0051299943283971,0.0049373901909854,0.0047520172591541,0.0045736040482741,0.0044018892654108,0.0042366214269003,0.0040775584901465,0.0039244674992037,0.0037771242437987,0.003635312930921,0.0034988258690063,0.0033674631637123,0.003241032425288
1.1815645998014783e-06,0.3497610299996591,0.3251455186373929,0.3021966544412769,0.2808150238631638,0.2609042942537776,0.2423718032530473,0.225128944517201,0.2090913962881161,0.1941792297646948,0.1803169265457146,0.167433328240863,0.155461536405592,0.1443387770195272,0.1340062405623839,0.1244089062925515,0.1154953573209751,0.1072175914543931,0.0995308317278086,0.0923933393236197,0.0857662310142209,0.0838187909051858,0.082517690134307,0.0812367376245709,0.0799756235923271,0.0787340429212278,0.0775116950849089,0.0763082840880236,0.0751235184024255,0.0739571109033706,0.0728087788021475,0.0716782435984242,0.0705652310008929,0.0694694708771064,0.0683906971950672,0.0673286479510442,0.066283065140502,0.0652536946596103,0.0642402862846987,0.0632425935922695,0.0622603739205365,0.0612933883001293,0.0603414014090755,0.0594041815140272,0.058481500427203,0.057573133435852,0.0566788592700714,0.0557984600426977,0.0549317212005144,0.0540784314724965,0.0532383828267791,0.0524113704165773,0.0515971925367342,0.0507956505761738,0.0500065489706014,0.0492296951566303,0.0484648995284708,0.0477119753923976,0.0469707389244362,0.0462410091269719,0.0455226077811777,0.0448153594180239,0.0441190912589895,0.0434336331909839,0.0427588177186884,0.0420944799270899,0.0414404574388349,0.0407965903823797,0.0401627213485585,0.0395386953564842,0.0389243598130607,0.0373342084784126,0.0367135061409377,0.0361031184561357,0.0355028742592068,0.0349126052081102,0.0343321457495763,0.0337613330658642,0.0332000070290626,0.0326480101623857,0.0321051875935232,0.0315713870108948,0.0310464586258233,0.0305302551259721,0.030022631639516,0.0295234456917746,0.0290325571698572,0.0285498282767728,0.0280751235007278,0.0276083095742797,0.027149255437378,0.0266978322017862,0.0262539131149729,0.0258173735250502,0.0253880908464298,0.0249659445251745,0.0245508160069834,0.024142588701437,0.023741147952926,0.0233463810060871,0.0229581769766299,0.0225764268184615,0.0222010232959192,0.0218318609498223,0.0214688360725991,0.0211118466764202,0.0207607924662738,0.0204155748110803,0.0200760967167522,0.0197422627990193,0.019413979256481,0.0190911538450767,0.0187736958517554,0.0184615160693363,0.0181545267717534,0.0178526416893744,0.0175557759849387,0.0172638462296742,0.0169767703802605,0.0166944677565058,0.0164168590166463,0.0152401124373872,0.014667946683329,0.0141172603966939,0.0135872473968392,0.013077131741934,0.0125861665977205,0.0121136331465191,0.0116588395392532,0.0112211198836367,0.0107998332723945,0.0103943628464388,0.0100041148940964,0.0096285179829956,0.0092670221250931,0.0089190979724455,0.0085842360433225,0.0082619459773156,0.0079517558181533,0.0076532113231593,0.0073658752995294,0.0070893269636334,0.0068231613265748,0.0065669886008678,0.0063204336303145,0.0060831353411542,0.0058547462134005,0.0056349317725525,0.0054233700997561,0.0052197513607682,0.0050237773523748,0.0048351610660733,0.0046536262676344,0.0044789070928582,0.0043107476585297,0.0041489016874031,0.0039931321479827,0.0038432109073659,0.0036989183972228,0.0035600432923055,0.0034263822010237
1.3960949035040307e-06,0.3692737616447102,0.3433485764446011,0.3191657254499033,0.296624033904115,0.2756248012698333,0.2560725798086562,0.2378757072567089,0.2209466486640499,0.2052021912830709,0.1905635273523467,0.1769562523469122,0.164310300429314,0.1525598341781961,0.1416431019247595,0.131502273092999,0.1220832596065903,0.1133355294230102,0.1052119170176491,0.0976684342813352,0.0906640844018259,0.088605739436825,0.0872305303479592,0.085876608005583,0.0845436455458362,0.0832313210043315,0.0819393172434509,0.0806673218904497,0.0794150272628116,0.0781821303206563,0.076968332579113,0.0757733400650938,0.0745968632320415,0.0734386169154078,0.0722983202589777,0.0711756966650162,0.0700704737189576,0.0689823831400534,0.0679111607124143,0.0668565462355306,0.0658182834738949,0.0647961200662387,0.0637898075086508,0.0627991010767262,0.0618237597730597,0.0608635462747399,0.0599182268793308,0.0589875714584257,0.0580713533865606,0.0571693495103915,0.0562813400842626,0.0554071087273946,0.0545464423663701,0.0536991311941341,0.0528649686169871,0.0520437512054193,0.0512352786517803,0.0504393537197723,0.0496557822002739,0.0488843728648249,0.0481249374229492,0.0473772904758262,0.0466412494762439,0.0459166346801683,0.0452032691105761,0.0445009785127314,0.043809591312452,0.0431289385778568,0.0424588539774501,0.0417991737443426,0.0411497366314145,0.0394687235954247,0.0388125524319289,0.0381672844141059,0.0375327386543194,0.0369087372521855,0.0362951052477467,0.035691670567627,0.035098263984851,0.0345147190681971,0.0339408721386867,0.0333765622234476,0.032821631011952,0.032275922810957,0.0317392845048185,0.03121156551109,0.0306926177373653,0.0301822955454305,0.0296804557070669,0.0291869573633013,0.0287016619908627,0.0282244333613524,0.0277551374976796,0.0272936426468938,0.0268398192383992,0.0263935398465445,0.0259546791595372,0.0255231139415035,0.0250987229996187,0.0246813871502826,0.0242709891847,0.0238674138408636,0.023470547763994,0.0230802794813577,0.0226964993685894,0.0223190996220711,0.0219479742217672,0.0215830189103467,0.0212241311587168,0.0208712101391683,0.0205241566977058,0.0201828733252388,0.0198472641308934,0.019517234815598,0.0191926926452121,0.0188735464254539,0.0185597064752634,0.0182510846030032,0.0179475940807676,0.0176491496199989,0.0173556673500395,0.0161116340690867,0.0155067512023277,0.0149245757225545,0.0143642553952111,0.013824969947886,0.0133059298754895,0.0128063752880541,0.0123255748019806,0.0118628244712243,0.0114174467614234,0.0109887895586256,0.0105762252174139,0.0101791496439321,0.0097969814128024,0.0094291609176642,0.0090751495527996,0.0087344289260307,0.0084065001004692,0.0080908828651538,0.0077871150323052,0.0074947517618736,0.0072133649102509,0.0069425424042267,0.006681887638133,0.0064310188932421,0.0061895687794396,0.0059571836975892,0.005733523321986,0.0055182601022175,0.0053110787838168,0.0051116759468469,0.0049197595616553,0.004735048561486,0.0045572724309936,0.0043861708101709,0.0042214931133456,0.0040629981620843,0.0039104538322412,0.0037636367141248,0.0036223317852217
1.6495763159436233e-06,0.389813572316032,0.3625215885930983,0.3370484030584197,0.3132916866574653,0.2911508030067603,0.2705278144141258,0.2513281921071135,0.2334612957303336,0.2168406741142811,0.2013842287199297,0.1870142726048543,0.1736575108756059,0.1612449630753484,0.1497118435589006,0.1389974123570712,0.1290448063050135,0.1198008579369375,0.1112159078333931,0.1032436149444007,0.0958407680017062,0.0936652604047511,0.0922117592902194,0.0907807460204435,0.0893718757858878,0.0879848089184713,0.0866192108257646,0.0852747519155558,0.0839511075339069,0.0826479578971779,0.0813649880164395,0.0801018876353145,0.0788583511702673,0.0776340776346165,0.0764287705794325,0.0752421380285622,0.0740738924167763,0.0729237505198547,0.0717914334094084,0.0706766663714825,0.0695791788571634,0.0684987044242661,0.0674349806640347,0.0663877491741148,0.0653567554566268,0.0643417489013384,0.0633424827036938,0.0623587138252822,0.0613902029265632,0.0604367143196991,0.0594980159128336,0.0585738791630272,0.0576640790097013,0.0567683938373373,0.0558866054218549,0.0550184988721181,0.0541638625913614,0.0533224882228833,0.0524941706012982,0.0516787077073752,0.0508759006186355,0.050085553465849,0.0493074733856715,0.0485414704743925,0.0477873577511603,0.0470449511004448,0.0463140692427995,0.0455945336808584,0.044886168671039,0.0441888011644581,0.0435022607815966,0.0417252037543036,0.0410315404889255,0.0403494022660826,0.0396785979331701,0.039018939494424,0.0383702420526234,0.0377323237663649,0.0371050057953677,0.0364881122541108,0.035881470160832,0.0352849093951873,0.0346982626449773,0.0341213653659666,0.0335540557335023,0.0329961745998024,0.032447565448157,0.0319080743527133,0.0313775499333308,0.0308558433154459,0.0303428080885236,0.0298383002653455,0.0293421782419187,0.0288543027632865,0.0283745368737715,0.0279027458923736,0.0274387973652117,0.026982561034257,0.0265339088001318,0.0260927146868349,0.0256588548041932,0.0252322073174809,0.0248126524107389,0.0244000722547139,0.0239943509738226,0.0235953746140163,0.0232030311110276,0.0228172102590785,0.022437803680456,0.0220647047950684,0.0216978087915231,0.0213370125969222,0.0209822148481739,0.0206333158647599,0.0202902176204923,0.0199528237150992,0.0196210393491137,0.019294771296158,0.018973927877469,0.0186584189367557,0.0183481558122599,0.0170329895841482,0.0163935193336653,0.0157780545303098,0.0151856942587877,0.0146155713897213,0.0140668513144313,0.0135387307277942,0.0130304364559876,0.0125412243294734,0.0120703780956817,0.0116172083743527,0.0111810516486727,0.0107612692989984,0.0103572466677691,0.0099683921619424,0.0095941363889233,0.0092339313234606,0.0088872495071534,0.0085535832768505,0.0082324440224918,0.0079233614724683,0.0076258830057489,0.0073395729901433,0.0070640121442144,0.0067987969248637,0.0065435389361129,0.0062978643612033,0.0060614134153793,0.0058338398194276,0.0056148102929824,0.0054040040665172,0.0052011124120134,0.005005838191084,0.004817895419763,0.0046370088502576,0.0044629135675735,0.0042953546020033,0.0041340865558482,0.0039788732438659,0.0038294873477185
1.9490809795899244e-06,0.4114231054853615,0.382707144807574,0.3558866285215655,0.3308588410729514,0.3075217686441939,0.2857753776563268,0.2655225387104934,0.2466696726437843,0.229127180186955,0.2128097043212344,0.1976362643874138,0.1835302929007085,0.1704195995178259,0.1582362813905426,0.1469165949901772,0.1364008011279231,0.1266329923488085,0.1175609096814257,0.1091357540918561,0.1013119968410945,0.0990127263469677,0.0974765201295891,0.0959640685906929,0.0944750080832916,0.0930089803556245,0.0915656324812982,0.0901446167897984,0.0887455907904846,0.0873682171056681,0.0860121634014839,0.0846771023112773,0.0833627113829026,0.0820686729924075,0.0807946742914121,0.0795404071278328,0.0783055679960038,0.0770898579543293,0.0758929825785582,0.0747146518779011,0.0735545802494562,0.0724124864046474,0.0712880933203179,0.0701811281619798,0.0690913222354109,0.0680184109163841,0.0669621336029643,0.0659222336627448,0.0648984583463449,0.0638905587634134,0.0628982898105846,0.0619214101168483,0.0609596819926496,0.0600128713715018,0.059080747768418,0.0581630842054459,0.0572596571818723,0.0563702466129686,0.0554946357785713,0.0546326112744029,0.0537839629666398,0.0529484839398257,0.0521259704471712,0.0513162218689621,0.0505190406608751,0.0497342323108137,0.048961605291739,0.0482009710190107,0.0474521438041102,0.046714940814637,0.0459891820252842,0.0441106048833164,0.0433773114673062,0.042656200257424,0.04194706926678,0.0412497198341926,0.0405639565785613,0.0398895873392495,0.0392264231272812,0.0385742780695814,0.037932969365047,0.0373023172289109,0.0366821448450694,0.0360722783198019,0.0354725466334994,0.0348827815876881,0.0343028177698196,0.0337324924983893,0.0331716457839095,0.0326201202826126,0.0320777612534735,0.031544416515131,0.0310199364058164,0.0305041737382039,0.0299969837641814,0.0294982241298892,0.0290077548420665,0.0285254382206083,0.0280511388689728,0.0275847236336059,0.0271260615659718,0.0266750238868356,0.0262314839518746,0.0257953172163483,0.0253664011979801,0.0249446154455687,0.024529841506215,0.02412196288865,0.0237208650349105,0.0233264352857243,0.0229385628513672,0.0225571387790602,0.0221820559231554,0.0218132089159446,0.021450494137213,0.0210938096869538,0.0207430553550134,0.0203981325946147,0.0200589444942989,0.0197253957511757,0.0193973926440019,0.0180070275865845,0.0173309928664436,0.0166803357867348,0.0160541039814031,0.015451380792518,0.0148712839368987,0.0143129642188848,0.0137756042926231,0.0132584174695036,0.0127606465707023,0.0122815628222471,0.011820464789269,0.0113766773558807,0.0109495507350071,0.0105384595211427,0.0101428017761668,0.0097619981502369,0.0093954910337804,0.0090427437439607,0.0087032397388193,0.0083764818624887,0.008061991618076,0.0077593084678068,0.0074679891595016,0.0071876070780094,0.0069177516213045,0.0066580275994081,0.0064080546565643,0.0061674667141947,0.0059359114356595,0.0057130497102048,0.0054985551568903,0.0052921136469057,0.0050934228434847,0.0049021917598524,0.0047181403324723,0.0045409990121357,0.0043705083684392,0.0042064187102966,0.0040484897205239
2.3029650876298472e-06,0.4341445375690014,0.4039479414478596,0.3757228760499378,0.3493671990274218,0.3247782289473965,0.3018543491512568,0.2804961880279541,0.2606074658025387,0.2420955803675883,0.2248719902541132,0.2088524410832837,0.1939570723269728,0.1801104335404224,0.1672414330784951,0.1552832373823509,0.1441731350078924,0.1338523763894723,0.1242659979377339,0.1153626370146318,0.1070943427363458,0.1046643497964914,0.1030407847010195,0.1014423100777816,0.0998685425242233,0.0983191042959505,0.0967936232319977,0.0952917326839213,0.0938130714374475,0.0923572836452612,0.0909240187513078,0.0895129314241276,0.0881236814799164,0.0867559338180633,0.0854093583444837,0.0840836299108704,0.0827784282463017,0.0814934378797012,0.08022834808497,0.0789828528030276,0.0777566505924201,0.076549444547931,0.0753609422451293,0.0741908556776873,0.0730389011849314,0.0719047994102142,0.0707882752160431,0.069689057635359,0.0686068798188001,0.0675414789482843,0.0664925962205356,0.0654599767543434,0.0644433695403163,0.0634425273995673,0.062457206909775,0.0614871683670958,0.0605321757155244,0.0595919965023598,0.058666401831396,0.0577551662899429,0.0568580679203934,0.055974888158001,0.055105411778006,0.0542494268532285,0.0534067247028806,0.0525770998426253,0.0517603499361872,0.0509562757526323,0.0501646811169175,0.0493853728631354,0.0486181607952124,0.0466322772419528,0.0458570944569117,0.0450947882733298,0.0443451452632127,0.0436079555133777,0.0428830125690584,0.042170113378603,0.0414690582344025,0.0407796507219422,0.0401016976697909,0.0394350090894041,0.0387793981296257,0.038134681021932,0.0375006770322003,0.0368772084110336,0.0362641003460165,0.0356611809107558,0.035068281022568,0.0344852343906867,0.0339118774752451,0.033348049440279,0.032793592109756,0.0322483499229338,0.031712169893935,0.0311849015682904,0.0306663969805135,0.0301565106151793,0.0296550993663192,0.0291620224941039,0.0286771415952502,0.0282003205551006,0.0277314255112973,0.0272703248231185,0.0268168890302644,0.0263709908153077,0.0259325049734697,0.0255013083737977,0.0250772799262505,0.0246603005503435,0.0242502531353784,0.0238470225172685,0.0234504954388489,0.0230605605228764,0.0226771082385216,0.0223000308706743,0.0219292224941632,0.0215645789381232,0.0212059977613612,0.0208533782221055,0.020506621250902,0.0190367593464454,0.0183220701695696,0.0176342091839016,0.0169721696411932,0.016334982535216,0.0157217151916844,0.0151314699088592,0.0145633826503513,0.0140166217842331,0.013490386871261,0.0129839074962391,0.0124964421451568,0.0120272771197266,0.0115757255003346,0.0111411261384547,0.010722842692789,0.0103202626996601,0.0099327966773761,0.0095598772655301,0.0092009583950698,0.008855514490099,0.0085230396997427,0.0082030471579589,0.0078950682719209,0.0075986520363716,0.007313364374159,0.0070387875007951,0.0067745193137141,0.0065201728036372,0.006275375488303,0.0060397688675953,0.0058130078984325,0.005594760490456,0.0053847070193824,0.0051825398594493,0.0049879629331207,0.0048006912777243,0.0046204506280547,0.0044469770149503,0.0042800163792698
2.721102022122137e-06,0.4580190313675593,0.4262863693370119,0.3965998472880687,0.3688590839368487,0.3429616208551756,0.3188049135413953,0.2962878181120966,0.2753116791365197,0.2557811039297615,0.2376044918910583,0.2206943737628981,0.2049676045421035,0.1903454447637162,0.1767535576284,0.1641219436263765,0.1523848296766807,0.1414805260456386,0.1313512614153602,0.1219430041340862,0.1132052756708478,0.1106372242088696,0.1089213941161162,0.10723206256713,0.1055688254517879,0.1039312846015794,0.1023190476948968,0.1007317281820343,0.0991689452138126,0.0976303235653502,0.0961154935619607,0.094624091009094,0.0931557571132757,0.0917101384144325,0.0902868867162907,0.0888856590085497,0.0875061174012744,0.0861479290554615,0.0848107661058581,0.0834943056094783,0.0821982294568363,0.080922224322408,0.07966598158298,0.0784291972678632,0.0772115719775029,0.0760128108365081,0.0748326234073202,0.0736707236507389,0.0725268298424515,0.0714006645353842,0.0702919544725844,0.0692004305499468,0.0681258277292598,0.0670678850088959,0.0660263453598407,0.0650009556412778,0.0639914665779976,0.0629976326869294,0.0620192122231441,0.0610559671279194,0.0601076629728618,0.0591740689124917,0.0582549576217983,0.0573501052475911,0.0564592913640431,0.0555822989150262,0.0547189141631864,0.0538689266475313,0.0530321291299322,0.0522083175485185,0.051397290965926,0.0492979873368389,0.0484785280666636,0.0476726790881505,0.0468802149008945,0.0461009137131836,0.0453345573825995,0.0445809313600477,0.0438398246247888,0.043111029634874,0.0423943422662397,0.0416895617619541,0.040996490671439,0.0403149348013935,0.0396447031628531,0.0389856079184922,0.0383374643275853,0.0377000907030438,0.0370733083579442,0.036456941554519,0.0358508174582136,0.0352547660928505,0.0346686202883046,0.0340922156404211,0.0335253904624428,0.0329679857410694,0.032419845093001,0.0318808147231144,0.0313507433799822,0.0308294823157502,0.0303168852442598,0.0298128083007641,0.0293171100016647,0.028829651210922,0.028350295089835,0.0278789070696724,0.0274153548118056,0.0269595081680239,0.0265112391485313,0.0260704218841039,0.0256369325903506,0.0252106495362066,0.0247914530077682,0.0243792252759555,0.0239738505646152,0.0235752150161653,0.0231832066617703,0.0227977153888918,0.0224186329152092,0.0220458527485113,0.0216792701672236,0.020125368054468,0.0193698151082047,0.018642623720592,0.0179427296663219,0.0172691086100073,0.0166207746163657,0.0159967787146982,0.0153962075169685,0.0148181818867664,0.0142618556566424,0.0137264143973031,0.0132110742264449,0.0127150806666882,0.0122377075438811,0.0117782559274474,0.0113360531091652,0.0109104516212644,0.0105008282902379,0.0101065833262493,0.0097271394469418,0.0093619410335857,0.0090104533186811,0.0086721616034447,0.0083465705073606,0.0080332032413614,0.0077316009117717,0.0074413218486896,0.0071619409599647,0.0068930491094015,0.0066342525179033,0.0063851721876411,0.0061454433469875,0.0059147149170962,0.005692648998194,0.0054789203744669,0.0052732160386895,0.0050752347336234,0.0048846865112776,0.0047012923083938,0.0045247835379238
3.2151578217877363e-06,0.48308606752561,0.44976400425506,0.418560088610863,0.3893771585284816,0.3621140843963235,0.3366682193788113,0.3129372511927828,0.290820578413437,0.2702203113500359,0.2510419782495216,0.2331950016648777,0.2165929968104392,0.2011539331610716,0.186800192022692,0.1734585459441416,0.1610600803420427,0.1495400733386114,0.1388378462410903,0.1288965944392977,0.1196632061612216,0.1169493659362883,0.1151361004753204,0.11335081726713,0.1115930905594013,0.1098625007925838,0.1081586345406811,0.1064810844134415,0.1048294489763701,0.1032033327016242,0.1016023458718088,0.1000261045093685,0.0984742303029322,0.0969463505318154,0.0954420979954256,0.0939611109344894,0.0925030329640987,0.0910675129974383,0.0896542051805884,0.0882627688132532,0.0868928682859892,0.0855441730020716,0.0842163573180098,0.082909100476401,0.0816220865205115,0.0803550042514277,0.0791075471456178,0.077879413294966,0.0766703053388611,0.0754799304096315,0.074308000053734,0.073154230178033,0.0720183409881576,0.0709000569303779,0.0697991066207549,0.0687152227944818,0.0676481422287315,0.066597605720882,0.0655633579959544,0.0645451476553126,0.0635427271368972,0.0625558526456129,0.0615842840998116,0.0606277850814661,0.0596861227761253,0.0587590679319076,0.0578463947861536,0.0569478810362871,0.0560633077764605,0.0551924594500487,0.054335123797606,0.0521159409804097,0.0512496831337685,0.0503978107365149,0.0495600855484115,0.048736273244045,0.0479261433501567,0.0471294691756836,0.0463460277665625,0.0455755998289599,0.0448179696871882,0.0440729252069769,0.0433402577536714,0.042619762128175,0.0419112365146625,0.0412144824200934,0.0405293046297373,0.0398555111441201,0.0391929131351044,0.03854132488922,0.0379005637580003,0.0372704501103777,0.0366508072796501,0.0360414615204417,0.0354422419581141,0.0348529805362851,0.0342735119835224,0.0337036737570868,0.0331433060027152,0.0325922515105034,0.032050355670961,0.0315174664321707,0.0309934342592085,0.0304781120911142,0.0299713553017463,0.0294730216580652,0.028982971288026,0.0285010666261495,0.0280271723927067,0.0275611555469076,0.0271028852516362,0.0266522328375738,0.0262090717681846,0.0257732776046483,0.0253447279690323,0.0249233025128432,0.0245088828841382,0.0241013526907495,0.023700597472395,0.0233065046658545,0.0229189635756063,0.0212762186029661,0.0204774664605645,0.0197086967724504,0.0189687845659205,0.0182566470287581,0.0175712419321702,0.0169115661176036,0.0162766540339235,0.0156655763327852,0.0150774385145824,0.014511379624513,0.0139665709973117,0.0134422150491713,0.0129375441138324,0.0124518193221963,0.0119843295239169,0.0115343902493856,0.0111013427097545,0.0106845528347511,0.0102834103462398,0.009897327867076,0.0095257400611511,0.0091681028087715,0.0088238924102551,0.0084926048200381,0.0081737549103123,0.0078668757608673,0.0075715179764039,0.007287249029453,0.0070136526270093,0.0067503281021517,0.0064968898271686,0.0062529666495802,0.0060182013491615,0.0057922501149587,0.0055747820421181,0.0053654786475374,0.0051640334039013,0.0049701512905723,0.0047835483628522
3.79891666499922e-06,0.5093826322892986,0.4744209821702157,0.4416455165972592,0.4109640699121135,0.3822782023840066,0.355486193241614,0.3304853259702353,0.3071736087063851,0.2854510465857247,0.2652205608483938,0.2463886311163495,0.2288657221199174,0.2125665437977989,0.1974101836851479,0.1833201424312645,0.1702242968034417,0.1580548093383314,0.1467479996773334,0.1362441892360021,0.1264875284003634,0.1236197570762296,0.1217036094476555,0.1198170068926056,0.1179595010158487,0.1161306499159667,0.1143300180793288,0.112557176309618,0.1108117016503188,0.109093177302897,0.1074011925687386,0.1057353427479815,0.1040952290653951,0.1024804586174527,0.1008906442758903,0.0993254046200478,0.0977843638614035,0.096267151769231,0.0947734035997338,0.0933027600178805,0.0918548670288274,0.0904293759100819,0.0890259431308636,0.0876442302882883,0.0862839040377407,0.0849446360140673,0.0836261027839565,0.0823279857505354,0.0810499711102387,0.0797917497693233,0.0785530172905629,0.0773334738183633,0.0761328240184637,0.0749507770137424,0.0737870463242787,0.0726413497909102,0.0715134095409894,0.070402951896271,0.0693097073330119,0.0682334104174676,0.0671737997312283,0.0661306178526986,0.0651036112512055,0.0640925302640979,0.063097129027823,0.0621171654240253,0.0611524010235067,0.0602026010363255,0.0592675342578158,0.0583469730090527,0.0574406930898896,0.0550948075337138,0.0541790866033799,0.0532785700305263,0.0523930061380033,0.0515221473711487,0.0506657502433724,0.0498235752636814,0.0489953868761849,0.048180953390792,0.0473800469310618,0.0465924433671218,0.0458179222531988,0.0450562667739138,0.0443072636821927,0.0435707032423892,0.042846379174992,0.0421340885996322,0.0414336319773132,0.0407448130624415,0.0400674388445095,0.03940131949769,0.0387462683296491,0.0381021017245508,0.0374686391051088,0.0368457028709228,0.0362331183599729,0.0356307137896928,0.0350383202218703,0.0344557715070357,0.0338829042447263,0.0333195577336144,0.0327655739341466,0.0322207974174961,0.0316850753273283,0.0311582573378217,0.0306401956080813,0.0301307447475666,0.0296297617719009,0.0291371060603972,0.0286526393279959,0.0281762255765856,0.0277077310566092,0.0272470242400936,0.0267939757762417,0.0263484584567145,0.0259103471831214,0.0254795189296922,0.0250558527089444,0.0246392295422924,0.0242295324187396,0.0224928679131574,0.021648447865158,0.0208357236697505,0.0200535061551732,0.0193006507052266,0.0185760555971359,0.0178786603978858,0.0172074444249129,0.0165614252584359,0.0159396573114907,0.0153412304537284,0.0147652686842847,0.0142109288546509,0.0136773994403628,0.0131638993556103,0.0126696768150396,0.0121940082356325,0.0117361971806044,0.011295573342682,0.0108714915643043,0.0104633308961619,0.0100704936891724,0.0096924047212227,0.0093285103567063,0.008978277736711,0.0086411940006154,0.0083167655353598,0.0080045172539386,0.0077039919013397,0.0074147493839916,0.0071363661273398,0.0068684344558143,0.0066105619963192,0.0063623711040605,0.006123498309641,0.0058935937878307,0.0056723208450696,0.0054593554267304,0.0052543856434642,0.0050571113133652
4.4886654489589784e-06,0.5369422367272021,0.5002952384927077,0.465896834635463,0.4336620080611917,0.4034966716550095,0.375301300050896,0.3489737278864815,0.3244112792608734,0.301512364257935,0.2801776534279008,0.2603109200304993,0.2418196223215522,0.2246152837787191,0.2086137174445225,0.1937351310832136,0.1799041422086712,0.1670497259067037,0.1551051134942721,0.1440076560682899,0.1336986639880012,0.1306683889984651,0.1286436236795287,0.1266500488184816,0.1246871924210157,0.1227545892443734,0.1208517807175292,0.1189783148699768,0.1171337462260536,0.115317635769173,0.113529550835513,0.1117690650437024,0.110035758217427,0.1083292163029757,0.1066490313194931,0.1049948012283401,0.1033661299113662,0.1017626270686533,0.100183908147196,0.0986295942677474,0.0970993121492661,0.09559269403828,0.0941093776297798,0.0926490060005756,0.0912112275322129,0.0897956958479434,0.0884020697301156,0.0870300130598599,0.0856791947369692,0.0843492886220745,0.0830399734691219,0.0817509328402272,0.0804818550592444,0.0792324331342926,0.0780023646951683,0.0767913519253468,0.0755991015075028,0.074425324546268,0.0732697365105083,0.0721320571755457,0.0710120105646547,0.0699093248743873,0.0688237324283828,0.0677549696007649,0.0667027767775212,0.0656668983004346,0.0646470823786494,0.063643081066264,0.0626546501903878,0.0616815492992709,0.0607235416040956,0.0582437453673086,0.0572757466198741,0.0563238172843621,0.0553876915079991,0.0544671077886919,0.053561808912633,0.0526715418818406,0.0517960578452898,0.0509351120373198,0.0500884637090631,0.0492558760657835,0.0484371162024701,0.0476319550435373,0.0468401672790755,0.0460615313046481,0.0452958291627571,0.0445428464855232,0.0438023724308863,0.0430741996324432,0.0423581241388557,0.0416539453639054,0.0409614660236296,0.0402804920898352,0.0396108327346337,0.0389523002801443,0.0383047101440448,0.0376678807914011,0.0370416336875458,0.0364257932443992,0.0358201867732688,0.03522464444308,0.0346389992251657,0.034063086855544,0.0334967457841698,0.0329398171336611,0.0323921446528127,0.0318535746779115,0.031323956085701,0.0308031402556253,0.0302909810251312,0.0297873346521191,0.0292920597728262,0.0288050173715504,0.0283260707235961,0.027855085376534,0.0273919291032494,0.0269364718675481,0.0264885857871022,0.0260481451011556,0.0256150261304909,0.0237790758436185,0.0228863783245616,0.0220271878150001,0.0212002472970953,0.0204043468387248,0.0196383218390397,0.0189010513347401,0.0181914563731728,0.0175084984416838,0.016851177957752,0.016218532814114,0.0156096369763455,0.0150235991351633,0.0144595614067806,0.0139166980821975,0.0133942144229394,0.0128913455012001,0.0124073550843836,0.0119415345605727,0.0114932019015499,0.0110617006697822,0.0106463990580848,0.0102466889662881,0.0098619851132097,0.0094917241812688,0.0091353639925961,0.008792382716831,0.0084622781077888,0.0081445667693059,0.0078387834481325,0.0075444803530601,0.0072612265012012,0.0069886070853036,0.0067262228688453,0.0064736896010198,0.0062306374545881,0.0059967104844763,0.0057715661073799,0.0055548745997774,0.005346318616071
5.3036481948419385e-06,0.5657937393213025,0.5274215875966256,0.4913528209227447,0.4575121615078881,0.4258118926841933,0.3961562389542493,0.3684447688345987,0.3425750089329391,0.3184444263019145,0.295951908218578,0.2749988445692541,0.2554898978729942,0.2373335292953494,0.2204423353381566,0.2047332387814534,0.1901275684741026,0.1765510553435857,0.1639337661960382,0.1522099922732166,0.1413181057503472,0.1381163061626205,0.1359768865331245,0.1338703888153324,0.1317963164084101,0.1297541797747885,0.1277434962924951,0.1257637902229281,0.1238145926166009,0.1218954412399791,0.1200058805035797,0.1181454613539121,0.1163137412412378,0.1145102840107423,0.1127346598327522,0.1109864451251954,0.1092652224711211,0.1075705805631132,0.1059021140989392,0.1042594237074339,0.1026421158987233,0.1010498029650142,0.0994821029137275,0.0979386393918662,0.0964190416116572,0.0949229442797782,0.0934499875187494,0.0919998167980817,0.0905720828687181,0.089166441678538,0.0877825543110099,0.0864200869153221,0.0850787106254793,0.0837581015146021,0.0824579405058758,0.0811779133088188,0.0799177103623735,0.0786770267605717,0.077455562189561,0.0762530208621318,0.0750691114539967,0.0739035470468607,0.0727560450440245,0.0716263271501579,0.0705141192645147,0.0694191514448433,0.0683411578499088,0.0672798766565885,0.0662350500473667,0.0652064240972761,0.0641937487599703,0.0615724286021511,0.0605491788733258,0.0595429122687951,0.0585533479965351,0.0575802098439957,0.0566232261176036,0.0556821295765085,0.0547566573491851,0.0538465508717218,0.0529515558209722,0.0520714220390834,0.0512059034770555,0.0503547581217881,0.0495177479353914,0.0486946387881382,0.0478852004002969,0.0470892062760916,0.046306433646548,0.0455366634081803,0.0447796800630809,0.044035271657663,0.0433032297341835,0.0425833492674768,0.0418754286123579,0.0411792694441647,0.0404946767131657,0.0398214585831108,0.0391594263869328,0.0385083945661588,0.0378681806295671,0.037238605096477,0.0366194914532215,0.0360106661007916,0.0354119583056722,0.0348232001597924,0.0342442265293751,0.0336748750104589,0.0331149858843448,0.0325644020748805,0.0320229691041067,0.0314905350488776,0.030966950503153,0.0304520685283862,0.0299457446238452,0.0294478366757083,0.0289582049324745,0.0284767119447072,0.0280032225489264,0.0275376038162518,0.0270797250215256,0.0251388167068943,0.0241950832997301,0.0232867713671782,0.0224125521934185,0.0215711468222778,0.0207613242011536,0.0199818993955977,0.0192317318690514,0.0185097238251326,0.0178148186122995,0.0171459991860688,0.0165022866299951,0.0158827387294083,0.0152864485997241,0.0147125433646505,0.0141601828836537,0.013628558527051,0.0131168919958533,0.0126244341870175,0.0121504640992938,0.0116942877813196,0.0112552373171367,0.0108326698530353,0.0104259666544804,0.0100345322060516,0.0096577933386457,0.009295198392408,0.0089462164116508,0.00861033636537,0.008287066402416,0.0079759331326103,0.0076764809324813,0.0073882712801931,0.0071108821130764,0.0068439072113652,0.0065869556023196,0.0063396509895695,0.0061016312016592,0.0058725476621049,0.0056520648797606
6.266602956826249e-06,0.5959599405951469,0.5558306156321214,0.5180494651635015,0.4825540514611901,0.4492654621944788,0.418093562293771,0.388941106241967,0.3617069241259112,0.3362883616377738,0.3125831236288385,0.2904906439040529,0.2699130809728625,0.2507560202431541,0.2329289472735621,0.2163455437251354,0.2009238471229492,0.1865863070373125,0.1732597634603535,0.1608753676704574,0.1493684615415258,0.1459856499749115,0.1437252259734771,0.1414995448591151,0.1393080844832531,0.1371503299908167,0.1350257737631151,0.132933915303877,0.1308742611899826,0.1288463250149787,0.1268496272572565,0.1248836952386146,0.1229480630393835,0.1210422714194913,0.1191658677480481,0.1173184058944601,0.1154994461974844,0.1137085553556516,0.111945306357763,0.110209278405458,0.1085000568306283,0.106817233046207,0.1051604044142739,0.1035291742256189,0.101923151596783,0.1003419513985945,0.0987851941833416,0.0972525061087561,0.0957435188675875,0.0942578696080755,0.0927952008705191,0.0913551605009311,0.0899374016005323,0.0885415824334347,0.087167366371319,0.0858144218079683,0.0844824221090475,0.0831710455399233,0.0818799751780473,0.0806088988707432,0.07935750915976,0.0781255032088878,0.0769125827482509,0.0757184540037427,0.0745428276423057,0.0733854186976667,0.072245946507141,0.0711241346752968,0.0700197109773891,0.0689324073238411,0.0678619596819595,0.0650910751324849,0.064009434230967,0.0629457414690831,0.0618997002943046,0.0608710189923566,0.0598594106089123,0.0588645928861153,0.0578862881621488,0.0569242233282772,0.0559781297422053,0.0550477431547129,0.0541328036484196,0.0532330555670004,0.0523482474411559,0.0514781319291594,0.0506224657482263,0.0497810096108727,0.0489535281577009,0.0481397898950058,0.0473395671397551,0.046552635950692,0.045778776067143,0.0450177708648077,0.0442694072679028,0.0435334757214263,0.0428097701206273,0.0420980877570956,0.0413982292608934,0.0407099985526464,0.0400332027858078,0.0393676522946651,0.0387131605450361,0.0380695440795619,0.0374366224713469,0.0368142182717914,0.0362021569655041,0.0356002669206142,0.0350083793366723,0.0344263282082417,0.0338539502739433,0.0332910849680584,0.032737574385157,0.0321932632294312,0.031657998774776,0.0311316308209858,0.0306140116560437,0.0301049960111153,0.029604441023994,0.0291122061932281,0.0286281533534734,0.0265762914261626,0.0255786064231059,0.0246183665245737,0.0236941672524827,0.0228046567078178,0.0219485336199607,0.0211245454436031,0.0203314865598109,0.0195681965177298,0.0188335583493723,0.0181264969483463,0.0174459775047321,0.0167910039999882,0.0161606177575634,0.0155538960457018,0.0149699507344141,0.0144079270000408,0.0138670020790386,0.0133463840681853,0.0128453107693998,0.0123630485766406,0.0118988914057954,0.0114521596641312,0.0110221992558012,0.0106083806284227,0.0102100978525224,0.0098267677356201,0.0094578289710898,0.0091027413162168,0.0087609848032514,0.008432058979239,0.0081154821733469,0.0078107907931992,0.0075175386466191,0.0072352962883477,0.0069636503930902,0.006702203149817,0.006450571678774,0.0062083874735258,0.0059752958598985
7.404396214797183e-06,0.6274559155035697,0.5855473563783536,0.5460189280958765,0.5088247226841542,0.4738975508845379,0.4411552030611184,0.4105053897021373,0.3818495997047823,0.3550860812326936,0.3301121172648581,0.3068257382357594,0.2851269882527764,0.2649188393832567,0.246107830168593,0.228604489431082,0.2123235941267358,0.1971843000198773,0.1831101759094891,0.1700291656746369,0.1578734972261163,0.1542997021719068,0.1519115981479545,0.1495601509174298,0.1472448118111778,0.1449650397358813,0.1427203010808244,0.140510069648872,0.1383338265772298,0.1361910602795202,0.1340812663476155,0.132003947461514,0.1299586133892117,0.1279447808095297,0.1259619732894174,0.1240097212010703,0.1220875616376041,0.1201950383450006,0.1183317016102607,0.1164971082347649,0.1146908214218578,0.1129124107077289,0.111161451884005,0.1094375269143471,0.1077402238822912,0.1060691368824906,0.1044238659466598,0.1028040169979919,0.1012092017485647,0.0996390376330986,0.0980931477334625,0.0965711607040281,0.0950727107013627,0.0935974373047441,0.0921449854495839,0.0907150053527463,0.0893071524471428,0.0879210872994749,0.0865564755523057,0.0852129878374341,0.0838902997364489,0.0825880916861874,0.0813060489147388,0.0800438613880447,0.0788012237349009,0.0775778351799162,0.0763733994839622,0.0751876248742829,0.0740202239935911,0.0728709138085528,0.0717394155972975,0.0688104760107085,0.0676671277080802,0.0665427466171723,0.0654370195876792,0.0643496385588565,0.0632803004956963,0.0622287073046007,0.0611945657447073,0.0601775873671246,0.059177488435499,0.0581939898426644,0.0572268170484333,0.0562757000012918,0.055340373073856,0.0544205749838262,0.0535160487333653,0.0526265415389711,0.051751804758829,0.0508915938334627,0.050045668217563,0.0492137913161353,0.0483957304210662,0.047591256650046,0.0468001448839544,0.0460221737054298,0.0452571253415792,0.044504785605595,0.043764943834034,0.0430373928356871,0.042321928834496,0.0416183514104176,0.040926463447781,0.0402460710834026,0.0395769836529074,0.0389190136355587,0.0382719766053073,0.0376356911820571,0.0370099789828597,0.036394664569312,0.0357895753984269,0.0351945417822514,0.0346093968360686,0.034033976434826,0.0334681191651086,0.0329116662857862,0.032364461677963,0.0318263518083687,0.0312971856825674,0.0307768148068918,0.0302650931406123,0.0280959403790038,0.0270412218636756,0.0260260874348788,0.0250490525605674,0.0241086882675818,0.0232036190710995,0.0223325209890086,0.0214941196206404,0.0206871882995359,0.0199105463137253,0.0191630571925566,0.0184436270514986,0.0177512030062697,0.0170847716390913,0.0164433575237796,0.0158260218062369,0.0152318608363286,0.0146600048513911,0.0141096167075289,0.0135798906603662,0.013070051187491,0.0125793518587048,0.0121070742458793,0.0116525268735476,0.0112150442096726,0.0107939856946295,0.0103887348023285,0.0099986981426878,0.0096233045926239,0.0092620044616407,0.0089142686883941,0.0085795880670163,0.0082574725021011,0.0079474502931933,0.0076490674435809,0.0073618869966837,0.0070854883970849,0.0068194668748499,0.006563432853634,0.0063170113802789
8.748772450308414e-06,0.6602870471040968,0.6165897168051039,0.5752882947029777,0.5363577663571724,0.4997461456154958,0.4653818938426991,0.4331798213078379,0.4030457316883377,0.3748800395492551,0.3485805570752245,0.3240446143288728,0.3011706484639162,0.2798593724367496,0.2600146127215174,0.2415438880661178,0.224358786983694,0.208375189996147,0.1935133731942373,0.1796980220664638,0.1668581784305678,0.1630829271789994,0.1605601300915906,0.1580759998940729,0.1556299605095751,0.1532214436719105,0.1508498888642161,0.1485147432210526,0.1462154614987741,0.1439515059745582,0.1417223463800583,0.1395274598269482,0.1373663307268854,0.1352384507354764,0.1331433186501449,0.1310804403222692,0.1290493286591151,0.1270495034366541,0.1250804912937847,0.1231418256331886,0.1212330465450122,0.1193537007375607,0.1175033414239307,0.1156815282978161,0.1138878274193609,0.1121218111467952,0.1103830580589935,0.1086711528718003,0.1069856863939383,0.1053262553854826,0.1036924625441054,0.1020839164044709,0.1005002312596525,0.0989410270927203,0.0974059295002292,0.0958945696185364,0.0944065840520943,0.0929416147974482,0.0914993091689537,0.0900793197465697,0.0886813042740277,0.0873049256078374,0.0859498516488794,0.0846157552522798,0.0833023142010591,0.0820092110859215,0.0807361332812232,0.0794827728505004,0.0782488265009837,0.0770339955045596,0.0758379856352614,0.0727420261740685,0.071533468798757,0.0703449546420099,0.0691761530755166,0.0680267388250997,0.0668963919108676,0.0657847975680229,0.0646916461234606,0.0636166329709961,0.0625594584545273,0.0615198278111695,0.0604974510847867,0.05949204304867,0.0585033231478183,0.0575310154045495,0.0565748483487209,0.0556345549670777,0.0547098726085487,0.0538005429273214,0.0529063118147057,0.0520269293240102,0.0511621496130559,0.0503117308736959,0.0494754352682013,0.0486530288658641,0.0478442815792293,0.0470489671058278,0.0462668628656775,0.0454977499380758,0.0447414130094688,0.0439976403055975,0.0432662235445379,0.0425469578743473,0.0418396418226915,0.0411440772311677,0.0404600692156159,0.0397874261032163,0.0391259593862601,0.0384754836637815,0.037835816599834,0.0372067788648267,0.0365881940974846,0.0359798888440977,0.0353816925169387,0.0347934373506069,0.0342149583513606,0.0336460932532259,0.0330866824735299,0.0325365690697427,0.0319955986949935,0.0297024569330997,0.0285874473788775,0.0275142827738304,0.026481394000851,0.0254872706443159,0.024530458807989,0.0236095590148173,0.0227232241795291,0.0218701576665368,0.0210491113929302,0.0202588840360093,0.0194983192802681,0.0187663041389573,0.018061767338663,0.017383677758721,0.0167310429323068,0.0161029076014866,0.0154983523258752,0.0149164921430034,0.0143564752786485,0.0138174819045252,0.0132987229426655,0.0127994389145913,0.0123188988321261,0.0118563991306005,0.0114112626424964,0.0109828376064668,0.0105704967166844,0.0101736362072331,0.0097916749665854,0.0094240536916799,0.0090702340684304,0.0087296979849142,0.0084019467754674,0.0080865004880631,0.0077828971855872,0.0074906922689131,0.0072094578260978,0.00693878200722,0.006678268421309
1.033723981900286e-05,0.694446724251079,0.6489666164897968,0.6058780887810723,0.5651821468973517,0.5268461323625382,0.4908124575706448,0.4570056135290858,0.4253377285881254,0.3957129317773215,0.3680307421054233,0.3421886717521267,0.3180841997365533,0.2956162448093156,0.27468624240868,0.2551989104307335,0.2370627719318918,0.2201904892601033,0.2044990530358647,0.1899098604564787,0.1763487101934341,0.1723610127090309,0.169696160884524,0.1670720853406996,0.1644881817487027,0.1619438538016351,0.1594385131738327,0.1569715794602354,0.1545424801036701,0.1521506503276435,0.1497955330737992,0.147476578902311,0.1451932459635083,0.1429449998952921,0.1407313137566591,0.1385516679529107,0.1364055501545378,0.1342924552494618,0.1322118851947888,0.1301633490572957,0.1281463628166914,0.1261604493501337,0.1242051383478816,0.1222799662289765,0.1203844760745177,0.1185182175104545,0.1166807466890921,0.1148716261710648,0.1130904248577379,0.1113367179137213,0.1096100866898013,0.1079101186455987,0.1062364072709386,0.1045885520150797,0.1029661582077053,0.1013688369755089,0.0997962051842055,0.0982478853483665,0.096723505563792,0.0952226994362819,0.093745106001145,0.0922903696574375,0.0908581400907133,0.0894480722168991,0.0880598260843211,0.0866930668292655,0.0853474645830545,0.0840226944245677,0.0827184363149037,0.0814343749966073,0.0801701999664277,0.0768977566030661,0.0756202931681116,0.0743640089227415,0.0731285548159208,0.0719135874785677,0.0707187690790859,0.0695437672690746,0.0683882551005387,0.0672519109154554,0.0661344183171143,0.065035466023955,0.0639547478381512,0.0628919625477171,0.0618468138480145,0.0608190102715064,0.0598082651020632,0.0588142963219166,0.0578368265005243,0.0568755827576023,0.0559302966791972,0.0550007042379589,0.0540865457363328,0.0531875657315914,0.0523035129678369,0.0514341403099844,0.050579204682635,0.0497384669991682,0.048911692098141,0.0480986486857759,0.0472991092668073,0.046512850090785,0.0457396510834014,0.0449792958036535,0.0442315713569172,0.0434962683645227,0.042773180896501,0.0420621064162602,0.0413628457236896,0.04067520290428,0.0399989852760305,0.0393340033345181,0.0386800707012185,0.0380370040772787,0.0374046231880314,0.036782750734385,0.0361712123536773,0.035569836553118,0.0349784546797265,0.0343969008688602,0.0338250119974461,0.0314008017465259,0.030222058089242,0.0290875490095973,0.0279956160328057,0.0269446626878459,0.0259331522284432,0.0249596054066714,0.024022598336803,0.0231207604316631,0.0222527724248852,0.0214173644549278,0.0206133142283196,0.019839445239253,0.0190946250667056,0.0183777637268888,0.0176878120891103,0.017023760348986,0.0163846365588841,0.0157695052130469,0.0151774658844315,0.0146076519127046,0.0140592291412076,0.0135313946995949,0.0130233758327772,0.0125344287739016,0.01206383765841,0.011610913478771,0.0111749930778554,0.0107554381825519,0.0103516344669569,0.0099629906590233,0.0095889376747517,0.0092289277852507,0.0088824338181783,0.0085489483851241,0.0082279831407861,0.0079190680683644,0.0076217507919097,0.0073355959150232,0.0070601843839557
1.2214116629792021e-05,0.7299136677150813,0.6826758036788372,0.6378005137710533,0.5953208014569256,0.5552281930127809,0.517482947441937,0.4820223259148181,0.4487672060574462,0.4176273144030751,0.3885053228272042,0.3613000217760488,0.335908749983429,0.3122292298304495,0.2901609306533559,0.2696060593887727,0.2504702587738062,0.2326630774948304,0.2160982637454612,0.2006939231590352,0.1863725736063209,0.1821609077457152,0.179346280466408,0.1765746410097639,0.1738453559940694,0.171157800287742,0.1685113569541766,0.1659054171842263,0.1633393802747985,0.1608126535143184,0.1583246521438894,0.1558747992958868,0.1534625259199222,0.1510872707228956,0.1487484800673622,0.1464456079479089,0.1441781158863132,0.1419454728662596,0.1397471552589945,0.1375826467428141,0.1354514382492826,0.1333530278582285,0.1312869207075013,0.1292526290068198,0.1272496718540966,0.1252775751695023,0.123335871693164,0.1214241008448599,0.1195418086615458,0.1176885477184622,0.1158638770538238,0.1140673620886949,0.1122985745500283,0.1105570923932132,0.1088424997249968,0.1071543867261732,0.1054923495759496,0.1038559903741258,0.1022449170690018,0.1006587433765106,0.0990970887100431,0.0975595781032427,0.0960458421372765,0.0945555168704249,0.0930882437560376,0.0916436695779939,0.0902214463892852,0.0888212314149229,0.087442686999419,0.0860854805395907,0.0847492843908949,0.081290367775436,0.0799400957407859,0.0786122019528626,0.0773063180129669,0.0760220814647259,0.0747591356968145,0.0735171298766887,0.0722957188234965,0.0710945629910622,0.069913328276709,0.0687516860574913,0.0676093130008134,0.0664858910523521,0.0653811073223246,0.0642946540173728,0.0632262283528423,0.0621755324843066,0.0611422734156784,0.0601261629469874,0.0591269175683639,0.0581442584152881,0.0571779111736399,0.0562276060248077,0.0552930775615252,0.0543740647228382,0.0534703107264101,0.0525815630024769,0.051707573118779,0.0508480967221223,0.0500028934703418,0.0491717269682377,0.0483543647042983,0.0475505779889015,0.0467601418958742,0.0459828351925628,0.0452184402915889,0.0444667431856121,0.0437275333921026,0.0430006038941219,0.0422857510869158,0.0415827747245962,0.040891477854883,0.0402116667792325,0.0395431509968197,0.0388857431451767,0.0382392589523486,0.0376035171958144,0.0369783396415744,0.0363635510033956,0.0357589788817531,0.0331962178450854,0.0319501010091766,0.030750744421254,0.0295963951916317,0.0284853659460344,0.0274160324011845,0.0263868310224457,0.0253962567692946,0.0244428609206411,0.0235252489859059,0.022642078674156,0.0217920579671988,0.0209739432320631,0.0201865374256948,0.0194286883537902,0.018699286997607,0.017997265901574,0.0173215976233904,0.016671293233898,0.016045400882384,0.0154430044079471,0.014863222004889,0.0143052049374509,0.0137681363024259,0.0132512298373255,0.0127537287733603,0.0122749047310807,0.0118140566567632,0.0113705097990439,0.0109436147231529,0.0105327463627404,0.0101373031055881,0.0097567059156756,0.0093903974862066,0.009037841424537,0.0086985214687719,0.0083719407325334,0.0080576209782817,0.0077551019174929,0.0074639405390586
1.4431767827608823e-05,0.7666488547310246,0.7177013114708313,0.6710573829237672,0.6267889778733796,0.5849174858202889,0.5454256101932066,0.508267058976872,0.4733743670202563,0.4406651345576948,0.4100469492477024,0.3814212294329143,0.3546861928394902,0.329739122437093,0.3064780713401968,0.2848031229204372,0.264617300293926,0.245827201086906,0.2283434183349918,0.212080796098229,0.196958558429942,0.1925108570142447,0.1895383652262167,0.1866111774105783,0.1837286304919832,0.1808900698174722,0.1780948491119767,0.1753423304305143,0.1726318841074019,0.1699628887025971,0.1673347309454761,0.1647468056635775,0.1621985157741085,0.1596892721381299,0.1572184935562057,0.1547856066832245,0.1523900459616956,0.1500312535602041,0.147708679270381,0.1454217804840902,0.1431700220872132,0.140952876394213,0.138769823073439,0.1366203490662454,0.1345039485383223,0.1324201227482728,0.1303683800255735,0.1283482356665471,0.1263592118610151,0.1244008376148903,0.122472648672286,0.1205741874386306,0.118705002898903,0.1168646505447132,0.1150526922934714,0.1132686964110342,0.1115122374342786,0.109782896096161,0.1080802592371507,0.1064039197506661,0.104753476486595,0.1031285341819231,0.101528703386276,0.0999536003900859,0.0984028471397847,0.0968760711744955,0.0953729055455161,0.093892988746077,0.0924359646371345,0.0910014823740591,0.0895891963509099,0.0859332646530394,0.0845060652044801,0.0831025094457278,0.0817222085975938,0.0803647801472322,0.0790298477324142,0.0777170410467818,0.0764259957723315,0.0751563534577166,0.073907761448597,0.0726798727886962,0.0714723461490473,0.0702848457270905,0.0691170411643711,0.0679686074708447,0.0668392249322783,0.0657285790317862,0.0646363603721649,0.0635622645954815,0.0625059922969612,0.0614672489625558,0.0604457448776919,0.0594411950591116,0.0584533191810869,0.0574818414995771,0.0565264907758731,0.0555870002215716,0.0546631074052258,0.0537545541985306,0.0528610867077299,0.051982455196582,0.0511184140303038,0.0502687216052684,0.0494331402842272,0.048611436333565,0.0478033798618269,0.0470087447588179,0.0462273086294405,0.0454588527388873,0.0447031619585066,0.0439600246912643,0.04322923283361,0.0425105817050229,0.0418038700028063,0.0411088997406928,0.0404254761975149,0.0397534078631924,0.0390925063895661,0.0384425865337382,0.0378034661143733,0.0350942465216081,0.0337769103755454,0.0325090038486706,0.0312886743225013,0.0301141383894817,0.028983679283705,0.0278956444214714,0.0268484430182767,0.0258405437971469,0.024870472771713,0.0239368111277187,0.0230381931585212,0.0221733042963703,0.021340879204265,0.020539699945556,0.0197685942051302,0.0190264335994931,0.0183121320306559,0.0176246441084782,0.0169629636292341,0.0163261221117789,0.0157131873871383,0.0151232622399905,0.0145554831018743,0.0140090187917582,0.0134830693037099,0.0129768646410574,0.012489663690164,0.012020753141456,0.0115694464462408,0.0111350828147756,0.0107170262508139,0.0103146646225164,0.0099274087682327,0.0095546916346359,0.0091959674491679,0.0088507109206722,0.0085184164725792,0.0081985975029965,0.0078907856730228
1.705206597765647e-05,0.8045920236239567,0.7540105216572576,0.7056377017342189,0.6595922746146606,0.6159320762345634,0.5746676436469424,0.5357734805725983,0.4991972466728555,0.4648671511934958,0.4326978330054916,0.4025949875696536,0.3744589701567493,0.3481875711132515,0.3236781269444171,0.3008291022456663,0.2795412526658825,0.2597184581121958,0.2412682979892928,0.2241024259683829,0.2081367901399818,0.203440430455271,0.2003016089913785,0.1972105142831529,0.1941664530480646,0.1911687405538051,0.1882167005874528,0.1853096654204304,0.1824469757695706,0.179627980754505,0.1768520378516312,0.1741185128449707,0.1714267797740453,0.1687762208790573,0.1661662265296402,0.1635961952214785,0.1610655334304448,0.1585736556006281,0.15611998407314,0.1537039490128358,0.1513249883497226,0.148982547673902,0.1466760802175434,0.1444050467463832,0.1421689154955155,0.1399671620951191,0.1377992694956621,0.1356647278912874,0.1335630346447275,0.1314936942094645,0.1294562180559968,0.1274501245869097,0.1254749390680505,0.1235301935440392,0.1216154267633073,0.1197301841007998,0.1178740174746359,0.1160464852760727,0.1142471522864201,0.1124755896006365,0.1107313745499637,0.1090140906244176,0.107323327397061,0.1056586804451663,0.1040197512753648,0.1024061472504129,0.1008174815084065,0.099253372892128,0.0977134458709447,0.0961973304722542,0.0947046622032948,0.0908405929395286,0.0893321199146073,0.087848625764742,0.0863897003278812,0.0849549399873244,0.0835439476251252,0.0821563324706193,0.0807917100411622,0.0794497020291478,0.078129936241322,0.0768320464631665,0.0755556723981245,0.074300459568655,0.073066059223889,0.0718521282670945,0.0706583291548541,0.0694843298185348,0.0683298035750583,0.0671944290522255,0.0660778900983553,0.0649798757053303,0.0639000799282661,0.0628382018066286,0.0617939452850474,0.0607670191403353,0.0597571369005499,0.0587640167756,0.0577873815770615,0.0568269586524199,0.0558824798103653,0.054953681249314,0.0540403034901493,0.053142091304776,0.0522587936486584,0.051390163596637,0.0505359582781241,0.0496959388068757,0.0488698702219214,0.0480575214247538,0.0472586651128948,0.0464730777243147,0.045700539369117,0.044940833794568,0.0441937482814849,0.0434590736314392,0.0427366040890077,0.0420261372860846,0.0413274741952217,0.0406404190662879,0.0399647793816898,0.0371007441017452,0.0357081238099363,0.0343677542951034,0.0330776776043187,0.0318360088813818,0.0306409336698991,0.0294907053113314,0.0283836424318162,0.0273181265257527,0.026292599622301,0.0253055620372,0.0243555702078824,0.023441234606686,0.0225612177279472,0.0217142321519342,0.0208990386799115,0.0201144445337444,0.0193593016261525,0.018632504891463,0.0179329906813828,0.01725973521497,0.0166117530915677,0.0159880958550243,0.0153878506121931,0.0148101387033051,0.0142541144201591,0.0137189637752137,0.0132039033105501,0.0127081789583456,0.0122310649383199,0.0117718626989277,0.0113298998968913,0.0109045294154516,0.0104951284197815,0.0101010974449325,0.0097218595218368,0.0093568593330881,0.009005562401394,0.0086674543077554,0.0083420399398093
2.014811751267807e-05,0.8436577607906228,0.7915508130607389,0.7415148683152499,0.6937243454410967,0.6482810822788566,0.6052297162516782,0.5645706567927847,0.5262707987180085,0.4902722284521486,0.4564992072908148,0.4248637097967347,0.3952697704786401,0.3676168595921533,0.3418024754847868,0.3177241096096944,0.2952807125560743,0.274373765597411,0.254908042224853,0.2367921275524138,0.2199387498997663,0.2149805463466196,0.2116665481127456,0.2084028074568666,0.2051886005763487,0.2020232122675766,0.1989059359395719,0.1958360735935522,0.1928129357949543,0.1898358416501818,0.1869041187572679,0.1840171031943533,0.1811741394618903,0.1783745804428138,0.1756177873551314,0.1729031296962692,0.1702299852104188,0.1675977398055741,0.1650057874839857,0.16245353036104,0.1599403784968468,0.1574657499078705,0.1550290704361088,0.1526297737555633,0.1502673012509434,0.1479411019635769,0.1456506325169589,0.1433953570443458,0.1411747471150791,0.1389882816599254,0.1368354468959646,0.1347157362495615,0.1326286502804977,0.1305736966094723,0.1285503898302835,0.1265582514431404,0.1245968097702088,0.122665599880299,0.1207641635118531,0.1188920489890669,0.1170488111512574,0.1152340112745021,0.1134472169858007,0.1116880021945292,0.1099559470106729,0.1082506376685855,0.1065716664504255,0.1049186316087355,0.1032911372945862,0.1016887934719444,0.1001112158577779,0.0960272767678147,0.0944329451038227,0.0928650007883342,0.0913230111731367,0.089806550522686,0.0883151998790537,0.0868485469635007,0.0854061861148636,0.0839877181628785,0.0825927503396012,0.081220896186746,0.0798717754505023,0.0785450140196179,0.0772402437915933,0.0759571026135445,0.0746952341621597,0.0734542879072423,0.0722339189562117,0.0710337880249627,0.0698535613208989,0.0686929104662604,0.0675515124167545,0.0664290493813587,0.0653252087298543,0.0642396829270003,0.0631721694430626,0.0621223706806203,0.0610899938944662,0.0600747511184221,0.0590763590911032,0.0580945391737917,0.0571290172899582,0.0561795238430672,0.0552457936507279,0.0543275658735597,0.0534245839440929,0.0525365955072793,0.0516633523391744,0.0508046102930353,0.0499601292304559,0.049129672955351,0.0483130091528944,0.0475099093276512,0.0467201487420373,0.0459435063526061,0.0451797647544651,0.0444287101233969,0.0436901321534756,0.0429638240054991,0.0422495822450408,0.0392218996230503,0.0377496993590793,0.0363327313455818,0.034968926375629,0.0336562924453526,0.0323929119063943,0.0311769387230924,0.0300065958236539,0.0288801725493986,0.0277960221939187,0.0267525596323712,0.0257482590361014,0.0247816516686232,0.0238513237641093,0.0229559144828862,0.0220941139395272,0.0212646613060407,0.0204663429823714,0.0196979908360178,0.0189584805044318,0.0182467297618719,0.0175616969458111,0.016902379441019,0.0162678122205004,0.015657066439968,0.0150692480851789,0.0145034966686997,0.0139589839749298,0.013434912852732,0.012930516052729,0.0124450551063598,0.011977819250058,0.0115281243851537,0.0110953120810741,0.0106787486112434,0.0102778240292073,0.0098919512764458,0.0095205653240898,0.0091631223476386,0.0088190989320084
2.3806302405620668e-05,0.8837312058350856,0.8302457883954913,0.7786434646430307,0.7291642331058567,0.6819624972642792,0.6371242135576616,0.5946816561343985,0.554625795968662,0.5169164786351184,0.4814906659830661,0.4482690270334279,0.4171611510785006,0.3880696283102242,0.3608932102698333,0.3355292293155064,0.3118754258186526,0.2898313050086856,0.2692991225327729,0.250184578673583,0.2323972854291543,0.2271634861778083,0.2236650788520585,0.2202195686325278,0.2168262010723858,0.2134842303454318,0.2101929192465906,0.2069515392257558,0.2037593703353859,0.2006157012489607,0.1975198292433331,0.1944710601731555,0.191468708446161,0.1885120969967432,0.1856005572351023,0.1827334290334873,0.1799100606670746,0.1771298087726044,0.1743920382994911,0.1716961224521258,0.1690414426649948,0.1664273884856264,0.1638533575759348,0.1613187556200262,0.1588229962658189,0.1563655010610679,0.1539456993851994,0.1515630283821425,0.1492169328868101,0.1469068653591917,0.1446322858084328,0.1423926617204621,0.1401874679837994,0.1380161868147658,0.1358783076817369,0.1337733272273258,0.1317007491951359,0.1296600843522783,0.1276508504056238,0.1256725719342701,0.1237247803026086,0.1218070135874209,0.1199188165005939,0.1180597403022513,0.116229342735397,0.1144271879401398,0.1126528463839348,0.1109058947692619,0.1091859159717356,0.1074924989505522,0.1058252386819852,0.1015090575725625,0.0998240314275695,0.0981668780134922,0.0965371411092278,0.0949343717178862,0.0933581279793459,0.0918079750426562,0.0902834849931139,0.0887842367348014,0.0873098158958299,0.0858598147322754,0.0844338320299823,0.0830314730052089,0.0816523492136587,0.080296078448424,0.0789622846707327,0.0776505978811674,0.0763606540536313,0.0750920950433547,0.0738445684799942,0.0726177277016949,0.0714112316695894,0.0702247448552528,0.0690579371749296,0.06791048391236,0.0667820656216403,0.0656723680455598,0.0645810820500097,0.0635079035307045,0.0624525333347972,0.0614146771928312,0.0603940456366339,0.0593903539202846,0.0584033219562071,0.0574326742288079,0.0564781397354219,0.0555394519014045,0.0546163485225657,0.0537085716891864,0.0528158677184738,0.051937987088214,0.0510746843691735,0.0502257181622885,0.0493908510309852,0.048569849439778,0.0477624836911705,0.04696852786709,0.046187759758555,0.04541996081947,0.044664916101531,0.0414642534230763,0.0399079334472629,0.0384099964818831,0.0369682558400975,0.0355806063590272,0.0342450214026303,0.0329595499663386,0.0317223138919394,0.0305315051693861,0.0293853833515614,0.0282822730434046,0.0272205614974307,0.0261986962861995,0.0252151830655699,0.0242685834115544,0.0233575127447278,0.0224806383245401,0.0216366773185431,0.0208243949430425,0.0200426026714976,0.0192901565090966,0.0185659553303382,0.0178689392791771,0.0171980882259531,0.016552420284536,0.0159309903818203,0.0153328888814853,0.0147572402580228,0.014203201821605,0.0136699624888283,0.0131567415972224,0.0126627877704446,0.0121873778185923,0.0117298156832498,0.0112894314212154,0.0108655802258392,0.0104576414849818,0.0100650178744706,0.0096871344847583,0.0093234379813664
2.8128684174650157e-05,0.924663462112956,0.8699911023039174,0.816955625761914,0.7658733019089751,0.7169606532556487,0.6703531747040762,0.6261218927755007,0.5842875151813227,0.5448322290225268,0.5077093603554939,0.472851169860459,0.4401750690382596,0.4095885238475126,0.3809928829636455,0.3542863344120678,0.3293661617235074,0.3061304411499832,0.284479295690239,0.2643157997962049,0.2455466104053899,0.2400228990854154,0.2363304649880219,0.2326936758879121,0.2291117469098011,0.2255839017090295,0.2221093725070843,0.218687400118969,0.2153172339726463,0.2119981321213776,0.2087293612411997,0.2055101966615348,0.2023399223107006,0.1992178307314209,0.196143223060982,0.1931154090034028,0.1901337068067739,0.1871974432140767,0.1843059534524548,0.1814585811756116,0.1786546784243036,0.1758936055792502,0.1731747313053219,0.1704974325211776,0.1678610943138271,0.1652651098828026,0.16270888050893,0.1601918154635187,0.1577133319551878,0.1552728550615395,0.1528698176617869,0.1505036603669811,0.1481738314490724,0.1458797867716225,0.1436209897147501,0.1413969111020951,0.1392070291262934,0.1370508292736866,0.1349278042484697,0.1328374538961487,0.1307792851255115,0.1287528118349939,0.1267575548327346,0.1247930417559958,0.1228588069984904,0.1209543916308702,0.1190793433155243,0.1172332162401775,0.115415571030369,0.1136259746867139,0.1118640004852139,0.1073025343035834,0.1055217147795579,0.1037703340216132,0.1020479110809363,0.1003539725970087,0.0986880526699585,0.0970496927667094,0.0954384416237415,0.0938538551271971,0.0922954962255655,0.0907629348156304,0.0892557476600481,0.0877735182677779,0.0863158368097078,0.0848823000181044,0.0834725110851018,0.0820860795709056,0.0807226213035257,0.0793817583103185,0.0780631186850144,0.0767663365239618,0.0754910518351914,0.0742369104221639,0.0730035638366536,0.0717906692644236,0.0705978894451401,0.0694248925848435,0.0682713522760806,0.0671369474139136,0.0660213621092042,0.0649242856178516,0.0638454122499439,0.0627844412990641,0.0617410769563482,0.0607150282440957,0.0597060089319558,0.0587137374646612,0.0577379368891832,0.056778334782352,0.0558346631780186,0.0549066584973151,0.0539940614787588,0.0530966171103099,0.0522140745607178,0.0513461871135758,0.0504927121017174,0.0496534108418815,0.0488280485718407,0.0480163943884243,0.0472182211813888,0.0438347167719548,0.0421894797868349,0.0406059553249071,0.0390818326550399,0.0376148871196002,0.0362029769882769,0.0348440403983356,0.0335360924129286,0.0322772222009898,0.0310655902817958,0.0298994259038383,0.0287770244897201,0.0276967451919076,0.0266570085257848,0.0256562940930074,0.024693138387576,0.0237661326775583,0.0228739209704342,0.0220151980482564,0.0211887075750035,0.0203932402767633,0.0196276321845417,0.0188907629443237,0.0181815541902013,0.0174989679733777,0.0168420052550165,0.0162097044500562,0.0156011400286482,0.0150154211649073,0.0144516904431221,0.013909122601865,0.0133869233355297,0.0128843281322682,0.0124006011600527,0.0119350341916441,0.0114869455708607,0.0110556792166476,0.0106406036657381,0.0102411111481779,0.0098566167032326
3.323585745976269e-05,0.9662668754345792,0.9106499579398232,0.8563569983067,0.8037917504152838,0.7532432926732819,0.7049058818116001,0.6588971724946485,0.6152741728748432,0.5740467834947707,0.5351890287322693,0.4986482161163499,0.464352304451638,0.4322157625734492,0.4021441788253312,0.3740378500743175,0.3477945455419658,0.323311608749446,0.3004875321935791,0.2792231145839415,0.2594222895552876,0.2535937932105252,0.2496973331324903,0.2458593727906561,0.2420790974464269,0.2383557006911562,0.234688384515313,0.2310763593673226,0.2275188442029491,0.2240150665255974,0.2205642624180937,0.2171656765664515,0.2138185622760705,0.2105221814807984,0.2072758047376647,0.2040787112554219,0.2009301888322247,0.197829533879961,0.1947760513905586,0.1917690549118152,0.188807866521558,0.1858918167767173,0.1830202447006742,0.180192497724023,0.1774079316436539,0.1746659105741997,0.1719658068908679,0.1693070012033106,0.1666888822411011,0.1641108468563018,0.1615722999254215,0.1590726542977995,0.1566113307284426,0.1541877578111955,0.1518013719115568,0.1494516170925171,0.1471379450495388,0.1448598150348395,0.1426166937846797,0.1404080554454207,0.1382333814987944,0.1360921606857176,0.1339838889310607,0.1319080692636401,0.1298642117504902,0.1278518334022873,0.1258704581059436,0.1239196165557669,0.1219988461386868,0.1201076909216381,0.118245701494711,0.1134252046297952,0.1115432171913252,0.1096923190277625,0.107872003310194,0.1060817711419118,0.104321131454014,0.102589600879146,0.1008867036645245,0.0992119715704027,0.0975649437428118,0.0959451666298809,0.0943521938587774,0.0927855861662181,0.0912449112538485,0.0897297437337659,0.0882396649818429,0.086774263078304,0.0853331326864618,0.0839158749697528,0.0825220974727637,0.0811514140758108,0.0798034448372056,0.0784778159430894,0.0771741596033851,0.0758921139678562,0.0746313230105901,0.0733914364817719,0.0721721097908302,0.0709730039296624,0.0697937853879323,0.068634126059557,0.0674937031711077,0.0663721991963449,0.0652693017725474,0.0641847036163706,0.0631181024542575,0.0620692009379314,0.0610377065686943,0.0600233316233976,0.0590257930759606,0.0580448125256752,0.0570801161247419,0.0561314345045404,0.0551985027061655,0.0542810601100772,0.0533788503681416,0.0524916213322367,0.0516191249936149,0.050761117410135,0.0499173586457568,0.0463405924802864,0.0446013692878948,0.0429273768430585,0.0413161734592544,0.0397654083204565,0.0382728181599722,0.0368362240382117,0.0354535282723273,0.034122711410901,0.03284182938121,0.0316090106967725,0.0304224537788311,0.0292804243632606,0.0281812530169367,0.0271233327287069,0.0261051166022591,0.0251251156068484,0.0241818964389298,0.0232740794652835,0.0224003366780993,0.0215593898218179,0.0207500085130378,0.0199710084621021,0.0192212497526772,0.0184996351859567,0.0178051086848343,0.0171366537588236,0.0164932920239466,0.0158740817787527,0.0152781166321433,0.0147045241833648,0.0141524647489164,0.013621130139628,0.0131097424804239,0.0126175530760877,0.0121438413182478,0.0116879136333513,0.0112491024697816,0.0108267653228453,0.0104202837960904
3.927031261850349e-05,1.0083104499951694,0.9520484060490644,0.8967223383505337,0.8428347060515808,0.7907582245869915,0.7407560678280217,0.6930014039439639,0.6475950763319785,0.6045809467293997,0.5639588311511406,0.5256951801405971,0.4897317561550447,0.4559925924208521,0.4243895110508308,0.3948264531196254,0.3672028410107843,0.341416159952911,0.3173639144104945,0.2949450872785831,0.2740612060441756,0.2679125108223662,0.2638016527539935,0.2597522530029235,0.2557634679814268,0.2518344620952562,0.247964407853807,0.2441524859678292,0.2403978854354796,0.2366998036172537,0.2330574463003819,0.2294700277534173,0.2259367707714438,0.2224569067124699,0.2190296755255725,0.2156543257711997,0.2123301146340769,0.2090563079212511,0.2058321800942932,0.2026570142137352,0.1995301019564899,0.1964507435959585,0.1934182479748427,0.1904319324830982,0.1874911230084618,0.1845951539272724,0.1817433680463441,0.1789351165641401,0.1761697590239615,0.1734466632610669,0.1707652053614611,0.1681247695929083,0.1655247483428271,0.1629645420818634,0.1604435592784063,0.157961216345219,0.1555169375702978,0.153110155050216,0.150740308622414,0.1484068457883123,0.1461092216514379,0.1438468988383063,0.1416193474264286,0.1394260448698122,0.1372664759233949,0.1351401325692507,0.1330465139360329,0.1309851262224536,0.1289554826312153,0.126957103278629,0.1249895151196486,0.1198955071170486,0.1179066887224681,0.1159506984954703,0.1140270025487986,0.112135075271886,0.1102743992362915,0.10844446508816,0.1066447714298381,0.1048748247306397,0.1031341391964697,0.1014222366775386,0.0997386465738834,0.0980829057022254,0.0964545582116521,0.0948531554761395,0.0932782559903523,0.091729425262832,0.0902062357302867,0.0887082666446864,0.0872351039727263,0.085786340306881,0.0843615747654373,0.0829604128813179,0.0815824665514778,0.0802273538815923,0.0788946991313635,0.0775841326158641,0.0762952906117269,0.0750278152737883,0.0737813545221971,0.0725555619847333,0.0713500969080724,0.0701646240429978,0.068998813585446,0.0678523410858169,0.0667248873666006,0.0656161384387297,0.0645257854226974,0.0634535244686581,0.0623990566797729,0.0613620880307344,0.0603423292957102,0.0593394959710503,0.058353308204037,0.0573834907106477,0.0564297727176459,0.0554918878740883,0.0545695741981227,0.0536625739973008,0.0527706338016704,0.048989596613489,0.0471510310075084,0.0453814135665918,0.0436781643912738,0.04203879946693,0.0404609272172203,0.0389422450955074,0.0374805363360249,0.0360736667990256,0.0347195819461917,0.0334163038876451,0.0321619285777704,0.0309546230765456,0.0297926229278819,0.028674229616811,0.0275978081335501,0.0265617846149746,0.0255646440757362,0.0246049282204375,0.0236812333352932,0.0227922082586492,0.0219365524233376,0.0211130139712892,0.0203203879387208,0.0195575145068744,0.0188232773167964,0.0181166018474192,0.0174364538532367,0.0167818378584477,0.0161517957091339,0.0155454051768769,0.014961778615808,0.0144000616682668,0.013859432019499,0.0133390981982917,0.0128382984222633,0.0123562994855811,0.0118923956894275,0.0114459078112112,0.0110161821124036
4.6400411213161114e-05,1.0505158141100943,0.9939706755690366,0.9378908570232676,0.8828879365075868,0.8294295592429746,0.7778587155216629,0.728413939490968,0.6812484525490045,0.6364472759283756,0.5940419578496574,0.5540229168430533,0.5163495874368674,0.4809586341259447,0.4477705189439209,0.4166946952651602,0.3876336726791224,0.3604861647042425,0.3351494980431074,0.3115214316451731,0.28950150711394,0.2830166834419939,0.2786806973236577,0.2744092271211895,0.2702014019616008,0.2660563584628332,0.2619732408940405,0.2579512013207578,0.2539893997357429,0.2500870041763244,0.2462431908288538,0.2424571441211599,0.2387280568034492,0.2350551300184839,0.2314375733614797,0.2278746049303724,0.2243654513670718,0.2209093478900276,0.2175055383187999,0.2141532750910052,0.2108518192720911,0.2076004405506019,0.2043984172676048,0.2012450363548351,0.1981395933592981,0.1950813924104153,0.1920697461962256,0.1891039759380814,0.186183411339759,0.1833073905757763,0.1804752602321431,0.177686375265833,0.1749400989565885,0.1722358028496481,0.1695728667317762,0.1669506785129429,0.1643686342336287,0.1618261379648483,0.1593226017562219,0.1568574455698507,0.1544300972136713,0.1520399922749807,0.149686574043147,0.1473692934496063,0.1450876089891266,0.1428409866479023,0.1406288998297146,0.138450829281141,0.1363062630157788,0.1341946962394584,0.1321156312658672,0.1267328640956807,0.1246312501358181,0.1225642955949073,0.1205314382861387,0.1185321247710218,0.1165658099983385,0.1146319574525858,0.1127300389256932,0.1108595344100001,0.1090199320105212,0.1072107278230352,0.105431425844495,0.1036815378373477,0.1019605832548803,0.1002680891182008,0.098603589906863,0.0969666274636343,0.095356750889642,0.0937735164372443,0.0922164874069143,0.0906852340559886,0.0891793334909204,0.0876983695684978,0.0862419327942423,0.0848096202313428,0.0834010353930235,0.082015788183032,0.0806534947437788,0.0793137774014103,0.0779962645664477,0.0767005906393836,0.0754263959298499,0.0741733265343947,0.0729410342946666,0.0717291766806162,0.0705374167207352,0.0693654228917947,0.0682128690626763,0.0670794343963476,0.0659648032708747,0.0648686651997548,0.0637907147513951,0.0627306514715514,0.0616881798021113,0.060663009003806,0.0596548530935602,0.0586634307530549,0.0576884652581742,0.0567296844217662,0.055786820498761,0.0517898812828489,0.0498463141746854,0.0479756228817015,0.046175081609013,0.0444420657935581,0.0427740483973298,0.0411685963778892,0.0396233672480614,0.0381361057632261,0.0367046407156361,0.0353268818569703,0.0340008169156353,0.0327245087217248,0.031496092438873,0.0303137728946097,0.0291758219913922,0.028080576236217,0.0270264343385561,0.0260118548982828,0.025035354208171,0.0240955040564464,0.0231909297160655,0.0223203079264803,0.021482364982213,0.0206758748861317,0.0198996575708281,0.0191525771849102,0.0184335404425297,0.0177414950336165,0.0170754280937213,0.0164343647296347,0.0158173666001802,0.015223530548196,0.0146519872866446,0.0141019001292106,0.0135724637711288,0.0130629031141841,0.0125724721361088,0.0121004528012095,0.0116461540120483
5.482508330570274e-05,1.0925543327542528,1.0361548950191866,0.9796615069521092,0.9238032638997794,0.8691535427170056,0.8161464342961872,0.7650965152478255,0.7162189184743063,0.6696480231461027,0.6254539774023216,0.583656810493995,0.5442381960042332,0.5071510804063915,0.4723274521560016,0.4396845356246494,0.409129676388727,0.380564154549485,0.3538861293166664,0.3289928855191708,0.3057825231524759,0.2989451624795658,0.2943729823103413,0.2898684676301427,0.2854307225135,0.2810588578217949,0.2767519914239194,0.2725092483994564,0.2683297612238847,0.2642126699375638,0.2601571222991374,0.256162273924146,0.2522272884097276,0.2483513374460611,0.2445336009153631,0.2407732669790633,0.2370695321537746,0.2334216013768641,0.229828688061713,0.2262900141443115,0.222804810120081,0.2193723150730454,0.2159917766968444,0.2126624513084091,0.2093836038465372,0.2061545079051168,0.2029744456775699,0.1998427079754603,0.196758594208607,0.1937214123586835,0.1907304789576611,0.1877851190383935,0.1848846661264004,0.1820284621817855,0.1792158575606241,0.1764462109689541,0.1737188894127088,0.1710332681456421,0.1683887306125756,0.1657846683927322,0.1632204811453199,0.1606955765355573,0.1582093701796141,0.1557612855763289,0.1533507540396956,0.1509772146328673,0.1486401140856776,0.1463389067418811,0.1440730544741194,0.1418420266133626,0.1396452998746666,0.1339577250684349,0.1317370361511391,0.129552934256765,0.1274048277481328,0.125292133975762,0.1232142792371835,0.1211706986068755,0.1191608358401163,0.1171841432778672,0.1152400817241744,0.1133281203451255,0.1114477365537639,0.1095984159000894,0.1077796519639022,0.1059909462552826,0.1042318080910901,0.1025017545064738,0.1008003101409936,0.0991270071240816,0.0974813849822002,0.0958629905361903,0.0942713777765859,0.0927061077962545,0.0911667486594405,0.0896528753207017,0.0881640695070784,0.0866999196354515,0.0852600207050312,0.0838439742070628,0.0824513880111207,0.0810818763208325,0.0797350595088246,0.0784105640846923,0.0771080225227142,0.0758270733210122,0.0745673607265121,0.0733285347869477,0.0721102511985455,0.070912171240013,0.0697339616724369,0.0685752946713523,0.0674358477310298,0.0663153035945927,0.0652133501564348,0.0641296803947766,0.0630639922893768,0.0620159887420161,0.0609853775003425,0.0599718710831741,0.0589751867033108,0.0547500586221919,0.0526955113431444,0.0507179893362691,0.0488146128924893,0.0469826091021907,0.0452193079772666,0.0435221387314483,0.0418886261546024,0.0403163871347395,0.0388031272866569,0.0373466377072959,0.0359447918301445,0.0345955424063996,0.0332969185757931,0.0320470230574752,0.0308440294273296,0.0296861795045744,0.0285717808159909,0.0274992041713379,0.0264668813096181,0.0254733026400845,0.0245170150614418,0.0235966198610752,0.0227107706919364,0.0218581716217329,0.021037575255669,0.0202477809260356,0.0194876329499058,0.0187560189499419,0.0180518682382107,0.0173741502582154,0.0167218730869455,0.0160940819890469,0.0154898580272468,0.0149083167236781,0.0143486067705109,0.0138099087881589,0.0132914341311144,0.0127924237364236,0.0123121470164676
6.47793776151855e-05,1.134046186307554,1.0782897343713311,1.0217885201787662,0.965393842602994,0.9097940579237768,0.8555254255230859,0.8029897712432816,0.7524745597523046,0.704172731047818,0.6582008880678325,0.6146152150121184,0.5734249791988932,0.5346037284402391,0.4980984204576122,0.4638367655499958,0.4317330641220172,0.4016927987292594,0.3736162089359642,0.3474010437516707,0.3229446544719984,0.3157379200518996,0.3109181749424026,0.3061693271347402,0.3014904586945493,0.2968806575258408,0.292339017665529,0.287864639555865,0.2834566302959008,0.2791141038730663,0.2748361813758931,0.2706219911888547,0.2664706691702596,0.2623813588141803,0.2583532113969293,0.2543853861095248,0.2504770501762292,0.2466273789602918,0.2428355560576471,0.2391007733788734,0.2354222312204592,0.2317991383257065,0.2282307119359675,0.2247161778327365,0.2212547703711097,0.2178457325051265,0.2144883158054619,0.2111817804698915,0.2079253953191911,0.204718437826159,0.2015601940602881,0.198449958700506,0.1953870350153901,0.1923707348335851,0.1894003785202647,0.1864752949263414,0.1835948213776806,0.1807583036158419,0.1779650957580356,0.1752145602491863,0.1725060678108792,0.1698389973882016,0.1672127360921795,0.1646266791393688,0.1620802298012954,0.1595727993260441,0.1571038068818752,0.1546726794922422,0.1522788519621951,0.1499217668159933,0.1476008742115029,0.1415916100831938,0.1392452388711085,0.1369374826034564,0.1346677189647766,0.1324353350102035,0.1302397270706996,0.1280803006212924,0.1259564702162701,0.1238676593119374,0.1218133002190073,0.1197928339693981,0.1178057101970582,0.1158513870402365,0.1139293310388164,0.1120390169971056,0.110179927912469,0.1083515548379778,0.1065533967829645,0.1047849606047211,0.1030457609210762,0.1013353199687442,0.0996531675205225,0.0979988407761533,0.0963718842573338,0.0947718497075513,0.0931982959796,0.0916507889414713,0.0901289013782413,0.0886322128915992,0.0871603097905328,0.0857127850062287,0.0842892379830846,0.0828892745788953,0.0815125070209852,0.0801585537410611,0.0788270392850679,0.0775175942881851,0.0762298553307888,0.074963464857713,0.0737180711021284,0.0724933279680219,0.0712888949918465,0.0701044371988173,0.0689396250671498,0.0677941344173571,0.066667646338577,0.0655598471069278,0.064470428101131,0.0633990857284473,0.0623455213434092,0.0578792259152884,0.0557073826875192,0.0536169481738084,0.0516048803089347,0.0496682496719009,0.047804235438802,0.0460101214440461,0.0442832923975292,0.0426212302110393,0.0410215104558406,0.0394817989450915,0.0379998484309998,0.0365734954094349,0.0352006570516411,0.0338793282311248,0.0326075786674162,0.0313835501464817,0.0302054538830075,0.0290715679264569,0.0279802347031488,0.0269298586234177,0.0259189037811335,0.0249458917376046,0.0240093993860952,0.0231080568920673,0.0222405457116031,0.021405596680127,0.0206019881721481,0.019828544328651,0.0190841333494333,0.0183676658487974,0.0176780932711312,0.0170144063660834,0.0163756337196041,0.0157608403390084,0.0151691262924388,0.0145996253937856,0.0140515039450227,0.0135239595163369,0.0130162197771643
7.65410193872755e-05,1.174562479254028,1.1200127075715218,1.0639776646415964,1.0074295672998077,0.9511779242884314,0.8958710853965569,0.8420093528777755,0.7899635942225034,0.7399954475052984,0.6922768349809265,0.6469076099428427,0.6039308622431692,0.5633458177413484,0.5251184854688556,0.4891903062407234,0.4554850871554762,0.4239144994969696,0.394382392257677,0.3667881410778702,0.3410292190116423,0.3334359136515601,0.328356969701328,0.3233522241172653,0.3184207409778749,0.3135615889575857,0.3087738417097019,0.3040565782227354,0.2994088831515846,0.2948298471247141,0.2903185670286188,0.2858741462705954,0.2814956950213478,0.2771823304377475,0.2729331768675112,0.2687473660362801,0.2646240372182275,0.2605623373909457,0.2565614213755413,0.2526204519627057,0.2487386000254594,0.2449150446193531,0.2411489730708081,0.2374395810542571,0.2337860726585997,0.2301876604437215,0.2266435654875663,0.2231530174242618,0.2197152544738891,0.2163295234643082,0.2129950798455913,0.2097111876912288,0.206477119721943,0.2032921572710649,0.2001555902832935,0.1970667173057139,0.1940248454589986,0.1910292904174555,0.18807937636042,0.1851744359622296,0.1823138103366318,0.179496848997871,0.1767229098146404,0.1739913589605047,0.1713015708630632,0.168652928146386,0.1660448215721422,0.1634766499934607,0.1609478202715139,0.1584577472270899,0.1560058535688916,0.1496571529580654,0.1471781510171244,0.1447398962217914,0.1423417343977297,0.1399830210995902,0.1376631215048009,0.1353814103106801,0.1331372716218787,0.1309300988430171,0.12875929457863,0.1266242705156721,0.1245244473073316,0.1224592544804763,0.1204281303213619,0.118430521752788,0.1164658842389405,0.1145336816683369,0.1126333862473444,0.1107644783984062,0.1089264466430293,0.1071187874683818,0.1053410052801535,0.1035926122349517,0.1018731281886435,0.1001820805360328,0.0985190041397669,0.096883441217472,0.0952749412422721,0.0936930608255292,0.0921373636282252,0.090607420263022,0.0891028081841411,0.0876231115921854,0.0861679213307756,0.0847368347964738,0.0833294558264221,0.0819453946749734,0.0805842677655428,0.0792456977535376,0.0779293133625211,0.0766347492902793,0.0753616461456626,0.074109650335887,0.0728784139821471,0.0716675948484734,0.0704768562360825,0.0693058669050094,0.068154300997208,0.0670218379438493,0.0659081623902316,0.06118699197473,0.0588911815010911,0.056681409956616,0.0545544640473664,0.0525072492746869,0.0505367856780378,0.0486402037072408,0.0468147402444349,0.0450577347441942,0.0433666255109971,0.0417389460988514,0.0401723218444319,0.0386644664931751,0.0372131789774783,0.0358163402810686,0.0344719104237829,0.0331779255499045,0.0319324951215461,0.030733799211112,0.0295800858891865,0.028469668708979,0.0274009242787767,0.0263722899219134,0.0253822614246435,0.0244293908629941,0.0235122845089098,0.0226296008145781,0.0217800484679279,0.020962384522084,0.0201754125916915,0.0194179811160306,0.0186889816868245,0.0179873474360423,0.0173120514852316,0.0166621054511347,0.0160365580063817,0.0154344934943322,0.014855030594845,0.014297321039246,0.0137605483742033
9.043815894072338e-05,1.2136316705209906,1.1609111157851586,1.105883883721977,1.0496330205390445,0.9930902228326608,0.9370233522952076,0.8820416277042633,0.8286106132166122,0.7770715314597871,0.7276614572957364,0.6805324348481009,0.635768554474211,0.593400642257908,0.5534185675451699,0.5157813565884172,0.480425378867821,0.4472708913969479,0.4162272132857224,0.3871967749108785,0.3600782529383908,0.3520809071739437,0.3467309223974364,0.341458489398468,0.336262659466465,0.3311424868911123,0.3260970294512997,0.3211253488722884,0.3162265112526046,0.311399587462193,0.3066436535132406,0.3019577909050359,0.2973410869442059,0.2927926350415214,0.2883115349865101,0.283896893200991,0.279547822972618,0.2752634446694212,0.2710428859364683,0.2668852818753998,0.2627897752078527,0.2587555164236599,0.2547816639144615,0.2508673840937237,0.2470118515038169,0.2432142489107292,0.2394737673873025,0.2357896063855203,0.2321609737984163,0.2285870860122695,0.2250671679496035,0.221600453103485,0.2181861835636619,0.2148236100350144,0.2115119918487288,0.2082505969606991,0.2050387019720722,0.2018755920922245,0.1987605611355034,0.1956929115112683,0.1926719541835581,0.1896970086629358,0.1867674029528855,0.1838824735284111,0.1810415652870655,0.1782440315066375,0.1754892337975856,0.172776542051965,0.1701053343919008,0.1674749971096044,0.164884924607706,0.1581781435437278,0.1555592085638564,0.1529832610401765,0.1504496138009497,0.147957589732003,0.1455065216992762,0.1430957524305541,0.1407246344156958,0.1383925298008485,0.1360988102845926,0.1338428570108128,0.1316240604516041,0.1294418203184827,0.1272955454334042,0.1251846536339281,0.1231085716466889,0.1210667349969974,0.1190585879025031,0.1170835831255942,0.1151411819053921,0.1132308538389392,0.1113520767541534,0.1095043366120917,0.1076871274130009,0.1058999510646132,0.1041423172775125,0.1024137434963767,0.1007137547336619,0.0990418835053608,0.0973976697146578,0.0957806605573547,0.0941904103827419,0.0926264806479933,0.0910884397751752,0.0895758630671158,0.0880883325971361,0.0866254371224929,0.0851867719788871,0.0837719389864712,0.0823805463528708,0.0810122085786031,0.0796665463645035,0.0783431865212659,0.077041761862584,0.0757619111439158,0.0745032789404964,0.0732655155848575,0.072048277060894,0.0708512249313698,0.0696740262359854,0.0646835047059959,0.0622566809032642,0.0599207864044553,0.0576724274006702,0.0555083353173412,0.0534253623552871,0.0514204771618585,0.0494907606524537,0.0476334019603065,0.0458456945210861,0.0441250322968686,0.0424689061116216,0.0408749001268105,0.0393406884292083,0.0378640317432645,0.0364427742436388,0.035074840498163,0.0337582325062102,0.0324910268390609,0.0312713719113963,0.0300974852806142,0.0289676511341348,0.0278802177979332,0.0268335953639348,0.0258262533975521,0.0248567187275626,0.0239235733194918,0.0230254522216837,0.0221610415915609,0.0213290767907381,0.0205283405516618,0.0197576612094623,0.0190159110027543,0.0183020044329159,0.0176148966873994,0.0169535821179522,0.0163170927782307,0.0157044970142902,0.0151148981063277,0.0145474329631585
0.00010685852707557841,1.250751756600872,1.2005268511696483,1.1471112154643257,1.0916765527640957,1.035270002948793,0.978781989665,0.9229391021982056,0.8683124217691829,0.8153340362896225,0.7643168346637835,0.7154745653392313,0.6689404965887492,0.6247839025155376,0.583024137717607,0.5436423655423189,0.5065911556816068,0.4718022267441157,0.4391926179858166,0.408669556305092,0.3801342546734808,0.3717152394487136,0.3660822343744588,0.3605301652335072,0.3550580771336348,0.3496650161644472,0.3443500300130878,0.3391121685419944,0.3339504843305018,0.3288640331819412,0.3238518745982673,0.3189130722232664,0.3140466942564365,0.3092518138386348,0.3045275094111004,0.2998728650490622,0.2952869707713094,0.2907689228268532,0.2863178239599462,0.2819327836544931,0.2776129183589259,0.2733573516925969,0.2691652146346069,0.2650356456959906,0.2609677910762499,0.2569608048047844,0.2530138488684328,0.2491260933254724,0.2452967164071177,0.24152490460698,0.2378098527592714,0.234150764106425,0.2305468503564759,0.2269973317311505,0.2235014370048071,0.2200584035350659,0.2166674772854065,0.2133279128402839,0.2100389734104252,0.2067999308406173,0.2036100656128987,0.2004686667962119,0.1973750320804033,0.1943284677266229,0.1913282885507464,0.1883738178816365,0.1854643875419208,0.1825993377995295,0.1797780173272805,0.1769997831571814,0.1742640006314594,0.1671795685565231,0.1644130320067029,0.1616918350153368,0.159015256307039,0.1563825850097424,0.1537931205449183,0.1512461725371471,0.1487410606991097,0.1462771147565849,0.143853674329409,0.1414700888324371,0.1391257173708605,0.1368199286334632,0.1345521007908562,0.1323216213776539,0.1301278871956968,0.1279703041942927,0.1258482873744348,0.1237612606709117,0.1217086568380254,0.1196899173535809,0.1177044922850004,0.11575184020892,0.1138314280930678,0.1119427311706758,0.1100852328462925,0.1082584245904818,0.1064618058204238,0.1046948837870038,0.1029571735137804,0.1012481976217264,0.0995674862681914,0.097914577032215,0.0962890148097982,0.0946903517156143,0.0931181469580774,0.0915719667662154,0.0900513842817112,0.0885559794481679,0.0870853389203135,0.0856390559641909,0.0842167303602894,0.0828179683068794,0.0814423823249958,0.0800895911654529,0.0787592197149502,0.0774508989027459,0.0761642656127738,0.0748989625932956,0.0736546383608872,0.0683794800055727,0.0658142017903322,0.0633450174553453,0.0609683429410782,0.0586807261678347,0.0564788423679473,0.0543594895533551,0.0523195841248713,0.0503561566308925,0.0484663476533072,0.0466474038354328,0.044896674042494,0.0432116056464147,0.0415897409388268,0.0400287136693506,0.0385262456995498,0.0370801437702474,0.0356882963904689,0.0343486708280839,0.0330593102083073,0.0318183307165373,0.030623918899816,0.0294743290638949,0.0283678807660443,0.0273029563962322,0.0262779988446147,0.0252915092575249,0.0243420448729883,0.0234282169306393,0.0225486886668804,0.0217021733757661,0.020887432544202,0.0201032740555824,0.0193485504588307,0.0186221573014284,0.0179230315239235,0.0172501499138011,0.0166025276167627,0.0159792167025763,0.0153793047842791
0.00012626025277943126,1.2854095733722086,1.2383664612841856,1.187216132863362,1.1331813096254766,1.0774068967912322,1.0209021123526762,0.9645156975983764,0.9089335428241166,0.854689680693701,0.802184013618103,0.7517023977650827,0.7034364616310204,0.6575017613130467,0.6139536614485087,0.572800799983771,0.5340162514979329,0.4975466267642455,0.463319390016959,0.4312486753122724,0.4012398611936672,0.3923815298415118,0.3864534768731861,0.3806097475184231,0.3748493889939268,0.3691714469754807,0.3635749663647508,0.3580589920108267,0.35262256938873,0.3472647452368717,0.3419845681554823,0.3367810891678612,0.3316533622463124,0.3266004448043846,0.321621398157181,0.3167152879512526,0.3118811845655445,0.3071181634849526,0.3024253056477282,0.2978016977681347,0.2932464326355753,0.288758609391389,0.2843373337844579,0.2799817184067055,0.2756908829095666,0.2714639542023418,0.2673000666334422,0.2631983621554342,0.2591579904746737,0.2551781091864152,0.2512578838961616,0.2473964883279482,0.2435931044203567,0.2398469224108472,0.2361571409090981,0.2325229669599925,0.2289436160967126,0.2254183123846889,0.2219462884567069,0.2185267855398891,0.2151590534749039,0.2118423507277751,0.2085759443888296,0.2053591101946739,0.2021911324937073,0.1990713042300444,0.1959989269562551,0.1929733107830908,0.1899937743645567,0.1870596448496914,0.1841702578677823,0.1766876500234268,0.1737654655913948,0.1708910880065881,0.1680637609150277,0.1652827386425174,0.1625472861131565,0.1598566787557984,0.1572102024387426,0.1546071533210148,0.1520468378165381,0.1495285724647685,0.1470516838361391,0.1446155084326492,0.1422193925840348,0.1398626923435899,0.1375447733815406,0.1352650108836866,0.1330227894362422,0.13081750291928,0.1286485544057582,0.1265153560520344,0.1244173289731722,0.1223539031483777,0.1203245173131269,0.1183286188242799,0.1163656635882974,0.1144351159249048,0.1125364484702438,0.110669142059463,0.108832685622046,0.1070265760724711,0.1052503182051264,0.1035034245764372,0.1017854154415972,0.1000958185779468,0.0984341692426969,0.0968000100029767,0.095192890711289,0.0936123683484712,0.0920580069399106,0.0905293774463674,0.0890260576791634,0.0875476321743418,0.0860936921213879,0.0846638352501749,0.0832576657412366,0.0818747941278225,0.0805148372002647,0.0791774179153698,0.0778621653045151,0.0722862318769761,0.0695746420507935,0.0669645995623402,0.0644523199173798,0.0620341576627379,0.0597066014962953,0.0574662695276774,0.0553099046792493,0.0532343702371763,0.0512366455365174,0.0493138217946362,0.0474630980772046,0.0456817773902479,0.043967262917667,0.0423170543715669,0.0407287444777195,0.039200015571947,0.0377286363264751,0.0363124585715092,0.0349494142494837,0.0336375124620172,0.0323748366252458,0.0311595417283206,0.029989851686518,0.0288640567924371,0.0277805112547051,0.0267376308299024,0.0257338905376625,0.0247678224588954,0.023838013614285,0.0229431039225235,0.0220817842263625,0.0212527943999962,0.0204549215196207,0.0196869981028318,0.0189479004138153,0.0182365468297875,0.0175518962684319,0.0168929466734668,0.0162587335555591
0.00014918464504616233,1.3171081499466213,1.2739178947833325,1.225715656218148,1.173719265796848,1.1191393770874212,1.063090420009753,1.006542148901385,0.9503015161142866,0.8950144550783616,0.8411791143967691,0.7891645184610626,0.7392307749420194,0.6915485655169259,0.6462167583460079,0.603277675863876,0.5627299577055423,0.5245391748071014,0.4886464492866353,0.45497536464801,0.4234374435223357,0.4141223086648171,0.4078872438281601,0.4017398598957963,0.3956792164874095,0.389704368559459,0.3838143673513382,0.3780082612779221,0.3722850967708697,0.3666439190714343,0.3610837729764389,0.3556037035403113,0.3502027567348899,0.3448799800690657,0.3396344231703062,0.3344651383297888,0.3293711810129344,0.3243516103372203,0.3194054895185005,0.3145318862877523,0.3097298732795508,0.3049985283936461,0.300336935131174,0.2957441829065089,0.2912193673362215,0.2867615905062448,0.2823699612182703,0.2780435952166006,0.273781615396324,0.2695831519938855,0.2654473427609449,0.2613733331223551,0.2573602763192257,0.2534073335376862,0.2495136740243339,0.2456784751888878,0.2419009226948345,0.2381802105388245,0.2345155411192225,0.2309061252945858,0.2273511824325942,0.2238499404499533,0.2204016358437966,0.2170055137150948,0.213660827784494,0.2103668404012098,0.2071228225412914,0.203928053816592,0.2007818224489889,0.1976834252600255,0.1946321676527123,0.1867298805335604,0.1836436135220783,0.1806077389462335,0.1776214644705799,0.1746840086956072,0.1717946010851745,0.1689524818933166,0.1661569020775861,0.1634071232229585,0.1607024174518382,0.1580420673356699,0.1554253657925542,0.1528516160084261,0.1503201313332335,0.1478302351761742,0.1453812609116917,0.1429725517744146,0.1406034607555738,0.1382733504989529,0.1359815931882892,0.1337275704574931,0.131510673249924,0.1293303017628609,0.1271858652802933,0.125076782098237,0.1230024794074799,0.1209623931834157,0.1189559680832642,0.1169826573080861,0.1150419225326289,0.1131332337843467,0.1112560693117791,0.1094099154948333,0.1075942667411874,0.105808625366181,0.1040525014750209,0.1023254129350688,0.1006268851102024,0.0989564509150996,0.0973136506327778,0.0956980318214675,0.0941091492177666,0.0925465646297438,0.0910098468389181,0.0894985714997234,0.0880123210317219,0.0865506845348513,0.0851132576788731,0.0836996426219558,0.0823094478930984,0.0764157038545644,0.0735495070297891,0.0707906152268391,0.0681350328784639,0.0655789108302756,0.0631185412343432,0.0607503525968448,0.0584709049530791,0.0562768852421052,0.0541651027329165,0.052132484701713,0.0501760721742209,0.0482930158359566,0.0464805720637149,0.0447360991056768,0.0430570533720657,0.0414409858734985,0.0398855387453466,0.0383884419358696,0.0369475099766024,0.0355606388797707,0.034225803138763,0.0329410528393965,0.0317045108703736,0.0305143702343388,0.0293688914538774,0.0282664000723786,0.0272052842435244,0.0261839924089179,0.0252010310586233,0.0242549625763967,0.0233444031560525,0.0224680208032978,0.0216245334043358,0.0208127068668482,0.0200313533303208,0.0192793294406949,0.0185555346895783,0.0178589098144164,0.0171884352578287
0.00017627129542049442,1.345402057976968,1.306675062201479,1.2621016777418788,1.2128195536477908,1.1600556339061956,1.1050027979470165,1.04874193312634,0.9922022162416112,0.9361489689747036,0.8811890513429904,0.8277859500605478,0.7762791251898651,0.7269041978802729,0.6798120404601262,0.6350858175051858,0.5927556375476163,0.5528108247907042,0.5152100007670332,0.4798892429887278,0.4467686061120682,0.4369795580390679,0.4304257193506325,0.4239628466027147,0.4175900244888306,0.4113063292064958,0.4051108296157454,0.3990025883341176,0.3929806627711907,0.3870441061054155,0.3811919682058235,0.3754232965013141,0.3697371367996664,0.364132534059213,0.3586085331147459,0.3531641793602679,0.3477985193905255,0.3425106016032925,0.3372994767642803,0.3321641985365422,0.3271038239760619,0.3221174139952052,0.3172040337955925,0.3123627532719158,0.307592647388279,0.3028927965279212,0.2982622868187413,0.2937002104342585,0.28920566587296,0.2847777582158884,0.2804155993640922,0.2761183082570124,0.2718850110725874,0.2677148414102261,0.2636069404574052,0.2595604571408433,0.2555745482630685,0.2516483786250237,0.2477811211357815,0.243971956909668,0.2402200753517403,0.2365246742322747,0.2328849597507152,0.2293001465897646,0.2257694579602249,0.2222921256369864,0.2188673899868044,0.215494499988241,0.2121727132442831,0.2089012959833986,0.205679523076934,0.1973350539125534,0.1940758721209795,0.1908697892769505,0.1877159762980781,0.1846136152942876,0.1815618994302787,0.1785600329007069,0.1756072308579521,0.1727027193406252,0.1698457352032482,0.1670355260287168,0.1642713500473281,0.1615524760750481,0.1588781833798979,0.1562477616234254,0.1536605107544233,0.1511157409275262,0.1486127723789054,0.1461509353463824,0.1437295699595474,0.1413480261375802,0.1390056634845471,0.1367018511807742,0.1344359678897454,0.1322074016135494,0.1300155496508565,0.127859818415891,0.125739623370827,0.1236543889074491,0.121603548236503,0.1195865432872431,0.1176028245623136,0.1156518510778278,0.113733090233913,0.1118460176878014,0.109990117261693,0.1081648808476692,0.1063698082611981,0.1046044071734112,0.1028681929802051,0.1011606887062523,0.0994814248969097,0.0978299395088392,0.0962057778163872,0.0946084922944685,0.0930376425320221,0.091492795109953,0.0899735235308063,0.0884794080792965,0.087010035757016,0.0807805016448668,0.0777509412560446,0.0748347637948268,0.0720277515327225,0.0693258408325209,0.0667251168320439,0.064221808278417,0.0618122824940288,0.0594930405017567,0.0572607122962414,0.0551120522722597,0.0530439347636611,0.0510533497650748,0.0491373987716074,0.0472932907487984,0.0455183382480258,0.0438099536504632,0.0421656455311034,0.0405830151498361,0.0390597530848561,0.0375936359153756,0.0361825231136087,0.0348243539748441,0.0335171446821274,0.0322589854732986,0.0310480379063108,0.0298825322225845,0.0287607648062835,0.0276810957323997,0.0266419464060245,0.0256417972851139,0.0246791856873764,0.0237527036757779,0.0228609960216612,0.0220027582423269,0.0211767347110538,0.0203817168351692,0.0196165413023334,0.0188800883907795,0.0181712803422165
0.00020827592263000485,1.3699389952303058,1.336170566427238,1.2958627758115515,1.2499805177570578,1.1996982864520735,1.1462441776132195,1.090788315957829,1.0343755433351147,0.9778937285010604,0.9220669502425628,0.8674639951731372,0.8145149522268922,0.7635310279806694,0.7147245922192886,0.6682278079829499,0.624109080602469,0.5823870947716181,0.5430425078117446,0.5060275163292228,0.4712735723140443,0.4609941464583049,0.4541101438451832,0.447320268678725,0.4406236462065656,0.4340193885090719,0.4275065959078146,0.4210843582997906,0.414751756420096,0.4085078630365755,0.4023517440794492,0.3962824597086824,0.3902990653223841,0.3844006125084133,0.3785861499422425,0.3728547242333748,0.3672053807227936,0.3616371642337317,0.3561491197779523,0.35074029321974,0.3454097318994998,0.3401564852190783,0.3349796051903879,0.3298781469495214,0.3248511692376291,0.3198977348504145,0.315016911057819,0.310207769995252,0.3054693890278422,0.300800851089119,0.2962012449952789,0.2916696657364597,0.2872052147459361,0.2828070001486704,0.2784741369900477,0.2742057474458874,0.2700009610147649,0.2658589146934993,0.2617787531367215,0.2577596288013806,0.2538007020745421,0.2499011414020796,0.246060123368713,0.2422768328137439,0.2385504628995841,0.2348802151837462,0.2312652996783593,0.2277049349000254,0.2241983479105909,0.2207447743494033,0.2173434584575141,0.2085332900049909,0.2050919564285392,0.2017065512224623,0.1983762080729475,0.1951000719474578,0.1918772990596126,0.1887070568294756,0.1855885238210472,0.1825208897144022,0.1795033552283331,0.1765351320609431,0.1736154428169028,0.1707435209467375,0.1679186106525114,0.1651399668090267,0.162406854891489,0.1597185508705581,0.1570743411507907,0.1544735224361416,0.1519154016633641,0.1493992958975753,0.146924532220516,0.1444904476513452,0.1420963890261523,0.1397417129042285,0.1374257854406809,0.1351479823365345,0.1329076886386802,0.1307042987077473,0.1285372161116361,0.1264058534575056,0.1243096323265994,0.1222479831552778,0.1202203451346463,0.1182261660575946,0.1162649022746294,0.1143360185391097,0.1124389879169136,0.1105732916617966,0.1087384191222466,0.1069338676240173,0.1051591423707117,0.1034137563284712,0.1016972301195111,0.1000090919245276,0.0983488773727129,0.0967161294298068,0.0951103983133726,0.0935312413745206,0.0919782229955195,0.0853939270427354,0.0821917613948367,0.0791093934815262,0.0761423718430184,0.0732864071182094,0.0705373665229122,0.067891268429816,0.0653442771476272,0.0628926978187993,0.0605329714823473,0.0582616702683036,0.0560754927604389,0.053971259486939,0.0519459085600541,0.0499964914560094,0.0481201689361916,0.0463142070852748,0.044575973509101,0.042902933637203,0.041292647161289,0.0397427645939142,0.0382510239448964,0.0368152475137847,0.0354333387940543,0.0341032794874731,0.0328231266209617,0.031591009768047,0.0304051283681497,0.02926374914499,0.0281652036111271,0.0271078856689255,0.0260902492942457,0.0251108063080702,0.0241681242237053,0.023260824176629,0.0223875789285989,0.0215471109455033,0.0207381905430248,0.0199596341048938,0.0192103023629127
0.0002460914571706056,1.3905034167153376,1.362015507226631,1.3265142063294229,1.284688867043738,1.2375743287347831,1.1863717941295966,1.13230332732712,1.076512008655687,1.0200046491714267,0.9636274198827098,0.9080637413439038,0.8538454210540677,0.8013704423980037,0.7509230587426011,0.7026935931439106,0.6567965607632417,0.6132865121640877,0.5721714608862534,0.5334240126980208,0.4969904353280857,0.4862051376310393,0.4789801601048354,0.4718522856304114,0.4648206987978138,0.4578845653716413,0.4510430339953463,0.4442952378042882,0.4376402959579933,0.4310773150912051,0.4246053906886712,0.4182236083866238,0.4119310452046697,0.4057267707106922,0.399609848122196,0.3935793353468162,0.3876342859648408,0.381773750156334,0.3759967755756069,0.3703024081752595,0.3646896929824595,0.3591576748293293,0.3537053990400721,0.3483319120765029,0.3430362621441706,0.337817499760959,0.332674678290368,0.3276068544395722,0.3226130887269339,0.317692445917459,0.3128439954295613,0.3080668117140426,0.3033599746066461,0.2987225696556248,0.2941536884255475,0.289652428778444,0.2852178951336511,0.2808491987072801,0.276545457732446,0.2723057976611851,0.2681293513490962,0.2640152592223656,0.2599626694288947,0.2559707379995492,0.2520386289178181,0.2481655142887145,0.2443505744069885,0.2405929978552502,0.2368919815506044,0.2332467308638325,0.229656459627831,0.2203560517174702,0.216722919638387,0.2131486695440713,0.2096323975648034,0.2061732112022881,0.202770229246713,0.1994225818187811,0.1961294103357262,0.1928898674449851,0.1897031170434762,0.1865683341809194,0.1834847050333655,0.1804514268384248,0.1774677078335652,0.1745327671884211,0.171645834929145,0.1688061518791284,0.1660129695445898,0.1632655500650832,0.160563166102155,0.1579051007816548,0.1552906475573894,0.1527191101459724,0.1501898024271789,0.1477020483227832,0.1452551817278998,0.142848546389809,0.1404814958051783,0.1381533931172993,0.1358636110057027,0.1336115315877429,0.1313965463015583,0.1292180557934117,0.1270754698506108,0.1249682072224128,0.1228956955727416,0.120857371306982,0.118852679534312,0.116881073913642,0.1149420165490846,0.1130349779021118,0.1111594366396937,0.1093148795713331,0.1075008015135137,0.1057167051890146,0.1039621011250668,0.1022365075367575,0.1005394502289619,0.0988704624872868,0.0972290849745928,0.0902700129695139,0.0868854903932393,0.0836275345589659,0.0804914482816582,0.0774727047817067,0.0745669419566605,0.0717699567500824,0.0690776997063285,0.0664862696543854,0.0639919085478666,0.0615909964505556,0.0592800466861096,0.0570557011063303,0.0549147255391929,0.0528540053485767,0.0508705411618792,0.0489614447218414,0.0471239348722781,0.0453553336845179,0.0436530627143543,0.0420146393768862,0.0404376734538734,0.038919863714113,0.0374589946564242,0.0360529333626329,0.034699626461573,0.0333970972009784,0.0321434426217937,0.0309368308339742,0.0297754983886994,0.0286577477456196,0.0275819448309195,0.0265465166830168,0.0255499491846918,0.0245907848759687,0.0236676208488054,0.0227791067155794,0.02192394265476,0.0211008775268112,0.0203087070594482
0.0002907729541063492,1.4070552022337472,1.383943067769381,1.3536355528716433,1.3164468732929293,1.2731717335340855,1.224903189825035,1.172859721108105,1.1182509469151285,1.06218926439881,1.0056419395362746,0.949413356352572,0.8941470288231851,0.8403389539945253,0.7883563180086057,0.7384577042060921,0.6908125600789429,0.645518774864077,0.6026179093558907,0.562108022208751,0.5239542509556432,0.5126489511971541,0.5050730178355713,0.4975969018333367,0.4902198697872838,0.4829411626586141,0.4757599978184367,0.4686755709912628,0.4616870581007731,0.4547936170223395,0.447994389245373,0.4412885014504125,0.4346750670039084,0.4281531873747277,0.4217219534753699,0.4153804469322257,0.4091277412864583,0.4029629031302269,0.3968849931803173,0.3908930672921919,0.3849861774172917,0.3791633725062149,0.3734236993601846,0.3677662034333383,0.3621899295881077,0.3566939228059148,0.3512772288552908,0.3459388949195148,0.3406779701856361,0.3354935063968532,0.3303845583698866,0.3253501844792146,0.3203894471096686,0.3155014130790388,0.3106851540320943,0.3059397468075617,0.3012642737792402,0.2966578231727629,0.2921194893590544,0.2876483731257866,0.2832435819279191,0.2789042301183742,0.2746294391599466,0.2704183378193253,0.2662700623442569,0.2621837566213164,0.2581585723350095,0.2541936690783734,0.2502882144919598,0.2464413843514402,0.2426523626719494,0.232836152224979,0.2290011633496958,0.2252281345275517,0.2215161243808218,0.2178642028225312,0.2142714510825133,0.210736961722674,0.2072598386347959,0.2038391970696111,0.2004741635635163,0.1971638759620674,0.1939074833849021,0.1907041461735312,0.1875530358659631,0.1844533351297305,0.1814042377159194,0.1784049483957872,0.1754546828945687,0.1725526678176742,0.1696981405904713,0.1668903493480963,0.1641285528814802,0.1614120205550919,0.1587400321851918,0.1561118779747588,0.1535268584121843,0.1509842841809749,0.1484834760352832,0.146023764736898,0.1436044909329018,0.1412250050541285,0.1388846672009047,0.1365828470572633,0.1343189237731844,0.1320922858353461,0.1299023310367104,0.1277484662749489,0.1256301074469792,0.1235466794322154,0.1214976158871753,0.119482359194571,0.1175003603162739,0.1155510787022137,0.1136339821844,0.1117485468493918,0.1098942569491048,0.1080706047779323,0.1062770905775725,0.1045132224236772,0.1027785161088407,0.0954235596175878,0.0918463927190148,0.088402933733044,0.0850882272957089,0.0818974970658532,0.0788261397874383,0.0758697194577558,0.0730239616423905,0.0702847479670971,0.0676481107263676,0.0651102276574996,0.0626674168651201,0.0603161318933545,0.0580529569341763,0.055874602203934,0.053777899450033,0.0517597975980743,0.04981735855583,0.0479477531318244,0.0461482570982293,0.0444162473953935,0.0427491984486136,0.0411446786172717,0.0396003467636815,0.038113948942507,0.0366833152025239,0.0353063565015844,0.0339810617307223,0.0327054948406871,0.0314777920746458,0.0302961592942616,0.029158869406586,0.0280642598801181,0.0270107303511719,0.0259967403185679,0.0250208069181262,0.0240815027824399,0.0231774539751238,0.0223073380028434,0.0214698818987546
0.0003435670291517625,1.4197539568885995,1.4018498367245067,1.3769135701809887,1.3448075879307548,1.3059838606102403,1.2613304060602375,1.2119872046858633,1.1591813268547952,1.1041042863001516,1.0478347655017644,0.991299396231276,0.9352609489460112,0.8803239224733949,0.8269497287581866,0.775476070648639,0.726137122100994,0.6790825904475458,0.634394721073701,0.5921029111010373,0.5521959451973681,0.540358349714745,0.5324226119082559,0.5245890538621713,0.5168570513631278,0.5092259464102576,0.5016950496578024,0.4942636427409739,0.4869309804884935,0.4796962930251696,0.4725587877719934,0.4655176513447834,0.4585720513575325,0.4517211381338428,0.4449640463306409,0.4382998964776823,0.4317277964367507,0.425246842783997,0.4188561221185737,0.4125547123016049,0.4063416836274951,0.4002160999316554,0.3941770196370092,0.38822349674223,0.3823545817543585,0.3765693225684252,0.3708667652965761,0.3652459550489073,0.3597059366685561,0.3542457554229731,0.3488644576535915,0.3435610913859038,0.3383347069017498,0.333184357275753,0.3281090988776038,0.3231079918418629,0.3181801005069047,0.3133244938244622,0.3085402457413594,0.3038264355546609,0.2991821482417244,0.2946064747662962,0.2900985123619697,0.2856573647940818,0.2812821426012099,0.2769719633172833,0.2727259516753197,0.268543239793786,0.2644229673464353,0.260364281711966,0.2563663381299731,0.2460077498646568,0.2419604362689607,0.2379782843014812,0.23406031548173,0.2302055624590618,0.2264130690624115,0.2226818903590934,0.2190110926963495,0.2153997537303644,0.2118469624483401,0.2083518191619906,0.2049134355488461,0.2015309345708493,0.1982034505188027,0.1949301289571435,0.1917101266831112,0.1885426117131173,0.1854267632026797,0.1823617714125333,0.1793468376423432,0.1763811741670815,0.1734640041645693,0.1705945616541778,0.1677720914024827,0.1649958488347878,0.1622651000011271,0.159579121418946,0.1569372000240407,0.154338633067805,0.151782728031177,0.1492688024886246,0.1467961840623697,0.1443642102861084,0.141972228512425,0.1396195957973736,0.1373056788209278,0.1350298537463629,0.1327915061382362,0.1305900308282137,0.1284248318950866,0.1262953223732991,0.1242009243341982,0.1221410686711338,0.1201151950228885,0.1181227516533684,0.1161631953465353,0.1142359912944957,0.1123406129948762,0.1104765421290086,0.1086432684676495,0.1008701715531349,0.097089510648715,0.0934500895322102,0.0899466817975293,0.0865742489749723,0.0833279343746666,0.0802030570644073,0.0771951059773042,0.0742997341805464,0.0715127532769123,0.068830127960734,0.0662479707172448,0.0637625366875605,0.0613702186530552,0.059067542202462,0.0568511610270593,0.054717852364811,0.0526645125847585,0.050688152924591,0.0487858953507005,0.0469549685653092,0.0451927041405824,0.0434965327859481,0.0418639807369686,0.040292666273303,0.0387802963523854,0.0373246633592955,0.035923641974202,0.0345751861432705,0.0332773261625236,0.0320281658609685,0.0308258798860989,0.0296687110845443,0.0285549679782778,0.0274830223305172,0.0264513068011998,0.0254583126849575,0.0245025877332364,0.0235827340544201,0.0226974060915925
0.00040594663930468516,1.428958961215435,1.4158261493140016,1.3961851443997857,1.3694163585382186,1.3355420477910664,1.2951416500755717,1.2491843701980792,1.1988463732301031,1.1453554071233845,1.0898799423185914,1.0334624766665803,0.9769882993813346,0.9211789682496544,0.8666009735472612,0.8136824085439828,0.7627328034217116,0.7139631563558104,0.6675045324512283,0.6234244753296009,0.581741006371358,0.5693612229481869,0.5610583263051189,0.5528595116441427,0.5447642963621321,0.5367721543573799,0.5288825189501377,0.5210947856315641,0.5134083147088103,0.5058224338140718,0.4983364402943971,0.4909496034859891,0.4836611668759322,0.4764703501626845,0.4693763512007729,0.4623783478656009,0.4554754998096554,0.4486669501357336,0.4419518269819446,0.4353292450246282,0.4287983069030717,0.4223581045673558,0.4160077205561602,0.4097462292045005,0.4035726977862388,0.3974861875938271,0.3914857549583661,0.3855704522124539,0.3797393285987052,0.3739914311263499,0.3683258053783766,0.3627414962715418,0.3572375487714616,0.351813008564968,0.3464669226917091,0.3411983401370361,0.3360063123879312,0.3308898939538932,0.3258481428544149,0.3208801210747359,0.3159848949913447,0.3111615357689058,0.3064091197298326,0.3017267286980031,0.2971134503178987,0.2925683783503777,0.2880906129462841,0.283679260899135,0.279333435877568,0.2750522586393071,0.2708348572268409,0.259906327541578,0.2556358183595033,0.2514337934086011,0.2472992380366874,0.2432311483753125,0.2392285314638376,0.2352904053330412,0.2314157991195269,0.2276037531191812,0.2238533188503345,0.2201635590992439,0.2165335479534462,0.2129623708238107,0.2094491244546266,0.205992916928729,0.2025928676575148,0.1992481073615593,0.1959577780436338,0.1927210329755417,0.1895370366351781,0.1864049646603061,0.1833240038195882,0.1802933519361043,0.1773122178290687,0.1743798212458926,0.1714953927863686,0.1686581738431138,0.165867416476731,0.1631223834077808,0.1604223478482098,0.1577665934611934,0.1551544142527271,0.1525851144792955,0.1500580085586674,0.147572420933341,0.1451276860247878,0.1427231481061139,0.1403581611737868,0.1380320888814384,0.1357443044139283,0.1334941903825295,0.1312811387144483,0.1291045505492658,0.1269638361288305,0.1248584146861643,0.1227877143401498,0.1207511719793733,0.1187482331553941,0.1167783519754495,0.1148409909863239,0.1066262955954986,0.1026307013543725,0.0987842886064239,0.0950815466523901,0.0915171618922549,0.0880860115136744,0.0847831572247131,0.0816038392205896,0.0785434702085103,0.0755976296117026,0.0727620579029437,0.0700326510925472,0.06740545537,0.0648766618799135,0.0624426016646296,0.0600997407481545,0.0578446753680239,0.0556741273471758,0.0535849396316955,0.0515740719453483,0.0496385965987803,0.0477756944314281,0.0459826508876921,0.0442568522226194,0.0425957818404931,0.040997016748729,0.0394582241457789,0.0379771581137527,0.036551656435905,0.0351796375191819,0.0338590974297195,0.0325881070293031,0.0313648092157637,0.0301874162604238,0.0290542072418337,0.0279635255718132,0.0269137766104574,0.0259034253654239,0.0249309942791889,0.0239950610918084
0.00047965217841079596,1.4351976193211875,1.426165351839571,1.4114724861562808,1.390054511415668,1.3614553272990388,1.3258511444254466,1.283937706277735,1.2367533989259434,1.1855004756623786,1.1314002255694855,1.0755938269548444,1.0190856379428133,0.9627192351575444,0.9071755596474388,0.8529841927759418,0.8005412029434886,0.7501292473310129,0.7019373512490806,0.6560789968274744,0.6126079281957721,0.5996791371673322,0.5910036523555233,0.5824335629474675,0.5739685663755705,0.5656083051028785,0.5573523700490781,0.5492003038622563,0.541151604041861,0.5332057259177889,0.5253620854912957,0.5176200621421374,0.5099790012086528,0.5024382164427919,0.4949969923470706,0.4876545863990187,0.4804102311655311,0.4732631363106421,0.4662124905064465,0.4592574632447899,0.4523972065581139,0.44563085665165,0.4389575354515484,0.4323763520717254,0.4258864042038892,0.4194867794335997,0.4131765564863542,0.4069548064033405,0.4008205936602851,0.3947729772150937,0.388811011504284,0.382933747380645,0.3771402329980814,0.3714295146456955,0.3658006375334551,0.360252646531759,0.3547845868670276,0.3493955047755237,0.3440844481173085,0.3388504669522663,0.3336926140800866,0.3286099455459428,0.3236015211134398,0.3186664047066761,0.3138036648226591,0.3090123749157739,0.3042916137555786,0.2996404657593238,0.2950580213004209,0.2905433769941375,0.2860956359616105,0.2745686530288485,0.2700636869965485,0.2656306445058173,0.2612684762319278,0.2569761431275562,0.2527526165673404,0.2485968785344894,0.2445079217379085,0.2404847497651698,0.236526377190498,0.2326318296366747,0.2288001438751022,0.2250303678818531,0.2213215608876698,0.2176727934150692,0.2140831473038629,0.2105517157258769,0.2070776031877568,0.2036599255269139,0.2002978099105944,0.1969903947866675,0.1937368298706552,0.190536276114193,0.1873879056380237,0.1842909017111123,0.181244458675392,0.1782477818892395,0.175300087661062,0.1724006031752931,0.1695485664318329,0.166743226135961,0.1639838416403064,0.1612696828754508,0.1586000302119028,0.1559741744024384,0.1533914164933476,0.150851067675326,0.1483524492623516,0.1458948925373646,0.1434777386733806,0.141100338614661,0.1387620529792732,0.1364622519497529,0.1342003151789557,0.1319756316675185,0.1297875996594769,0.1276356265364982,0.1255191287070519,0.1234375315015662,0.1213902690427167,0.1127092593107558,0.1084866747521677,0.1044216428383543,0.1005083549775015,0.0967412090822919,0.0931148030763032,0.0896239285071279,0.0862635642741025,0.0830288704785661,0.0799151824221429,0.0769180047262308,0.0740330056125301,0.0712560113187199,0.0685830006686546,0.0660100997883216,0.0635335769748422,0.0611498377157442,0.0588554198491302,0.0566469888799191,0.0545213334415558,0.0524753608917625,0.0505060930576763,0.04861066211666,0.0467863066107831,0.0450303675981828,0.0433402849252257,0.041713593634247,0.0401479204893665,0.038640980620038,0.0371905742871713,0.035794583753929,0.0344509702723385,0.0331577711761962,0.031913097066101,0.0307151291203233,0.0295621164675669,0.0284523736822157,0.0273842783554094,0.0263562687570928,0.0253668415848673
0.00056674003422786,1.439102419691765,1.4333434026876004,1.4230006845598435,1.4066782395936777,1.383454025209097,1.3530366741006157,1.315748655717074,1.2723902768409134,1.224057396836407,1.1719689683824923,1.1173334548859153,1.0612611420693812,1.00471676147246,0.9485021052470172,0.8932582589448138,0.8394790679394727,0.7875298850078101,0.7376677765848747,0.6900609644437163,0.6448063675362911,0.6313256141531457,0.6222745467276458,0.6133294474731696,0.6044902391272032,0.595756775968781,0.5871288478358171,0.5786061839673169,0.5701884566793297,0.5618752848780679,0.5536662374161027,0.5455608362956151,0.5375585597270852,0.5296588450450226,0.521861091488412,0.514164662849777,0.5065688899984165,0.4990730732822566,0.4916764848134453,0.4843783706420893,0.4771779528229655,0.470074431379077,0.4630669861670103,0.4561547786476519,0.4493369535667463,0.4426126405485747,0.435980955607242,0.4294410025785596,0.4229918744764261,0.4166326547767259,0.4103624186323123,0.4041802340219252,0.3980851628361798,0.3920762619034757,0.3861525839585141,0.3803131785561919,0.3745570929333223,0.3688833728206651,0.3632910632075851,0.3577792090616138,0.352346856004995,0.3469930509503154,0.341716842697238,0.3365172824920519,0.3313934245520508,0.3263443265563027,0.3213690501044884,0.3164666611454824,0.3116362303770369,0.3068768336180674,0.3021875521549391,0.2900327157686542,0.2852816609425718,0.2806060790578652,0.2760048883789798,0.2714770166650681,0.2670214014276282,0.2626369901563138,0.2583227405573243,0.2540776207123272,0.2499006092221219,0.2457906954283701,0.2417468794827909,0.2377681724866755,0.2338535965719883,0.2300021849941918,0.2262129821946518,0.2224850438548424,0.2188174369373025,0.2152092397147761,0.211659541788193,0.2081674440926738,0.2047320588953778,0.2013525098024641,0.1980279317037844,0.1947574707677591,0.1915402844081308,0.1883755412396645,0.185262421014215,0.182200114593148,0.1791878238694057,0.1762247617072505,0.1733101518687496,0.1704432289589028,0.1676232383113271,0.1648494359239317,0.1621210884380892,0.1594374728956527,0.1567978768046528,0.154201597972013,0.1516479444082595,0.1491362342482299,0.1466657956398862,0.1442359666440914,0.1418460951395466,0.1394955387031971,0.1371836645150788,0.1349098492515881,0.1326734789771831,0.1304739490339981,0.1283106639327684,0.1191373097635518,0.1146750316965447,0.1103791269368811,0.1062434750816996,0.1022621718446897,0.0984295224372796,0.0947400350033817,0.0911884141948481,0.0877695548351509,0.0844785357164244,0.0813106135407115,0.0782612169641639,0.0753259408237941,0.0725005404765208,0.0697809263094978,0.0671631583847517,0.0646434412395128,0.0622181188428129,0.0598836696827204,0.0576367020192314,0.0554739492771621,0.0533922655829303,0.0513886214433363,0.0494600995614883,0.0476038907949075,0.0458172902440146,0.0440976934677861,0.0424425928359016,0.0408495739959049,0.0393163124667256,0.0378405703492954,0.0364201931490094,0.0350531067129148,0.0337373142718293,0.0324708935879837,0.0312519942053744,0.0300788347953666,0.0289497006000104,0.0278629409656964,0.0268169669666283
0.0006696399617339174,1.4413268624201767,1.437965908498276,1.4311880944037172,1.4194433170423768,1.4014312496546073,1.3763824120940995,1.3441687200707229,1.3052497112269252,1.2605182005411235,1.2111162562416862,1.1582708911572983,1.1031721265538663,1.0468963597467364,0.9903676313120732,0.9343461375452992,0.8794340080085254,0.8260905807450583,0.7746518072636693,0.7253504227155685,0.6783349788284738,0.6643041023875687,0.6548774921126116,0.6455565040680619,0.6363413392374089,0.627232114413046,0.618228866867635,0.6093315588348208,0.6005400818036606,0.5918542606323774,0.5832738574861963,0.5747985756044813,0.5664280629025256,0.5581619154132856,0.5499996805744415,0.5419408603660992,0.5339849143039985,0.5261312622943484,0.5183792873536861,0.5107283382033281,0.5031777317327657,0.4957267553530993,0.4883746692297818,0.4811207084078016,0.4739640848316964,0.4669039892644103,0.4599395931095443,0.4530700501410621,0.4462944981443129,0.4396120604722897,0.4330218475206556,0.4265229581253274,0.4201144808859938,0.4137954954183155,0.4075650735391088,0.4014222803865661,0.395366175478811,0.389395813713745,0.3835102463126352,0.3777085217102344,0.3719896863940053,0.3663527856944113,0.3607968645291062,0.3553209681029139,0.3499241425657028,0.3446054356303805,0.339363897152368,0.3341985796737318,0.3291085389316503,0.3240928343349391,0.319150529409022,0.3063376349927375,0.3013285172184591,0.2963985224823369,0.2915465397703867,0.2867714665140305,0.2820722089397506,0.2774476823893312,0.2728968116120162,0.2684185310302494,0.2640117849865229,0.2596755279216226,0.2554087246696225,0.2512103504992664,0.2470793913598316,0.2430148439900538,0.2390157160342813,0.2350810261459416,0.2312098040735771,0.227401090732268,0.2236539382613499,0.2199674100692804,0.2163405808664146,0.2127725366865108,0.2092623748878102,0.2058092041933903,0.2024121446227964,0.1990703275159446,0.1957828955001035,0.1925490024426468,0.1893678134495599,0.1862385047559019,0.1831602637378749,0.1801322888189303,0.1771537894146774,0.174223985864711,0.1713421093588292,0.1685074018659703,0.1657191160423317,0.1629765151396824,0.1602788730058309,0.1576254738090293,0.1550156121365383,0.1524485927885651,0.1499237307267764,0.1474403509523368,0.1449977884114376,0.1425953879065084,0.1402325039612846,0.1379085007451035,0.1356227519580754,0.1259296522018925,0.121214302347452,0.1166746163008137,0.1123041477398609,0.1080966762238556,0.1040462004406877,0.1001469315611711,0.0963932866540999,0.0927798821836816,0.0893015276434451,0.0859532192906099,0.0827301340128941,0.0796276233330268,0.0766412075547844,0.073766570039389,0.070999551650404,0.0683361453312316,0.0657724908361481,0.0633048696137506,0.0609296998434537,0.0586435316000907,0.0564430421967085,0.054325031650534,0.0522864182959378,0.050324234541734,0.0484356227679643,0.0466178313476178,0.0448682108114308,0.0431842101373303,0.0415633731654837,0.0400033351351472,0.038501819342034,0.0370566339121012,0.0356656686853966,0.0343268922118836,0.0330383488530315,0.0317981559831177,0.0306045012945807,0.0294556401966464,0.0283498933080245
0.0007912228733972143,1.4424605877035572,1.4406893181045868,1.436604216289781,1.4287056226712629,1.415473584928066,1.395721998522707,1.36884093483549,1.3348617124298654,1.2943705778762455,1.2483407247140088,1.1979497251432532,1.14442478481347,1.088932588269272,1.0325132073992578,0.976049305648018,0.9202598975740564,0.8657091700757356,0.8128232227797748,0.7619099165201262,0.7131788873996111,0.6986056021931715,0.6888072223200385,0.6791129928948031,0.6695234545489361,0.6600390455334061,0.6506601071011474,0.6413868886841954,0.6322195528695291,0.6231581801769556,0.614202773644266,0.6053532632236657,0.5966095099936478,0.5879713101941155,0.5794383990856081,0.5710104546420647,0.562687101079954,0.5544679122153302,0.5463524147542719,0.5383400912227375,0.530430383039214,0.522622693237057,0.5149163891412426,0.5073108049035924,0.4998052439168522,0.4923989811118727,0.4850912651421464,0.4778813204612808,0.4707683492968015,0.4637515335252798,0.4568300364515923,0.4500030045000391,0.4432695688150496,0.4366288467813264,0.4300799434635056,0.4236219529698994,0.4172539597437563,0.4109750397847476,0.4047842618047172,0.3986806883197324,0.3926633766819693,0.3867313800538582,0.380883748327623,0.3751195289916552,0.3694377679479563,0.3638375102812719,0.3583178009830758,0.352877685632449,0.347516211035732,0.3422324258270718,0.3370253810316992,0.3235235327897042,0.3182440747947755,0.3130474778735125,0.3079326059515869,0.3028983300039627,0.2979435285161258,0.2930670879094866,0.2882679029330079,0.2835448770228548,0.27889692263182,0.2743229615302727,0.2698219250798639,0.2653927544824097,0.2610344010014555,0.2567458261767584,0.2525260019797026,0.2483739109985706,0.2442885465673631,0.2402689128917505,0.2363140251557596,0.2324229096125164,0.2285946036602497,0.2248281559042296,0.2211226262056344,0.217477085718067,0.2138906169125369,0.2103623135916157,0.2068912808834902,0.2034766352764017,0.2001175045438053,0.1968130277635903,0.1935623552753933,0.1903646486543695,0.18721908062614,0.1841248350773157,0.18108110695841,0.178087102232352,0.1751420378078417,0.1722451414649108,0.1693956517952417,0.1665928180916755,0.163835900294915,0.161124168893514,0.158456904839165,0.1558333994485903,0.1532529543132114,0.1507148812113259,0.1482185019858109,0.145763148466365,0.1433481623593808,0.1331064882379899,0.1281239841135534,0.1233269247175707,0.1187085235455855,0.1142622298063428,0.1099817216547827,0.105860899401099,0.1018938788537968,0.0980749846860407,0.0943987438924804,0.0908598793662782,0.0874533035902736,0.0841741124260652,0.0810175790745694,0.0779791481464293,0.0750544298866934,0.0722391945357182,0.0695293668496802,0.0669210207628829,0.0644103741975523,0.0619937840536129,0.0596677412649561,0.0574288661199059,0.0552739036354192,0.0531997191151373,0.051203293842346,0.0492817209097127,0.0474322011876037,0.0456520394262444,0.0439386404859787,0.0422895056956882,0.0407022293371047,0.0391744952495268,0.0377040735440195,0.0362888174459498,0.0349266602373823,0.0336156123092702,0.0323537583217109,0.0311392544599306,0.0299703257917448
0.0009348809377593553,1.442967221206565,1.4421336182049558,1.43989819737854,1.4349902078905408,1.4258708821546011,1.411074029507251,1.3895436315391014,1.3608332555032452,1.3251276142864228,1.2831284484423238,1.2358773328955377,1.184577286755612,1.130448618587237,1.07463046807851,1.0181246567838471,0.9617721207491094,0.906251300148976,0.8520895444004352,0.7996810103065451,0.7493067673035466,0.7342059084678312,0.7240440744998373,0.7139835546379533,0.7040252996685962,0.6941701371918014,0.6844187777522217,0.6747718207571441,0.6652297601824577,0.6557929900692743,0.6464618098136258,0.6372364292526492,0.628116973550564,0.619103487889444,0.6101959419686878,0.6013942343180669,0.5926981964292894,0.5841075967120958,0.5756221442737055,0.5672414925463655,0.558965242735304,0.5507929471262151,0.5427241122363087,0.5347582018223734,0.5268946397484479,0.5191328127204946,0.5114720728903841,0.5039117403366152,0.4964511054247622,0.4890894310538163,0.4818259547918471,0.474659890906259,0.4675904322928816,0.4606167523073536,0.4537380065045577,0.4469533342879032,0.4402618604742196,0.4336626967767637,0.4271549432105208,0.420737689422767,0.4144100159527816,0.4081709954233442,0.4020196936673943,0.3959551707927765,0.3899764821878352,0.3840826794706055,0.3782728113842353,0.372545924641141,0.3669010647182374,0.3613372766056894,0.3558536055111627,0.3416313647874305,0.336069038112134,0.3305933816673785,0.3252032398349446,0.3198974622333004,0.3146749043125346,0.3095344279064491,0.3044749017438362,0.2994952019215244,0.2945942123408275,0.2897708251097279,0.2850239409124034,0.280352469348086,0.2757553292407863,0.2712314489215999,0.2667797664850875,0.2623992300184076,0.2580887978240456,0.2538474385790827,0.2496741315295154,0.2455678666236032,0.2415276446436228,0.2375524773177023,0.2336413874155847,0.2297934088291717,0.2260075866388347,0.2222829771663141,0.2186186480150896,0.2150136780989173,0.2114671576593671,0.2079781882615739,0.2045458828372986,0.2011693656036422,0.1978477720929374,0.1945802491079562,0.1913659547020529,0.1882040580858681,0.1850937396545071,0.1820341908829027,0.1790246142780263,0.1760642233138654,0.1731522423572824,0.1702879066146612,0.1674704620142482,0.1646991651598017,0.1619732832312467,0.1592920938999672,0.1566548852294323,0.1540609555918075,0.1515096135673965,0.1406890528535517,0.1354245788667076,0.1303558414938876,0.1254756997915161,0.1207772583567258,0.1162538605651576,0.1118990817903621,0.1077067226381896,0.1036708022170408,0.0997855514825557,0.0960454066681518,0.0924450027925606,0.0889791673054269,0.0856429138291274,0.0824314360487155,0.0793401017136735,0.0763644468133581,0.0735001698570781,0.0707431263355947,0.0680893233183548,0.065534914190149,0.0630761935557445,0.0607095922806797,0.0584316726874346,0.0562391238950634,0.0541287573063821,0.0520975022328722,0.0501424016681579,0.0482606081908199,0.0464493800068456,0.0447060771230794,0.0430281576468635,0.0414131742156356,0.039858770544164,0.0383626780945261,0.0369227128567306,0.0355367722481018,0.0342028321167689,0.0329189438512295,0.0316832315957367
0.0011046222210856647,1.443161077633071,1.4428100217436275,1.4417118870481804,1.438928733143142,1.4330964702922335,1.4226600854512852,1.4062295699291507,1.3828919280631502,1.3523652690391434,1.3149798860437816,1.2715412351783617,1.2231475832111982,1.1710180500451426,1.1163597261784246,1.0602806442479602,1.0037429161051972,0.947545696024002,0.8923276208374897,0.8385803799110733,0.7866674976730957,0.7710624407053512,0.7605509358775888,0.7501362722787058,0.7398198908160506,0.7296030857286017,0.7194870114696155,0.7094726893802816,0.699561014151095,0.6897527600701067,0.6800485870577335,0.6704490464889519,0.6609545868047322,0.6515655589155943,0.6422822213983792,0.6331047454922566,0.6240332198964754,0.615067655374193,0.6062079891675562,0.5974540892282293,0.5888057582695025,0.5802627376432289,0.5718247110543854,0.5634913080791917,0.5552621076062633,0.5471366410168071,0.5391143952982977,0.531194815983501,0.5233773099574512,0.515661248132953,0.5080459679983856,0.5005307760437724,0.4931149500693999,0.4857977413817418,0.4785783768812938,0.471456061046734,0.4644299778195277,0.4574992923936327,0.4506631529137051,0.4439206920861839,0.4372710287067859,0.4307132691081594,0.4242465085313425,0.4178698324237811,0.4115823176681789,0.4053830337445142,0.3992710438283764,0.3932454058288548,0.3873051733684758,0.3814493967078318,0.3756771236177427,0.3607026995651248,0.3548447919609281,0.3490774131648029,0.343399395092207,0.3378095725813115,0.3323067841501506,0.3268898727000187,0.3215576861706289,0.3163090781491831,0.3111429084356539,0.3060580435668834,0.3010533573014053,0.2961277310673345,0.2912800543751058,0.2865092251972601,0.2818141503167188,0.2771937456456146,0.2726469365161177,0.2681726579448428,0.2637698548723667,0.2594374823792139,0.2551745058797112,0.2509799012948588,0.2468526552055646,0.2427917649872852,0.2387962389272159,0.2348650963249945,0.2309973675779849,0.2271920942520064,0.2234483291383952,0.2197651362982493,0.2161415910946609,0.2125767802136217,0.2090698016593002,0.2056197648154665,0.2022257903586602,0.1988870102440531,0.1956025677569215,0.1923716174122264,0.1891933249356091,0.1860668672135003,0.1829914322438706,0.1799662190752141,0.1769904377437665,0.1740633092073847,0.1711840652602363,0.1683519484842791,0.1655662121339373,0.1628261200757224,0.1601309466921734,0.1486996495893069,0.1431376285345456,0.137782167349281,0.1326257564803358,0.1276611416624438,0.1228813172404407,0.1182795194036904,0.113849219399644,0.1095841167671641,0.1054781325817092,0.1015254027683278,0.097720271483465,0.0940572846064556,0.0905311832940524,0.087136897701419,0.083869540780401,0.0807244022585996,0.0776969427105,0.0747827878066361,0.0719777226828247,0.0692776864808082,0.0666787670162873,0.0641771956187426,0.0617693420982103,0.0594517098792766,0.0572209312733146,0.0550737628989432,0.0530070812458761,0.051017878381425,0.0491032577942356,0.0472604303747244,0.0454867105302485,0.0437795124255617,0.0421363463578505,0.040554815248119,0.0390326112558026,0.0375675125134202,0.0361573799681679,0.0348001543407035,0.0334938531879047
0.0013051825125889047,1.4432228474310356,1.4430835445116583,1.4425997468392773,1.441175523827646,1.4377547171284584,1.4308957046999695,1.4190510742853228,1.400927618356096,1.3757652262953055,1.34344491287779,1.304433262281265,1.2596273703079313,1.2101709576444095,1.1572906505475742,1.1021747494848255,1.0458972198822316,0.989379424395437,0.9333789395686012,0.8784955067591965,0.8251863875581181,0.8091106424500515,0.7982697627639661,0.787519309479861,0.7768613029022652,0.7662975906166317,0.7558298550720776,0.745459620976491,0.7351882624953932,0.7250170102484899,0.7149469580979793,0.7049790697272527,0.6951141850056596,0.6853530261408329,0.6756962036173824,0.6661442219239486,0.6566974850706446,0.6473563018988943,0.6381208911876167,0.6289913865593094,0.6199678411899131,0.6110502323270469,0.6022384656217323,0.5935323792774951,0.5849317480234478,0.5764362869147757,0.5680456549676982,0.5597594586322585,0.5515772551120764,0.5434985555273618,0.5355228279415292,0.527649500240499,0.5198779628806565,0.5122075715062161,0.5046376494417436,0.4971674900647928,0.4897963590632835,0.4825234965822413,0.4753481192645262,0.4682694221896473,0.4612865807152838,0.4543987522252478,0.4476050777881453,0.4409046837303121,0.4342966831271985,0.427780177216073,0.4213542567340834,0.4150180031851703,0.408770490037977,0.4026107838591778,0.3965379453842238,0.3807794363305969,0.3746131377182334,0.3685412483659069,0.3625625966629462,0.3566760110135344,0.3508803207826617,0.3451743571815806,0.3395569540948835,0.3340269488524895,0.3285831829494632,0.3232245027162526,0.3179497599420844,0.3127578124538552,0.3076475246530437,0.3026177680127802,0.2976674215369273,0.2927953721843171,0.2880005152581948,0.2832817547645773,0.2786380037401823,0.2740681845519161,0.2695712291695324,0.2651460794128442,0.2607916871657889,0.256507014623409,0.2522910343787106,0.2481427296745268,0.2440610944976629,0.2400451337107586,0.2360938631581038,0.2322063097557246,0.2283815115666197,0.2246185178620566,0.2209163891698086,0.2172741973100931,0.2136910254200199,0.2101659679659381,0.2066981307351902,0.2032866309084642,0.1999305968739752,0.1966291683842463,0.1933814964339787,0.1901867432449088,0.1870440821965137,0.1839526978128738,0.1809117856824074,0.1779205524014344,0.1749782155072842,0.1720840034035015,0.1692371553008501,0.1571616829374568,0.1512857484456333,0.1456277483470715,0.1401797906369429,0.1349342481289651,0.1298837519284216,0.125021184778004,0.1203396743286936,0.1158325863505219,0.1114935179770822,0.1073162909038779,0.1032949447089142,0.099423730175736,0.0956971027441128,0.0921097160266438,0.0886564154631606,0.0853322320791098,0.0821323763787981,0.0790522323764547,0.0760873517726629,0.0732334482503118,0.0704863919542531,0.0678422041002768,0.0652970517272678,0.0628472426146178,0.0604892203399801,0.0582195594861158,0.0560349609970066,0.0539322476779483,0.0519083598357403,0.0499603510604104,0.0480853841463333,0.0462807271459941,0.044543749553957,0.0428719186191135,0.0412627957895922,0.039714033267697,0.0382233706902031,0.0367886319242969,0.0354077219732623
0.0015421574531549972,1.443238710944316,1.4431765590020087,1.4429780209387,1.442322372044812,1.440502457742608,1.4363488152544766,1.4283611108522904,1.4150235823557322,1.3951581382695166,1.3681643067979077,1.3340819576904888,1.2935035273766085,1.247405614611914,1.1969667219801072,1.1434131605655482,1.0879095889408916,1.0314935013106916,0.9750448473751088,0.9192800536012355,0.8647609862853156,0.8482599543154853,0.8371176685212518,0.8260571157929287,0.815080993455914,0.8041917978716023,0.7933918325808804,0.7826832163107498,0.7720678908241868,0.7615476286017279,0.7511240403402923,0.7407985822600528,0.7305725632129354,0.7204471515855038,0.7104233819927595,0.7005021617606206,0.6906842771949112,0.6809703996370514,0.671361091307313,0.6618568109371279,0.6524579191923799,0.6431646838912681,0.6339772850197981,0.6248958195491261,0.615920306058204,0.6070506891679208,0.5982868437895568,0.5896285791943195,0.5810756429080007,0.5726277244362901,0.5642844588263437,0.5560454300693372,0.5479101743498125,0.5398781831471223,0.5319489061933722,0.524121754294802,0.5163961020194301,0.508771290257965,0.5012466286617352,0.4938213979630367,0.4864948521820429,0.4792662207254159,0.4721347103806678,0.4650995072107006,0.4581597783527751,0.4513146737258386,0.4445633276502023,0.4379048603832653,0.4313383795752392,0.4248629816478373,0.4184777530999385,0.4019034484603762,0.3954159591007877,0.3890267467917353,0.3827346475664628,0.3765384938514158,0.3704371156403435,0.3644293415955641,0.3585140000801101,0.3526899201242912,0.3469559323299161,0.3413108697154809,0.3357535685053253,0.3302828688656181,0.3248976155900562,0.3195966587377832,0.3143788542261571,0.3092430643806699,0.3041881584443711,0.2992130130489479,0.294316512649483,0.2894975499249082,0.2847550261460252,0.2800878515128126,0.2754949454628121,0.2709752369520797,0.266527664710322,0.2621511774716383,0.2578447341822701,0.2536073041865631,0.2494378673926036,0.2453354144184433,0.2412989467202712,0.2373274767034576,0.2334200278174571,0.2295756346357321,0.2257933429213419,0.2220722096792213,0.2184113031959816,0.2148097030678846,0.211266500217834,0.2077807969019765,0.2043517067075954,0.2009783545311738,0.1976598765908359,0.1943954203512571,0.1911841445246626,0.1880252189966693,0.184917824813288,0.1818611541024315,0.1788544100193674,0.1660996868444449,0.1598926572103191,0.1539155069071965,0.1481599481615692,0.1426179671651365,0.137281817818233,0.1321440152842178,0.1271973293792754,0.1224347778649735,0.1178496197037536,0.1134353482630262,0.1091856845464276,0.1050945704504261,0.1011561620831775,0.0973648231568278,0.0937151184747529,0.0902018075202485,0.0868198381687891,0.0835643405113419,0.080430620857768,0.0774141557729126,0.0745105863973524,0.0717157128057957,0.0690254885582144,0.0664360153909268,0.0639435380637263,0.0615444393480921,0.0592352351674141,0.05701256989995,0.0548732117874401,0.0528140485304712,0.0508320830069647,0.0489244291257581,0.0470883078199737,0.0453210431747885,0.0436200586821148,0.0419828736258568,0.0404070995846707,0.0388904370602433,0.0374306722193342
0.0018221586539679533,1.4432418711897703,1.4432023468978694,1.4431148151002855,1.442835686821165,1.4419614905867428,1.4396685530907485,1.434682914848899,1.425466750064728,1.4105594439236588,1.3889136476537147,1.3600922397902158,1.3242877839057476,1.2822072925234411,1.2348948748322848,1.183553795923672,1.1294030077131476,1.0735793593438396,1.0170819792544947,0.9607490740122288,0.9052565391892234,0.888389400374238,0.8769826085095819,0.8656462162880201,0.8543837018247687,0.8431983126046969,0.8320930739206285,0.8210707972638905,0.8101340886381084,0.7992853567688479,0.788526821186898,0.7778605201651608,0.7672883184941023,0.756811915081316,0.7464328503645848,0.7361525135299616,0.725972149527356,0.7158928658799654,0.705915639282226,0.6960413219865038,0.686270647975439,0.6766042389217992,0.6670426099363185,0.6575861751055011,0.6482352528217322,0.6389900709099338,0.6298507715528082,0.6208174160195473,0.611889989204659,0.6030684039760108,0.5943525053428722,0.5857420744464074,0.5772368323769762,0.5688364438252319,0.5605405205714851,0.552348624818719,0.5442602723745589,0.5362749356880574,0.5283920467445369,0.5206109998274842,0.5129311541469116,0.5053518363465194,0.4978723428862528,0.4904919423119671,0.4832098774128094,0.4760253672729614,0.4689376092194156,0.4619457806743035,0.455049040911465,0.4482465327240413,0.441537384006035,0.4241161382735876,0.4172948034219391,0.410575557903311,0.4039572592091522,0.3974387567579149,0.3910188933390736,0.3846965064708989,0.3784704296763005,0.3723394936807183,0.3663025275360868,0.3603583596744451,0.3545058188948874,0.3487437352872007,0.3430709410954151,0.3374862715243205,0.3319885654920808,0.3265766663314823,0.3212494224427668,0.3160056879003894,0.3108443230162972,0.3057641948619279,0.300764177751207,0.2958431536865823,0.2910000127701799,0.2862336535818606,0.2815429835261299,0.2769269191494151,0.2723843864296766,0.2679143210394536,0.263515668584257,0.2591873848173856,0.2549284358327772,0.2507377982368488,0.246614459300818,0.2425574170820664,0.2385656806024365,0.2346382698243267,0.2307742158590789,0.2269725609751198,0.2232323586667543,0.2195526736978462,0.2159325821334274,0.2123711713601694,0.2088675400961858,0.2054207983915219,0.2020300676094038,0.1986944804429498,0.1954131808387166,0.1921853239970016,0.1890100763294891,0.1755393478806124,0.1689832020005708,0.1626694687645437,0.1565894521064151,0.1507347385029194,0.1450971911307625,0.139668943724904,0.1344423942107676,0.1294101981618616,0.1245652621385259,0.1199007369506756,0.1154100108721773,0.111086702887597,0.1069246558867324,0.1029179299945299,0.0990607959140045,0.0953477283669993,0.0917733996380172,0.0883326732232221,0.0850205976224917,0.0818324002254308,0.0787634813724181,0.0758094085244992,0.0729659106025819,0.0702288724561765,0.0675943294987263,0.0650584624685686,0.0626175923682975,0.0602681755287219,0.0580067988391451,0.0558301751057222,0.0537351385752916,0.051718640584646,0.049777745358883,0.0479096259394001,0.0461115602580403,0.0443809273275529,0.0427152035719606,0.0411119592738693,0.0395688551512268
0.0021529981607504452,1.443242338109076,1.4432079677050302,1.4431555857659757,1.4430324164507404,1.4426456597291728,1.4414982338050035,1.4386478043842177,1.432728489397978,1.4221878748220322,1.4056427443314523,1.3821891699826172,1.3515542013764863,1.3140751481398465,1.270561776185451,1.2221140301661524,1.1699506326414069,1.115276900663002,1.0591983500170414,1.0026743117919008,0.9465012129979185,0.929342882482085,0.9177187388301284,0.906150646528399,0.894642970381551,0.8831998148254834,0.8718250322099681,0.8605222311838817,0.8492947851316863,0.838145840621281,0.8270783258225362,0.8160949588656655,0.8051982561096478,0.7943905402962829,0.7836739485686999,0.773050440336572,0.7625218049727553,0.7520896693295165,0.7417555050642419,0.731520635766034,0.7213862438790806,0.7113533774162225,0.7014229564619693,0.6915957794620751,0.6818725293001678,0.6722537791616002,0.6627399981860623,0.6533315569116038,0.6440287325124637,0.634831713834324,0.6257406062309806,0.6167554362062552,0.6078761558665114,0.5991026471872971,0.5904347261006317,0.581872146406608,0.5734146035156124,0.5650617380257923,0.5568131391412118,0.5486683479368264,0.5406268604736443,0.5326881307718012,0.5248515736442894,0.5171165673987215,0.5094824564103637,0.501948553572249,0.4945141426270686,0.4871784803854646,0.4799407988351473,0.4728003071456618,0.4657561935727514,0.4474578858305509,0.4402903618789088,0.43322863132426,0.4262715900650947,0.4194181204610899,0.4126670930961118,0.4060173684394415,0.3994677984101661,0.3930172278493921,0.3866644959049187,0.3804084373324898,0.3742478837180188,0.3681816646244659,0.36220860866739,0.3563275445226408,0.35053730186963,0.3448367122736115,0.3392246100099552,0.333699832833468,0.3282612226956689,0.3229076264126402,0.3176378962861533,0.3124508906804258,0.3073454745569954,0.3023205199698162,0.2973749065227871,0.2925075217917804,0.2877172617129641,0.2830030309393844,0.2783637431675196,0.2737983214354034,0.2693056983939923,0.2648848165532048,0.2605346285040804,0.2562540971184232,0.252042195727204,0.2478979082789517,0.2438202294792555,0.2398081649125615,0.2358607311472061,0.2319769558247388,0.2281558777345082,0.2243965468743002,0.2206980244979673,0.2170593831508197,0.213479706693522,0.209958090313328,0.2064936405359457,0.2030854752050505,0.1997327234737571,0.1855075213982855,0.1785833775737487,0.1719147843756984,0.1654926260546504,0.1593080771655871,0.1533525973345544,0.1476179255398724,0.1420960741305751,0.1367793225334461,0.131660210790187,0.1267315329460578,0.1219863303376695,0.1174178848348043,0.1130197120529623,0.10878555458807,0.1047093752733998,0.1007853505131022,0.0970078636760214,0.0933714985991627,0.0898710331831233,0.0865014331190118,0.0832578457310329,0.0801355939588098,0.0771301704782688,0.0742372319632766,0.0714525934951451,0.068772223124727,0.0661922365729537,0.063708892095687,0.0613185854847946,0.059017845228529,0.0568033278095757,0.0546718131571083,0.0526202002367484,0.0506455027831313,0.0487448451688501,0.0469154584199368,0.0451546763387133,0.0434599317886722,0.0418287530770995
0.0025439064101804216,1.4432423866469588,1.4432088906526892,1.4431652607043473,1.4430951975511648,1.4429226534591049,1.4423947532702062,1.4409112504169046,1.4374125828154518,1.4304569658518749,1.4185012145219935,1.4002599106135134,1.3749821368543176,1.342557263726391,1.3034579430780049,1.258584589441697,1.2090817677149426,1.1561751067491488,1.10105076086031,1.0447799881329978,0.9882813081320642,0.9709243574876542,0.959141598191986,0.947397158994402,0.9356963928649872,0.9240443647367412,0.9124458589378156,0.9009053869496204,0.8894271954192389,0.8780152743608317,0.8666733654879764,0.8554049706250454,0.8442133601513261,0.8331015814378459,0.822072467240947,0.8111286440213226,0.8002725401624572,0.7895063940648395,0.7788322620958393,0.7682520263798185,0.7577674024140331,0.7473799464991829,0.7370910629754193,0.7269020112577298,0.7168139126644681,0.7068277570359416,0.6969444091409077,0.6871646148699818,0.6774890072160262,0.6679181120421668,0.6584523536402311,0.6490920600810499,0.6398374683607174,0.6306887293455701,0.6216459125206948,0.6127090105461718,0.6038779436235837,0.5951525636845338,0.5865326583947366,0.5780179549903094,0.5696081239462657,0.5613027824784185,0.5531014978946592,0.5450037907917327,0.5370091381035772,0.5291169760146088,0.5213267027296696,0.5136376811195302,0.5060492412380838,0.4985606827176461,0.4911712770497256,0.4719673715903639,0.4644418295119642,0.457025612307841,0.4497176749312774,0.4425169521529004,0.435422360699185,0.4284328012708812,0.4215471604490604,0.4147643124890351,0.4080831210155982,0.4015024406163766,0.3950211183429584,0.388637995122799,0.382351907086442,0.3761616868143361,0.3700661645070991,0.3640641690834614,0.3581545292086928,0.3523360742582869,0.3466076352190352,0.3409680455313707,0.3354161418757954,0.3299507649063579,0.3245707599337911,0.3192749775613472,0.3140622742751866,0.3089315129923515,0.3038815635682362,0.2989113032658049,0.2940196171886323,0.2892053986797367,0.2844675496880275,0.2798049811041994,0.275216613067689,0.2707013752464018,0.266258207090554,0.2618860580623346,0.2575838878425371,0.2533506665155234,0.2491853747339036,0.2450870038638444,0.241054556112427,0.2370870446378801,0.2331834936437898,0.2293429384582554,0.2255644255988764,0.2218470128244363,0.2181897691740801,0.2145917749948104,0.2110521219579827,0.1960322385141399,0.1887203371071736,0.1816777430350322,0.1748949109683894,0.1683625926058035,0.1620718321725913,0.1560139613676484,0.1501805938598759,0.1445636194128371,0.1391551977254563,0.1339477520437602,0.1289339626080478,0.1241067599817687,0.119459318315956,0.1149850485599776,0.1106775916946765,0.1065308119691756,0.1025387902095813,0.0986958171623698,0.0949963869703624,0.0914351907116279,0.0880071100674245,0.0847072111167505,0.0815307382520679,0.0784731082389156,0.0755299044076648,0.0726968710067197,0.0699699076838384,0.0673450641362679,0.0648185348907487,0.0623866542501223,0.0600458913797231,0.0577928455428561,0.055624241484501,0.0535369249610311,0.0515278584038187,0.0495941167347954,0.0477328833062289,0.0459414459843412,0.0442171933569815
0.0030057897594772454,1.443242389983774,1.4432089992487005,1.443167016069474,1.443111341476173,1.4430169417783072,1.4427770072253234,1.4420672640081056,1.4401767468052693,1.435933922780156,1.427840079645834,1.4143852089812206,1.3943997420924548,1.3672922465685018,1.3331101639047616,1.2924509537128823,1.2462935271089035,1.195816426389449,1.1422444095857758,1.086739658886536,1.030336803994472,1.0128931856066885,1.001023365645986,0.9891704211230442,0.9773407802520112,0.9655405608099564,0.9537755756974708,0.9420513391500642,0.9303730734966982,0.9187457163733476,0.907173928306314,0.8956621005889784,0.884214363383144,0.8728345939825043,0.8615264251828382,0.8502932537112105,0.8391382486684092,0.8280643599479883,0.817074326597693,0.806170685094477,0.7953557775077312,0.7846317595290995,0.7740006083509975,0.7634641303786786,0.7530239687625806,0.7426816107413615,0.732438394787556,0.7222955175493986,0.712254040584629,0.702314896883337,0.6924788971776894,0.6827467360392176,0.6731189977628467,0.6635961620399597,0.654178609422699,0.6448666265814192,0.6356604113598299,0.6265600776308562,0.6175656599576171,0.6086771180641302,0.599894341120483,0.591217151847256,0.5826453104445657,0.5741785183507481,0.5658164218359346,0.5575586154361679,0.549404645232847,0.5413540119831431,0.533406174106632,0.5255605505366394,0.5178165234168884,0.4976807494126269,0.4897861222313143,0.4820041007227857,0.4743337238897193,0.4667740025261499,0.4593239217959822,0.4519824436706384,0.44474850923408,0.4376210408605166,0.4305989442699984,0.4236811104689658,0.4168664175801934,0.4101537325678899,0.4035419128628584,0.3970298078925095,0.3906162605204459,0.3843001084001083,0.378080185246511,0.3719553220304324,0.3659243480987248,0.3599860922245488,0.354139383591101,0.348383052712164,0.3427159322927384,0.3371368580328899,0.3316446693776822,0.3262382102160255,0.3209163295311434,0.3156778820051626,0.3105217285802913,0.3054467369788579,0.300451782184455,0.2955357468862327,0.2906975218883751,0.2859360064866105,0.2812501088136648,0.2766387461551474,0.2721008452377983,0.2676353424913928,0.2632411842859214,0.2589173271453318,0.2546627379393589,0.2504763940543774,0.2463572835448367,0.2423044052661996,0.2383167689904408,0.2343933955052987,0.2305333166981127,0.226735575625217,0.2229992265677357,0.2071427013247913,0.1994223924583069,0.1919857774225385,0.1848228734590356,0.1779240000994798,0.1712797757168516,0.1648811133063682,0.158719215634795,0.1527855699812042,0.1470719423817386,0.1415703716119229,0.1362731628872032,0.131172881385768,0.1262623456133361,0.1215346207109189,0.1169830116674762,0.1126010565517631,0.1083825197522934,0.1043213852227729,0.1004118498385703,0.0966483168027611,0.0930253891400503,0.0895378633271214,0.0861807230194711,0.0829491329085921,0.0798384327221881,0.0768441313542951,0.0739619011442101,0.0711875723011597,0.0685171274794567,0.0659466964951702,0.0634725512048171,0.0610911005237259,0.0587988855956883,0.0565925751104303,0.0544689607690724,0.0524249528851918,0.0504575761345176,0.0485639654360443,0.046741361975892
0.0035515347742441166,1.443242390124862,1.4432090078815532,1.4431672482586857,1.443114560142581,1.4430430982816411,1.4429153000292505,1.4425848378098374,1.4416447973950686,1.4392685865945651,1.4341818348870867,1.424850203402027,1.4098201834071542,1.3880533823032286,1.3591212834545765,1.3232230555828803,1.2810696121960798,1.2337063650043796,1.1823358484462534,1.12817495044719,1.0723577540923728,1.054960091428616,1.0430885885001342,1.031208555463463,1.01932755412192,1.00745282322242,0.9955912807310968,0.9837495271995896,0.9719338500869992,0.960150228907706,0.9484043410903562,0.936701568441511,0.92504700411273,0.913445459984848,0.901901474387454,0.8904193200793502,0.8790030124255447,0.8676563177118365,0.8563827615430275,0.8451856372798453,0.8340680144720446,0.8230327472532407,0.8120824826637538,0.8012196688760392,0.7904465632983579,0.77976524053696,0.7691776001994146,0.7586853745258219,0.748290135835898,0.7379933037829819,0.727796152407291,0.7176998169837492,0.7077053006603904,0.6978134808846771,0.6880251156169231,0.6783408493308403,0.6687612188021934,0.6592866586868739,0.6499175068913423,0.6406540097386938,0.6314963269325692,0.622444536325375,0.6134986384922978,0.6046585611178237,0.5959241631989134,0.5872952390696553,0.578771522252953,0.5703526891441262,0.5620383625320262,0.5538281149627196,0.5457214719513854,0.5246306426509679,0.5163569246476483,0.5081987482639135,0.500155266629256,0.4922255950264991,0.4844088139795817,0.4767039721839776,0.4691100892776288,0.4616261584649102,0.4542511489984452,0.4469840085253839,0.4398236653045499,0.4327690303001389,0.4258189991581217,0.4189724540705904,0.4122282655335282,0.4055852940030036,0.3990423914548814,0.3925984028525036,0.3862521675270919,0.3800025204749997,0.3738482935760343,0.3677883167367389,0.3618214189624531,0.3559464293617613,0.3501621780866444,0.3444674972118994,0.3388612215564604,0.3333421894502831,0.3279092434490271,0.3225612309995537,0.3172970050589226,0.3121154246688705,0.3070153554888635,0.3019956702892353,0.2970552494069928,0.2921929811661107,0.2874077622643459,0.2826984981282783,0.2780641032384985,0.2735035014264104,0.2690156261443374,0.2645994207104127,0.2602538385296339,0.2559778432924724,0.2517704091523071,0.2476305208845748,0.2435571740170931,0.2395493749676742,0.2356061411318151,0.2188692631824211,0.2107190009100533,0.2028674560133944,0.1953042030000631,0.1880191221536274,0.1810023973442178,0.1742445129261202,0.1677362498164951,0.1614686809459578,0.1554331661606001,0.1496213466859656,0.1440251392183213,0.1386367297488569,0.1334485671571152,0.1284533566475923,0.1236440530723945,0.1190138541923804,0.1145561938877808,0.1102647353919058,0.1061333645467664,0.1021561830929434,0.0983275020477711,0.0946418351743717,0.0910938925457151,0.0876785742145878,0.084390964021588,0.0812263235329522,0.0781800861056355,0.0752478510993152,0.0724253782416072,0.0697085821273675,0.0670935268743897,0.064576420933668,0.06215361203946,0.0598215823115998,0.0575769435113068,0.0554164324339633,0.0533369064552437,0.0513353392082638,0.0494088164118797
0.004196367764210788,1.4432423901282037,1.4432090083142135,1.4431672694316169,1.4431150356686355,1.443048798828455,1.4429565115205962,1.442783166923607,1.442333070353282,1.441106140813221,1.4381584438554813,1.4321256304007963,1.4214606366184714,1.404788460589632,1.3812142347197125,1.350472902486857,1.3129072472942227,1.2693297529057144,1.2208406632265891,1.1686572375460098,1.1139822623143123,1.0967843762134184,1.085010959747109,1.0731995452391438,1.0613588381328911,1.049497224020069,1.037622765774385,1.0257432023426345,1.013865949022437,1.0019980990643214,0.9901464264442272,0.978317389665174,0.9665171364564376,0.9547515092457288,0.943026051294694,0.9313460133923996,0.9197163610143584,0.9081417818595948,0.8966266936905409,0.8851752524043985,0.8737913602731843,0.862478674298045,0.8512406146257655,0.840080372985069,0.8290009211032737,0.8180050190691275,0.8070952236120874,0.796273896273356,0.7855432114453484,0.774905164262794,0.764361578327985,0.7539141132589056,0.7435642720486184,0.7333134082288723,0.7231627328298644,0.71311332113342,0.7031661192149771,0.693321950273545,0.6835815207484447,0.6739454262235364,0.6644141571205462,0.6549881041826817,0.6456675637523059,0.6364527428450885,0.6273437640252327,0.6183406700849923,0.6094434285340824,0.6006519359023577,0.5919660218621757,0.5833854531742412,0.5749099374629325,0.5528449320037067,0.5441835384184989,0.5356401646341706,0.5272141138965408,0.5189046400904711,0.510710951426717,0.5026322139366365,0.4946675547879116,0.4868160654276654,0.479076804560872,0.4714488009712201,0.4639310561909412,0.4565225470268002,0.4492222279486632,0.4420290333465729,0.4349418796633755,0.4279596674072043,0.4210812830508453,0.4143056008227592,0.4076314843948335,0.4010577884721285,0.3945833602892373,0.3882070410178479,0.381927667089893,0.37574407144041,0.3696550846742274,0.3636595361601974,0.3577562550566923,0.3519440712716936,0.3462218163612894,0.3405883243689504,0.3350424326094008,0.3295829823995746,0.3242088197394255,0.3189187959453588,0.3137117682386547,0.3085866002913845,0.3035421627319428,0.2985773336125405,0.2936909988405381,0.2888820525756786,0.2841493975950508,0.2794919456275589,0.2749086176595732,0.2703983442133671,0.2659600655998436,0.2615927321470407,0.2572953044057328,0.2530667533331829,0.2489060604582008,0.2312433900883767,0.2226407348093209,0.2143524598716626,0.2063676950355648,0.1986758770260402,0.1912667489510579,0.1841303586085179,0.1772570557144804,0.1706374883824114,0.1642625988437172,0.1581236185553645,0.1522120628978046,0.1465197253858605,0.1410386716336325,0.1357612330325465,0.1306800002649593,0.1257878166554659,0.1210777714800377,0.116543193174112,0.1121776425684555,0.1079749061325917,0.1039289892286111,0.1000341094727748,0.0962846901518663,0.0926753537365155,0.0892009155135506,0.085856377328763,0.0826369214604358,0.0795379046318054,0.0765548521547665,0.0736834522291178,0.0709195503749369,0.0682591440270499,0.0656983772672765,0.063233535716306,0.0608610415682572,0.0585774487743547,0.056379438376142,0.0542638139872681,0.0522274973997976
0.004958279597939544,1.443242390128244,1.443209008326746,1.4431672706778047,1.4431150850311083,1.4430497337163604,1.4429662806536128,1.4428464001554249,1.4426115028301043,1.442005890323385,1.4404271886185909,1.4368160006842456,1.4297342413858842,1.4176458453741607,1.3992744079527393,1.3738778255690012,1.341352383754174,1.3021749302580428,1.2572473687078942,1.207713574889021,1.1547970219737111,1.1379732583142472,1.1264119524614091,1.1147792456596473,1.10308492353169,1.0913384785019808,1.0795490994973655,1.0677256639888677,1.0558767321721028,1.0440105430932067,1.032135012533235,1.0202577324734234,1.0083859719728192,0.9965266793017954,0.984686485181786,0.9728717069937776,0.9610883538292038,0.94934213226306,0.9376384527434326,0.9259824364961942,0.9143789228565284,0.902832476943666,0.8913473976061751,0.8799277255704251,0.8685772517328193,0.8572995255424888,0.846097863427555,0.8349753572223314,0.8239348825599363,0.8129791071972687,0.8021104992455486,0.7913313352816007,0.780643708320062,0.7700495356292707,0.7595505663760316,0.7491483890883422,0.7388444389256948,0.7286400047500872,0.7185362359920481,0.7085341493077846,0.6986346350248893,0.688838463375367,0.6791462905157974,0.6695586643357553,0.6600760300557279,0.6506987356170328,0.6414270368672975,0.6322611025434618,0.6232010190590496,0.6142467950963155,0.6053983660111266,0.5823452994713851,0.5732894965067313,0.5643535991601617,0.5555371035958916,0.5468394429560957,0.538259991724362,0.5297980698746444,0.5214529468134786,0.5132238451241272,0.505109944120714,0.4971103832194275,0.4892242651357838,0.4814506589143172,0.4737886027982688,0.4662371069463459,0.4587951560041148,0.4514617115345364,0.4442357143167009,0.4371160865166811,0.4301017337376905,0.4231915469546434,0.4163844043388466,0.4096791729779783,0.4030747104962607,0.3965698665800213,0.3901634844128055,0.3838544020248588,0.3776414535609696,0.371523470470934,0.3654992826262721,0.3595677193674249,0.3537276104830276,0.3479777871299512,0.3423170826886436,0.3367443335654717,0.3312583799399173,0.3258580664610159,0.3205422428954844,0.3153097647303229,0.310159493731824,0.3050902984637597,0.3001010547667309,0.2951906462007424,0.2903579644531017,0.2856019097134203,0.2809213910175956,0.2763153265624561,0.271782643992668,0.2673222806615088,0.2629331838668908,0.2442975985234323,0.2352192297151216,0.2264715398692731,0.2180432161411377,0.2099232509092066,0.2021009433007741,0.1945658991578048,0.187308029870351,0.1803175500530158,0.1735849743731483,0.1671011135827736,0.1608570698863662,0.1548442318314259,0.149054268724587,0.1434791246962096,0.1381110125066774,0.1329424071293023,0.1279660391657422,0.1231748881756217,0.1185621759278551,0.1141213596120065,0.1098461250952459,0.1057303801393958,0.1017682477497348,0.097954059531543,0.0942823491795296,0.0907478460540599,0.0873454688606873,0.0840703194800388,0.0809176769074376,0.077882991343552,0.0749618784188929,0.0721501135680613,0.0694436265530106,0.0668384961312247,0.0643309448785922,0.061917334155241,0.0595941592284315,0.0573580445362012,0.0552057390991898
0.005858527648843278,1.4432423901284426,1.443209008327037,1.4431672707215808,1.443115088412411,1.4430498433895935,1.4429680486859469,1.442862626326508,1.4427061144263087,1.4423889541276342,1.441584458761076,1.4395809202946284,1.435209176845981,1.42697652091927,1.4133816430301818,1.393264418771264,1.366041617516918,1.3317663608583783,1.291038898117992,1.2448383687891706,1.1943416593493643,1.1780844805357362,1.166862377596808,1.1555319945974334,1.1441040300560965,1.1325889482898812,1.120996959098403,1.1093380005298623,1.0976217245201976,1.085857485194398,1.0740543296225242,1.0622209908265885,1.0503658828380824,1.0384970976175238,1.026622403652072,1.0147492460591976,1.0028847480304592,0.991035713465077,0.9792086306467704,0.9674096768330416,0.9556447236321228,0.9439193430539616,0.9322388141331762,0.9206081300254452,0.9090320054946652,0.8975148847089346,0.8860609492776753,0.8746741264646121,0.863358097520213,0.852116306083897,0.840951966609843,0.8298680727780545,0.8188674058560458,0.807952542980358,0.7971258653323766,0.7863895661862381,0.7757456588096527,0.7651959842019251,0.7547422186553876,0.7443858811306162,0.7341283404359062,0.7239708222050301,0.7139144156679478,0.7039600802116021,0.6941086517290336,0.684360848755418,0.6747172783917269,0.6651784420171922,0.6557447407930325,0.6464164809587758,0.6371938789257667,0.6131454884186541,0.6036909043437549,0.5943573598349263,0.5851445945836167,0.5760522691406862,0.5670799700525808,0.5582272147529306,0.5494934562251726,0.5408780874313941,0.5323804455309014,0.5239998158856607,0.5157354358659862,0.5075864984641875,0.4995521557228056,0.4916315219858471,0.4838236769804335,0.4761276687366,0.4685425163519743,0.4610672126074718,0.4537007264425609,0.4464420052947588,0.4392899773102204,0.4322435534315782,0.4253016293684802,0.4184630874565011,0.4117267984096902,0.4050916229719214,0.3985564134718329,0.3921200152861457,0.3857812682158453,0.3795390077794396,0.3733920664274975,0.3673392746824084,0.361379462207014,0.3555114588058582,0.3497340953623449,0.3440462047151901,0.3384466224772061,0.3329341877994574,0.3275077440836028,0.3221661396451154,0.3169082283300204,0.3117328700875453,0.3066389315010244,0.301625286279362,0.2966908157110866,0.2918344090830387,0.2870549640656806,0.2823513870667075,0.277722593554927,0.2580653638569867,0.2484871057001016,0.2392564494081804,0.2303616467863564,0.2217912495538818,0.2135341133729024,0.2055794000716428,0.1979165783115494,0.1905354229266813,0.1834260130582845,0.176578729401188,0.1699842505466693,0.1636335486601659,0.1575178845718996,0.1516288023970406,0.1459581237486039,0.1404979416639013,0.1352406142750401,0.1301787582926969,0.1253052423887582,0.1206131804547218,0.1160959248493194,0.1117470596141186,0.107560393731902,0.1035299543860725,0.0996499803325603,0.0959149153248571,0.0923194016421314,0.0888582737314807,0.0855265519669176,0.0823194365365412,0.0792323014680226,0.0762606887938022,0.0734003028549426,0.0706470047596703,0.0679968069867997,0.0654458681385349,0.0629904878432895,0.0606271018079158,0.0583522770172391
0.006922228876831404,1.4432423901283558,1.4432090083269509,1.44316727072245,1.4431150885542905,1.4430498520632142,1.442968281462896,1.4428658489157469,1.4427322766496355,1.4425271717162107,1.4421014489882389,1.4410466569178944,1.4385374287717505,1.4333043768417195,1.4238215085015822,1.4086453049366965,1.3867468282294195,1.3577047782246583,1.3217225268375554,1.2795122602546114,1.2321183378841618,1.21663356725841,1.2058881878592995,1.1949950793724011,1.1839655490790748,1.1728107706546251,1.161541751291438,1.150169302585119,1.1387040150086374,1.127156235783417,1.115536049946145,1.103853264404342,1.0921173947706315,1.0803376547665078,1.068522947989279,1.0566818618394338,1.0448226634151845,1.032953297185631,1.0210813842649384,1.0092142231171837,0.9973587915356972,0.985521749743787,0.973709444481846,0.9619279139496116,0.9501828934853196,0.9384798218729348,0.9268238481769384,0.9152198390131604,0.903672386173498,0.8921858145295614,0.8807641901468733,0.8694113285505057,0.8581308030874057,0.8469259533375322,0.8357998935318609,0.8247555209396245,0.8137955241917831,0.8029223915142196,0.7921384188440188,0.7814457178096947,0.7708462235572106,0.760341702406964,0.7499337593301606,0.7396238452340597,0.7294132640493997,0.7193031796134892,0.7092946223454086,0.6993884957094364,0.6895855824674806,0.6798865507181081,0.670291959723699,0.6452492357366708,0.635394464627067,0.625660927390497,0.6160486666697105,0.606557627085192,0.5971876612369681,0.587938535435469,0.5788099351699589,0.5698014703231109,0.5609126801397201,0.5521430379585147,0.5434919557155191,0.5349587882269283,0.5265428372620921,0.5182433554097547,0.5100595497529194,0.501990585353928,0.4940355885610364,0.4861936501429126,0.4784638282589077,0.4708451512715164,0.4633366204091443,0.4559372122847282,0.448645881277519,0.4414615617838426,0.4343831703432328,0.427409607645442,0.4205397604241426,0.4137725032425844,0.4071067001765311,0.4005412063991717,0.3940748696730393,0.3877065317533145,0.3814350297069101,0.3752591971516257,0.3691778654191012,0.3631898646457219,0.3572940247948128,0.3514891766138165,0.3457741525296534,0.3401477874855073,0.3346089197219963,0.3291563915056994,0.3237890498077365,0.3185057469348992,0.3133053411161814,0.3081866970466296,0.3031486863911856,0.2981901882503554,0.293310089589989,0.2725809923394098,0.2624778552927841,0.2527398464888548,0.2433547959704775,0.234310823949722,0.2255963479663535,0.2172000878272457,0.2091110686108623,0.2013186220525225,0.1938123863918217,0.1865823051033593,0.1796186244876846,0.1729118904267407,0.1664529443553508,0.1602329185824414,0.1542432311359375,0.1484755801484848,0.1429219379064548,0.137574544625146,0.1324259020151471,0.1274687667297689,0.1226961436164409,0.1181012790345818,0.1136776540493804,0.1094189776602366,0.1053191800929922,0.1013724060824717,0.0975730083033741,0.0939155408261446,0.0903947527335461,0.0870055817971597,0.0837431483337242,0.0806027491512008,0.0775798516622588,0.0746700881183479,0.0718692500043151,0.0691732825729254,0.0665782795337933,0.0640804778886769,0.0616762529147081
0.008179060592587543,1.4432423901282645,1.4432090083270075,1.4431672707224403,1.4431150885576425,1.44304985248951,1.442968302523244,1.4428663219448208,1.4427379480503364,1.4425681796229266,1.4422988347151195,1.4417317781781185,1.4403668671626673,1.437263991967949,1.431066738232265,1.4202386471002857,1.403415612144062,1.3797117660740907,1.3488679077479842,1.311229320604396,1.267608149664644,1.253107261065468,1.2429820365396946,1.232668532871123,1.2221781947108503,1.2115224830529447,1.2007128279256287,1.1897605852557425,1.1786769978322378,1.1674731602628212,1.1561599877770157,1.1447481887152926,1.1332482405227169,1.121670369047652,1.1100245309449517,1.0983203989735426,1.0865673499794002,1.0747744553558474,1.0629504737758295,1.0511038459985504,1.0392426915588306,1.0273748071549351,1.0155076665621068,1.0036484219058333,0.991803906141173,0.9799806365937292,0.968184819426714,0.9564223549115336,0.9446988433856026,0.9330195917936506,0.9213896207149112,0.909813671790362,0.8982962154694485,0.8868414590056847,0.8754533546358819,0.864135607886337,0.85289168595464,0.8417248261212005,0.8306380441502784,0.8196341426467851,0.8087157193361161,0.7978851752427689,0.7871447227428587,0.7764963934728644,0.7659420460775337,0.755483373783349,0.745121911786922,0.734859044449726,0.7246960122909831,0.7146339187761052,0.7046737368944338,0.6786478290084962,0.6683951390175706,0.6582627181376465,0.6482509811995886,0.6383602230739428,0.6285906256243545,0.618942264365081,0.6094151148299788,0.6000090586610484,0.5907238894229021,0.5815593181533077,0.5725149786559484,0.5635904325464819,0.5547851740558554,0.5460986346097105,0.5375301871720434,0.5290791503900607,0.520744792522431,0.5125263351731405,0.5044229568366585,0.4964337962585131,0.4885579556257566,0.4807945035859419,0.4731424781103907,0.465600889202252,0.4581687214613349,0.4508449365073939,0.443628475272333,0.4365182601649022,0.4295131971148798,0.4226121775020992,0.4158140799757288,0.4091177721692343,0.4025221123158636,0.3960259507695202,0.3896281314357007,0.3833274931168615,0.3771228707764598,0.3710130967256896,0.3649970017368682,0.3590734160870517,0.3532411705354927,0.3474990972383056,0.3418460306035147,0.3362808080896132,0.3308022709504991,0.3254092649296271,0.3201006409060267,0.3148752554947119,0.3097319716038719,0.2878794481237742,0.277225690142498,0.2669551578741846,0.257055280949953,0.2475137640039174,0.238318597660914,0.2294580668114293,0.2209207565225424,0.2126955558941532,0.2047716601269837,0.1971385710957252,0.189786096512989,0.1827043480392557,0.1758837384177155,0.1693149777595698,0.1629890691686538,0.1568973037883512,0.1510312553876179,0.1453827745456483,0.1399439825595772,0.1347072650970861,0.1296652656801775,0.1248108790440037,0.1201372444137581,0.1156377387432093,0.1113059699273352,0.1071357700919933,0.1031211888414763,0.0992564866393873,0.095536128259805,0.0919547763179243,0.0885072849308427,0.0851886934853062,0.0819942205529244,0.0789192579152827,0.0759593647540783,0.0731102619734208,0.0703678266653678,0.0677280867411523,0.0651872156903555
0.009664088455832753,1.4432423901282947,1.4432090083269886,1.443167270722392,1.443115088557778,1.443049852501877,1.442968303747312,1.4428663705439584,1.4427388703142754,1.4425778330707886,1.4423614080963734,1.4420076336428995,1.4412591709555989,1.4395157937208247,1.435725176939568,1.4284603643645204,1.4161979399504685,1.397672820967253,1.3721509483850545,1.3395327285301302,1.3002955962462717,1.286984589328672,1.277622102049678,1.268031802020592,1.258224614214815,1.2482116824197795,1.2380043072934637,1.2276138884171053,1.2170518704723836,1.206329693603887,1.1954587479693477,1.1844503324301578,1.1733156172931452,1.1620656109794316,1.1507111304697235,1.139262775353166,1.1277309052916855,1.1161256207006978,1.1044567464397832,1.092733818305039,1.0809660721132133,1.0691624351721245,1.0573315199349222,1.0454816196419705,1.0336207057649798,1.0217564270709034,1.009896110137993,0.9980467611637708,0.9862150689129352,0.9744074086677644,0.9626298470494128,0.9508881475907262,0.9391877769502222,0.9275339116656308,0.915931445355744,0.9043849962853896,0.8928989152194328,0.8814772934956059,0.8701239712567018,0.8588425457862006,0.8476363798991271,0.8365086103448033,0.8254621561847222,0.8144997271107137,0.8036238316758996,0.7928367854134362,0.7821407188214318,0.7715375851960238,0.7610291682982812,0.7506170898418698,0.7403028167914664,0.7133172403838738,0.7026733979983464,0.6921474466923588,0.6817402534158737,0.6714525399160501,0.6612848907101848,0.6512377607450565,0.6413114827469035,0.6315062742681544,0.6218222444364616,0.6122594004132899,0.6028176535689456,0.5934968253824201,0.584296653073493,0.5752167949757947,0.5662568356588645,0.5574162908081376,0.5486946118710143,0.5400911904778092,0.5316053626457663,0.5232364127744571,0.5149835774434188,0.5068460490051209,0.4988229790235901,0.4909134814969551,0.4831166359405219,0.4754314902961055,0.4678570636888592,0.4603923490358506,0.4530363155150623,0.4457879108958712,0.4386460637459338,0.4316096855115828,0.4246776724832192,0.4178489076484788,0.4111222624400459,0.4044965983818716,0.3979707686397267,0.3915436194801294,0.3852139916424303,0.3789807216281457,0.3728426429119399,0.3667985870778089,0.3608473848844986,0.3549878672636365,0.3492188662539933,0.3435392158751747,0.3379477529409443,0.3324433178350662,0.327024755193131,0.3039961249769119,0.2927653368072108,0.2819363963878165,0.2714963637548308,0.2614325521774333,0.2517325438060248,0.2423842020212545,0.2333756808980431,0.2246954321523203,0.2163322098974031,0.2082750734909142,0.2005133887839479,0.1930368278540959,0.185835367637166,0.1788992874359992,0.1722191656064309,0.1657858754716058,0.1595905805963239,0.1536247295962829,0.147880050492759,0.1423485447358689,0.1370224809702928,0.1318943885911051,0.1269570511590751,0.122203499706682,0.117627005993937,0.1132210757439054,0.1089794418674934,0.1048960577665667,0.1009650906153429,0.0971809148185056,0.0935381054805665,0.0900314320123731,0.0866558518591155,0.083406504333434,0.0802787046376753,0.0772679378929131,0.0743698534934062,0.0715802594605182,0.068895117010965
0.011418744808762126,1.4432423901282778,1.4432090083270417,1.4431672707223973,1.4431150885576685,1.4430498525019937,1.4429683037895489,1.4428663738212524,1.4427389771108772,1.442579561662001,1.4423773253450611,1.4421007005414406,1.441636836889447,1.440658875706873,1.4384603229392214,1.433882962969925,1.4254485247498614,1.411670037196719,1.3913985569026424,1.3640574114855972,1.329701741378107,1.3177665229450173,1.3092993375164437,1.3005686006751165,1.2915838827275872,1.2823552220005316,1.2728930510545944,1.2632081257361365,1.253311457511903,1.2432142494295768,1.2329278359574851,1.2224636268750817,1.211833055312716,1.201047529976466,1.190118391537428,1.179056873121518,1.1678740647936074,1.156580881901223,1.145188037117008,1.13370601600138,1.1221450558897104,1.1105151279064092,1.0988259218942524,1.0870868340521174,1.0753069570737188,1.063495072581476,1.051659645657705,1.0398088212805792,1.0279504224810587,1.016091950045611,1.0042405835990331,0.9924031839123204,0.9805862962894958,0.9687961548974704,0.9570386879151362,0.9453195233843878,0.933643995656672,0.9220171523399082,0.9104437616549306,0.8989283201223648,0.887475060508236,0.876087959960997,0.864770748284104,0.853526916290133,0.8423597241915062,0.8312722099864369,0.8202671978051693,0.8093473061838918,0.7985149562410453,0.7877723797313985,0.7771216269589692,0.7492147909867326,0.7381920110390305,0.7272830394850865,0.7164892866333761,0.7058119888928391,0.6952522177977997,0.6848108887139834,0.6744887692263917,0.6642864872089229,0.6542045385806001,0.6442432947505068,0.6344030097583805,0.6246838271152343,0.6150857863517525,0.6056088292811672,0.5962528059839939,0.5870174805231713,0.5779025363973491,0.5689075817406588,0.560032154277937,0.5512757260433235,0.5426377078706706,0.534117453665861,0.5257142644659731,0.517427392297716,0.509256043839765,0.5011993838991509,0.4932565387083518,0.4854265990510324,0.4777086232237232,0.4701016398411487,0.4626046504902626,0.4552166322430589,0.4479365400304359,0.4407633088873106,0.4336958560724931,0.4267330830698169,0.4198738774765066,0.4131171147837286,0.4064616600544855,0.3999063695040633,0.3934500919875356,0.3870916703988987,0.3808299429863435,0.3746637445876095,0.3685919077895817,0.3626132640157976,0.3567266445456128,0.3509308814684139,0.3452248085762384,0.3209665501862105,0.3091317700531122,0.2977179205496174,0.2867117344230291,0.2761001678771775,0.2658704218667695,0.2560099593975288,0.2465065193226831,0.2373481270725806,0.228523102705479,0.2200200666245193,0.2118279432666505,0.2039359630284616,0.1963336627091712,0.1890108845847564,0.1819577744157574,0.1751647785149598,0.1686226399704925,0.1623223942203148,0.1562553640579263,0.1504131541901462,0.1447876453905476,0.1393709883957055,0.1341555975422801,0.1291341442439342,0.1242995503471665,0.1196449814076344,0.1151638399303418,0.110849758604982,0.1066965935682438,0.1026984176981818,0.0988495139894048,0.0951443690178488,0.0915776664952449,0.0881442809272217,0.0848392714195161,0.0816578755903338,0.078595503621059,0.0756477324670779,0.0728103001859082
0.01349198464020023,1.4432423901280644,1.4432090083274496,1.443167270722428,1.4431150885576736,1.4430498525020714,1.4429683037903374,1.4428663739556185,1.4427389853903674,1.4425797856487417,1.4423804455980656,1.442126162113456,1.4417719194804772,1.441165876729014,1.4399017534519651,1.43716341870496,1.4316968676223272,1.4219938071697606,1.40662624453009,1.38457563282081,1.355425191296693,1.3450140755702296,1.3375533876591696,1.3298005230493697,1.32176273602204,1.3134480249803404,1.3048650540183693,1.296023074816456,1.2869318497157856,1.277601576701776,1.2680428169113562,1.2582664251684756,1.2482834839473065,1.238105241068234,1.2277430513441496,1.2172083223168226,1.2065124641549416,1.1956668437248976,1.184682742795651,1.173571320294171,1.16234357849415,1.1510103329917136,1.1395821862990625,1.1280695048713074,1.1164823993693056,1.1048307079544506,1.0931239824076562,1.0813714768635627,1.069582138955312,1.0577646031656065,1.0459271861909492,1.0340778841280054,1.0222243713043886,1.010374000581416,0.998533804968981,0.9867105003995352,0.9749104895233436,0.9631398663897432,0.9514044218977382,0.9397096499004468,0.9280607538638392,0.9164626539856446,0.9049199946892345,0.8934371524157956,0.8820182436467858,0.8706671330923428,0.859387441991849,0.8481825564768959,0.8370556359524265,0.8260096214574723,0.8150472439727713,0.7862753073049915,0.7748923348501746,0.7636170538477041,0.7524515206338505,0.7413975855179762,0.7304569028309562,0.7196309406717092,0.7089209903427431,0.6983281754712999,0.6878534608125383,0.6774976607341301,0.6672614473832131,0.6571453585386051,0.64714980515103,0.6372750785774526,0.6275213575137409,0.6178887146332885,0.6083771229376108,0.5989864618272606,0.5897165229001686,0.5805670154856545,0.5715375719229658,0.5626277525919319,0.5538370507051279,0.5451648968690987,0.5366106634235188,0.5281736685678494,0.5198531802809179,0.5116484200447979,0.5035585663787778,0.4955827581922039,0.4877200979635486,0.4799696547532008,0.4723304670572421,0.4648015455086581,0.4573818754343531,0.4500704192720826,0.4428661188557152,0.4357678975742278,0.4287746624095941,0.4218853058607604,0.4150987077573856,0.4084137369703146,0.4018292530217044,0.3953441076021993,0.3889571459974495,0.3826672084294292,0.3764731313169425,0.3703737484588612,0.3643678921442005,0.3388260056122463,0.3263598696631632,0.3143341235053692,0.3027352287913755,0.2915498311860668,0.2807647884740445,0.2703671938496825,0.2603443949714529,0.2506840092969087,0.2413739361588549,0.232402365992328,0.2237577870761461,0.2154289901119344,0.2074050709194349,0.1996754315544141,0.1922297799322075,0.1850581283649529,0.1781507909925069,0.1714983804027821,0.1650918034926046,0.1589222566978861,0.1529812207769587,0.1472604551181649,0.1417519917687625,0.136448129170509,0.1313414257126907,0.1264246931415376,0.1216909898688124,0.1171336142287446,0.112746097718673,0.1085221982377596,0.1044558933824907,0.1005413737795936,0.0967730365090804,0.0931454786189561,0.0896534907410862,0.0862920508320628,0.083056318036748,0.0799416266770884,0.0769434803955259
0.015941651431925878,1.4432423901282336,1.4432090083270075,1.4431672707223744,1.443115088557686,1.443049852502041,1.4429683037903744,1.4428663739586969,1.4427389857898263,1.4425798054434051,1.442380894894741,1.4421315956068974,1.441811485678374,1.4413574247401544,1.4405697384657956,1.4389538899014116,1.4355840446992008,1.42912405839656,1.4180582070236765,1.401038448098287,1.377187792567537,1.3683927687228217,1.362015727167495,1.3553285355530114,1.3483351569986588,1.34104056365334,1.333450666134015,1.3255722392762743,1.3174128454577665,1.3089807566497245,1.3002848762358463,1.291334661517806,1.2821400477077034,1.2727113740878326,1.263059312905092,1.2531948014596608,1.2431289777465884,1.23287311991848,1.2224385897528995,1.211836780235381,1.2010790673040703,1.190176765745313,1.1791410891827556,1.1679831140624803,1.1567137475038944,1.1453436988610923,1.1338834548188603,1.1223432578336905,1.110733087719215,1.0990626461719906,1.0873413440281363,1.075578291044528,1.0637822880001735,1.0519618209193091,1.0401250572227465,1.028279843623101,1.016433705589147,1.0045938482111545,0.99276715831166,0.9809602076551892,0.9691792571188748,0.9574302616996366,0.9457188762383212,0.934050461756346,0.9224300923033444,0.9108625622294854,0.8993523937992922,0.8879038450728457,0.8765209179906974,0.8652073666014037,0.853966705378697,0.8244067473412111,0.8126900708210555,0.8010725680997455,0.7895570549309436,0.7781461057938078,0.7668420648383527,0.7556470565781792,0.744562996311512,0.7335916002556059,0.722734395382284,0.7119927289466574,0.7013677777023971,0.6908605568007561,0.6804719283714968,0.6702026097863892,0.6600531816067114,0.6500240952194936,0.6401156801643544,0.6303281511595521,0.6206616148299823,0.6111160761468301,0.6016914445844789,0.5923875400025361,0.5832040982615582,0.5741407765806401,0.5651971586443889,0.5563727594689684,0.5476670300348011,0.5390793616946744,0.5306090903659373,0.5222555005146684,0.5140178289399163,0.5058952683673223,0.4978869708572245,0.4899920510386479,0.4822095891734304,0.4745386340593766,0.4669782057793854,0.4595272983028364,0.4521848819466515,0.4449499057008662,0.4378212994282706,0.4307979759379803,0.4238788329482552,0.4170627549311491,0.4103486148570126,0.4037352758359432,0.3972215926636246,0.3908064132762514,0.3844885801186717,0.3576090478251859,0.3444839839295079,0.3318190355623098,0.3196004661995556,0.3078146722563888,0.2964482193837948,0.285487872977929,0.2749206235877318,0.2647337078306757,0.2549146253627808,0.2454511523865189,0.2363313521305808,0.2275435826836535,0.2190765025242147,0.2109190740483362,0.2030605653583412,0.195490550587594,0.1881989088763777,0.1811758222962358,0.174411772848132,0.1678975386289224,0.1616241893598593,0.1555830813567174,0.1497658520545847,0.1441644141488503,0.138770949468546,0.1335779026079822,0.1285779743983646,0.1237641152630337,0.1191295184966214,0.1146676135129204,0.1103720590818623,0.1062367366150808,0.1022557434611395,0.0984233862991173,0.0947341746189529,0.0911828142907279,0.0877642012423729,0.084473415279136,0.0813057140143988
0.018836090994338202,1.443242390128249,1.4432090083270055,1.4431672707224543,1.4431150885576758,1.443049852502055,1.4429683037903738,1.442866373958768,1.442738985800771,1.4425798065554696,1.4423809397840976,1.4421324592321076,1.4418206275034957,1.4414172283688402,1.4408353618023353,1.4398183222866796,1.4377762286014208,1.4336771017629286,1.4261194321790882,1.41360314139256,1.3948789520783889,1.3877186434412172,1.382456034520691,1.37687914947087,1.370987852425429,1.3647832136919749,1.3582674643036663,1.3514439417469153,1.344317028358718,1.336892083852134,1.329175373367081,1.3211739923614785,1.312895789558298,1.304349289053244,1.2955436125723423,1.2864884027468957,1.2771937481557205,1.2676701107669142,1.2579282563009189,1.2479791879316384,1.237834083646288,1.2275042374960825,1.217001004891192,1.2063357520234734,1.1955198094391457,1.184564429731242,1.1734807492782209,1.162279753916097,1.150972248406572,1.139568829533944,1.1280798626520423,1.116515461486273,1.1048854709892055,1.0931994530432343,1.0814666748033466,1.0696960994743911,1.05789637932102,1.046075850714165,1.0342425310256689,1.0224041171903806,1.0105679857628371,0.9987411943090144,0.9869304839783736,0.9751422831147902,0.9633827117757556,0.951657587034756,0.9399724289565428,0.9283324671403482,0.9167426477375976,0.9052076408573576,0.8937318482826636,0.8634853039226404,0.8514704878857942,0.8395435291916064,0.8277081251036766,0.8159676939961092,0.8043253869184237,0.7927840990087193,0.781346480719834,0.7700149488256578,0.7587916971838666,0.7476787072347528,0.7366777582173246,0.7257904370924358,0.7150181481613344,0.7043621223740744,0.6938234263224754,0.683402970916473,0.673101519742996,0.6629196971092308,0.6528579957728327,0.6429167843630165,0.6330963144980226,0.623396727604498,0.6138180614450608,0.6043602563620428,0.5950231612438129,0.5858065392226102,0.5767100731113635,0.5677333705881874,0.5588759691365549,0.5501373407502906,0.5415168964111027,0.5330139903475307,0.524627924083615,0.5163579502852729,0.5082032764126885,0.5001630681864686,0.4922364528755795,0.4844225224141248,0.4767203363547405,0.4691289246655618,0.4616472903777422,0.4542744120900209,0.4470092463370236,0.4398507298273845,0.4327977815578234,0.4258493048088985,0.4190041890278548,0.4122613116041986,0.4056195395433187,0.3773489057424658,0.3635373797042376,0.3502058215469291,0.3373403895591683,0.324927309954993,0.312952922980894,0.301403722093961,0.2902663870173918,0.2795278113913512,0.2691751256654067,0.2591957158040053,0.2495772383179292,0.2403076320764553,0.2313751273057154,0.2227682521325606,0.2144758369942216,0.2064870171876693,0.1987912338637026,0.1913782335464569,0.1842380665819392,0.1773610844962515,0.1707379365548674,0.1643595655777322,0.1582172031258035,0.1523023642532885,0.1466068418067974,0.1411227004185988,0.1358422702439716,0.1307581405106795,0.125863152916036,0.1211503949528463,0.1166131931616761,0.112245106381244,0.1080399190124981,0.1039916343103596,0.1000944677229396,0.0963428403610373,0.0927313725041325,0.089254877245331,0.0859083542459167
0.02225605831754945,1.4432423901283125,1.4432090083270013,1.4431672707224434,1.4431150885576751,1.4430498525019844,1.442968303790331,1.4428663739589396,1.4427389858010091,1.4425798065918969,1.4423809426912657,1.4421325559985454,1.4418222210292837,1.4414321104676968,1.440923383249726,1.440178868867949,1.4388757871275435,1.436324224190934,1.4313933658220117,1.4226356452348157,1.408589377682052,1.4029978040318791,1.398824660216213,1.3943490267934284,1.3895662618796103,1.384472992006664,1.3790671104895396,1.3733477619454366,1.3673153142535543,1.360971319356734,1.3543184643731412,1.34736051450671,1.3401022492330747,1.3325493931920125,1.3247085431475611,1.3165870922873326,1.3081931530300983,1.2995354793967355,1.2906233898824853,1.2814666916486586,1.2720756067344787,1.262460700874477,1.2526328154003197,1.2426030026030457,1.232382464840212,1.2219824975872868,1.211414436558106,1.2006896089520904,1.1898192888300765,1.1788146565698612,1.1676867623126357,1.1564464932777672,1.1451045447961523,1.1336713948909367,1.1221572822208277,1.1105721871877512,1.0989258160071835,1.08722758753385,1.0754866226366695,1.063711735921017,1.0519114295965577,1.040093889300968,1.028266981692105,1.0164382536338157,1.0046149328067582,0.99280392958765,0.9810118400479976,0.969244949935608,0.957509239510552,0.945810389117462,0.934153785385298,0.903350041914362,0.8910831499678751,0.8788895815346424,0.8667740421940128,0.8547409200600367,0.8427942974720947,0.8309379627066942,0.8191754216509763,0.8075099093849853,0.7959444016267697,0.784481626002794,0.7731240731103186,0.761874007345776,0.7507334774747791,0.7397043269283919,0.7287882038091055,0.7179865705974825,0.7073007135509278,0.6967317517890753,0.6862806460642696,0.675948207214643,0.6657351043017771,0.6556418724353045,0.645668920286982,0.6358165373002284,0.6260849005998037,0.6164740816087024,0.6069840523778413,0.5976146916377978,0.5883657905785543,0.5792370583667558,0.5702281274072962,0.5613385583594225,0.5525678449135721,0.5439154183394835,0.5353806518126841,0.5269628645280556,0.518661325608958,0.5104752578199061,0.5024038410902528,0.4944462158575826,0.4866014862376513,0.4788687230286373,0.471246966556766,0.4637352293704017,0.4563324987890879,0.4490377393143135,0.4418498949084518,0.4347678911473747,0.4277906372531629,0.3980767301262545,0.3835515550718465,0.3695261506236292,0.3559866868797602,0.3429193201946958,0.3303102509994266,0.3181457733535232,0.3064123171732302,0.2950964839820452,0.2841850769413039,0.2736651258378573,0.2635239076334741,0.2537489631145251,0.2443281101232375,0.2352494537955382,0.2265013941874193,0.2180726316258322,0.2099521700837502,0.2021293188374876,0.1945936926822981,0.187335210815064,0.1803440946817881,0.1736108649121246,0.1671263374347856,0.1608816189648821,0.1548681019409882,0.1490774590342579,0.1435016372567472,0.138132851840139,0.1329635798540142,0.1279865536781528,0.1231947543613086,0.1185814049058084,0.1141399635258796,0.1098641168943136,0.1057477734444693,0.1017850566780532,0.0979702985778402,0.094298033100085,0.0907629897730354
0.026296970639133676,1.4432423901282307,1.443209008326975,1.443167270722436,1.443115088557703,1.4430498525020163,1.4429683037903374,1.4428663739587038,1.442738985800699,1.4425798065925106,1.4423809428037204,1.4421325631546962,1.441822419708126,1.441434937435109,1.4409468539107426,1.440305153677873,1.4393552096071225,1.4376998850788636,1.4345475113552848,1.4286794104972629,1.4186230780074125,1.4144488181008326,1.4112810742317403,1.407838603651055,1.404112483891824,1.400094930005034,1.3957793503123532,1.391160385523172,1.386233931644549,1.3809971474189633,1.3754484472772035,1.36958748099172,1.3634151013586702,1.3569333213327135,1.35014526208542,1.3430550934679475,1.335667968331981,1.3279899521086225,1.3200279489669595,1.3117896257806594,1.3032833350223665,1.294518037592707,1.285503226472556,1.2762488519645865,1.266765249183453,1.257063068330178,1.2471532081911008,1.2370467531990827,1.226754914307318,1.2162889738440965,1.2056602344481842,1.1948799721180794,1.1839593933587085,1.1729095963598348,1.1617415361046075,1.150465993275395,1.1390935467986654,1.1276345498532685,1.116099109152087,1.1044970672984518,1.0928379880131112,1.0811311440271227,1.069385507434819,1.0576097423070308,1.0458121993679426,1.0340009125466494,1.022183597222248,1.0103676499903411,0.998560149787568,0.9867678602214316,0.9749972329610624,0.9437972038862736,0.9313362559484104,0.9189304611880764,0.906585658169376,0.894307330796379,0.882100619328575,0.8699703316917986,0.857920954990782,0.8459566671415664,0.8340813485500449,0.8222985937726803,0.8106117231057993,0.799023794053241,0.7875376126340402,0.776155744493576,0.7648805257905205,0.7537140738348699,0.742658297457925,0.7317149070988321,0.7208854245953396,0.7101711926702527,0.6995733841076811,0.6890930106149078,0.6787309313689012,0.6684878612475137,0.6583643787466661,0.6483609335876606,0.6384778540180492,0.6287153538118728,0.6190735389748425,0.6095524141614114,0.600151888811123,0.5908717830112102,0.5817118330942228,0.5726716969778675,0.5637509592564479,0.554949136051497,0.5462656796300566,0.5376999827997319,0.5292513830879323,0.5209191667142627,0.5127025723639419,0.5046007947702198,0.4966129881135155,0.4887382692454233,0.4809757207444575,0.4733243938108415,0.4657833110079485,0.4583514688565756,0.4510278402887884,0.4198206646987088,0.4045553863824503,0.3898094121527627,0.3755690695325839,0.3618205708054209,0.3485500847668349,0.3357437986503016,0.3233879713209076,0.3114689787301102,0.2999733525204535,0.2888878125762515,0.2781992942357572,0.2678949707959694,0.2579622718833573,0.2483888981931301,0.2391628330483415,0.23027235117996,0.2217060250828521,0.2134527292647214,0.2055016426588479,0.1978422495017524,0.1904643387565963,0.1833580024801659,0.1765136331151292,0.1699219199958098,0.1635738451179689,0.1574606782983007,0.1515739718950232,0.1459055550950678,0.1404475278933179,0.1351922548256579,0.1301323585197701,0.1252607130921186,0.1205704374807304,0.1160548887136842,0.1117076551642883,0.1075225498367795,0.1034936036576405,0.0996150588652266,0.095881362463835
0.031071569589219212,1.4432423901282354,1.4432090083269895,1.4431672707224752,1.443115088557673,1.4430498525019768,1.442968303790328,1.4428663739586731,1.4427389858009303,1.4425798065925464,1.442380942806042,1.4421325634773012,1.44182243632749,1.4414353266414133,1.4409516824852278,1.440341054591579,1.4395319791695684,1.4383248417399843,1.4362412935311517,1.432389582143498,1.425477497815642,1.4224968368703146,1.4201968820321154,1.4176633384273232,1.4148839947347411,1.4118474336047904,1.4085431444567655,1.4049616215282774,1.4010944461137331,1.396934352383065,1.39247527659755,1.3877123899256782,1.3826421154005746,1.377262129843036,1.37157135181252,1.3655699168122382,1.3592591411152608,1.3526414756418548,1.345720451359727,1.338500617670192,1.330987475209105,1.3231874044263257,1.3151075912255912,1.3067559508468922,1.2981410510638565,1.2892720356543184,1.280158548982733,1.2708106624174826,1.2612388031907986,1.2514536862013248,1.2414662491569997,1.2312875913619414,1.220928916365283,1.2104014786138455,1.1997165341817495,1.1888852955922318,1.1779188906951712,1.1668283255222414,1.1556244510057598,1.1443179334194729,1.1329192283769416,1.121438558206859,1.1098858925124826,1.0982709317164812,1.08660309338511,1.0748915011298965,1.063144975882553,1.051372029345478,1.0395808594253662,1.0277793474644277,1.0159750570922648,0.9845744364714,0.9719908056040344,0.9594401337610126,0.946929504192646,0.9344656132908608,0.9220547797197532,0.9097029542472832,0.8974157301420936,0.8851983540131689,0.8730557369824712,0.8609924660927295,0.8490128158650765,0.837120759928231,0.8253199826549509,0.813613890744698,0.8020056247051747,0.7904980701864791,0.7790938691339199,0.7677954307266079,0.7566049420768032,0.7455243786690998,0.7345555145221525,0.7236999320603844,0.7129590316847504,0.7023340410368915,0.6918260239505993,0.681435889089523,0.6711643982703215,0.661012174471643,0.6509797095341127,0.641067371551278,0.6312754119602099,0.6216039723351111,0.6120530908913886,0.6026227087067568,0.5933126756670162,0.5841227561442519,0.5750526344154536,0.5661019198298833,0.5572701517333246,0.5485568041581916,0.5399612902868814,0.5314829666976122,0.5231211374009107,0.5148750576742436,0.5067439377037929,0.4987269460403737,0.4908232128777479,0.4830318331606383,0.4753518695296551,0.4426047035422858,0.4265740766070757,0.4110817466678206,0.3961143783077324,0.3816583958329588,0.3677000715564607,0.3542256024285471,0.3412211762953159,0.3286730289414936,0.3165674929575595,0.3048910393656696,0.2936303128418311,0.2827721612833377,0.2723036603925772,0.2622121338738053,0.2524851697770729,0.2431106334635571,0.2340766776154084,0.2253717496648936,0.216984596977362,0.2089042700765897,0.2011201242135438,0.1936218194156431,0.1863993193503665,0.1794428890711701,0.1727430918991979,0.1662907855115689,0.1600771173582675,0.1540935196154041,0.1483317036475163,0.142783654122989,0.1374416228755849,0.1322981225288678,0.1273459199712678,0.1225780297212027,0.1179877072269593,0.11356844213605,0.1093139515531009,0.1052181733590157,0.1012752595620667
0.03671306668688966,1.4432423901282931,1.4432090083269906,1.4431672707223269,1.4431150885577295,1.4430498525020432,1.442968303790244,1.4428663739587464,1.4427389858009338,1.4425798065918332,1.442380942806612,1.44213256348539,1.441822437190291,1.44143536312477,1.4409524110467111,1.4403490048320495,1.439585291444682,1.4385664406644447,1.4370404345363164,1.4344429507304874,1.4297874624091569,1.4277319992258508,1.4261243564793942,1.424332320350438,1.4223420708851584,1.4201400746271822,1.417713233370332,1.4150490260260928,1.4121356409159342,1.408962096215733,1.4055183467229169,1.4017953755937014,1.397785270145909,1.3934812812770343,1.388877866450808,1.3839707165722857,1.378756767395365,1.3732341963601935,1.3674024059804468,1.3612619950500786,1.354814719048525,1.3480634411852264,1.3410120755414865,1.3336655237550237,1.3260296066432944,1.3181109920933445,1.3099171204576996,1.3014561285920083,1.292736773560547,1.2837683569191922,1.2745606503687137,1.265123823455385,1.255468373884957,1.2456050609097715,1.2355448421509323,1.2252988141261438,1.2148781566721545,1.2042940813789171,1.1935577840850562,1.1826804014332837,1.1716729714325207,1.160546397936191,1.149311418913887,1.1379785783657848,1.126558201711587,1.1150603744685976,1.1034949240251677,1.0918714043104132,1.0801990831524455,1.0684869321302677,1.056743618711424,1.0253753612990006,1.0127549608278987,1.000140995363831,0.9875418754391658,0.974965602796974,0.9624197759078356,0.9499115967576494,0.9374478787166391,0.9250350553209664,0.9126791898083216,0.9003859852687386,0.8881607952821529,0.8760086349288301,0.8639341920716749,0.85194183881909,0.8400356430886031,0.828219380202011,0.8164965444502271,0.8048703605739135,0.7933437951157505,0.7819195676043037,0.7706001615361279,0.7593878351293923,0.7482846318262482,0.7372923905241877,0.7264127555240001,0.7156471861813096,0.704996966254449,0.694463212943799,0.6840468856176232,0.6737487942257847,0.6635696073993582,0.653509860240539,0.6435699618044718,0.6337502022789065,0.6240507598659736,0.6144717073727641,0.6050130185173774,0.5956745739580639,0.5864561670519282,0.5773575093527212,0.5683782358545166,0.5595179099904903,0.5507760283943223,0.5421520254335817,0.5336452775219985,0.5252551072210139,0.5169807871361037,0.5088215436188354,0.5007765602797742,0.466447294034066,0.4496278668360389,0.4333648562542038,0.4176454838193672,0.4024565779348444,0.3877846816815096,0.3736161468649809,0.3599372157852918,0.3467340920712645,0.3339930017894408,0.3217002459203817,0.3098422451818334,0.2984055780797786,0.2873770129749669,0.2767435348703132,0.266492367548538,0.2566109916217137,0.2470871589937312,0.2379089041801848,0.2290645528829573,0.2205427281712514,0.2123323545809814,0.2044226604018626,0.196803178449708,0.1894637454075112,0.1823945000973275,0.1755858807618736,0.1690286214811089,0.1627137479162423,0.1566325724680505,0.1507766889513143,0.1451379668855993,0.1397085454680668,0.1344808273101159,0.1294474719772518,0.1246013894269742,0.119935733326204,0.1154438943428814,0.1111194934214163,0.1069563750872347
0.043378859947379764,1.4432423901281133,1.4432090083269733,1.443167270722373,1.4431150885574895,1.4430498525020523,1.4429683037903396,1.4428663739584988,1.4427389858009396,1.442579806592561,1.4423809428059895,1.4421325634855129,1.441822437216008,1.441435365282847,1.4409524868712973,1.440350309673852,1.4395979226083022,1.4386433609640623,1.4373630550586394,1.4354458511732753,1.4322393993082174,1.4308336507371826,1.4297289755286382,1.4284900299830667,1.4271033968383506,1.4255553988212497,1.4238322431465231,1.4219201712909149,1.4198056105530237,1.4174753239987312,1.4149165555915222,1.4121171676037942,1.409065767776963,1.4057518241197295,1.4021657656876776,1.3982990681457608,1.3941443233708224,1.3896952927791388,1.3849469444533442,1.379895474498385,1.3745383133451852,1.3688741179735184,1.3629027512119682,1.3566252494144064,1.3500437799032092,1.3431615896150446,1.3359829463939423,1.3285130743495437,1.320758084644606,1.3127249030001586,1.3044211951144078,1.2958552910862249,1.2870361098220835,1.2779730842915078,1.2686760883777286,1.259155365959172,1.249421462744699,1.2394851612945017,1.229357419540164,1.2190493130595532,1.2085719812603504,1.1979365775683697,1.1871542236521937,1.1762359676640284,1.165192746431982,1.1540353515017658,1.14277439889635,1.1314203024378988,1.119983250458538,1.1084731857130037,1.0968997882980394,1.0658351557736525,1.0532791936703236,1.0406986596091583,1.028103322068455,1.0155025363591357,1.0029052441914694,0.9903199752638808,0.977754850633197,0.9652175876367024,0.952715506159446,0.9402555360511362,0.92784422551848,0.915487750328664,0.903191923681109,0.8909622066126079,0.8788037188189528,0.8667212497856808,0.854719270135229,0.8428019431047048,0.8309731360823754,0.8192364321374019,0.807595141487555,0.7960523128554592,0.7846107446728723,0.7732729960970349,0.7620413978101623,0.7509180625766323,0.7399048955387345,0.729003604234586,0.7182157083257896,0.7075425490257572,0.696985298222187,0.6865449672894542,0.6762224155894743,0.6660183586605406,0.6559333760958339,0.6459679191146253,0.6361223178299439,0.6263967882179281,0.6167914387948317,0.6073062770075363,0.597941215345616,0.5886960771813691,0.5795706023463975,0.5705644524522295,0.5616772159636257,0.5529084130323507,0.5442575001002489,0.5357238742796148,0.5273068775190702,0.4913596391039422,0.4737304676737332,0.4566745537925295,0.4401799433037118,0.4242341033288423,0.4088240530311234,0.3939364782078539,0.3795578314085817,0.3656744191241056,0.3522724774496356,0.3393382374898144,0.3268579816501129,0.31481809184366,0.3032050905381923,0.2920056754713639,0.2812067487764055,0.2707954411804834,0.2607591318677553,0.2510854645345591,0.2417623601054059,0.2327780265296474,0.2241209660282033,0.2157799801220613,0.2077441727250646,0.200002951616442,0.1925460283747181,0.1853634171940572,0.1784454325583836,0.1717826860798733,0.1653660825518109,0.1591868153446473,0.1532363613328677,0.1475064753547135,0.1419891843313535,0.1366767811141078,0.1315618181255583,0.1266371008707671,0.1218956812427288,0.1173308509229845,0.1129361346251671
0.051254925293570154,1.4432423901282312,1.4432090083270244,1.443167270722407,1.443115088557682,1.443049852502066,1.4429683037903285,1.4428663739587062,1.4427389858009891,1.4425798065925068,1.4423809428061192,1.44213256348552,1.4418224372163886,1.4414353653565517,1.4409524919216106,1.4403504590547644,1.4396001607243285,1.43866274077706,1.4374709541794708,1.4358669769252852,1.4334751149648153,1.4324746573980232,1.4316966108848694,1.430828249982334,1.4298583286309166,1.4287749207439613,1.4275655158970255,1.4262171314679817,1.4247164386430275,1.4230498992849567,1.4212039103862084,1.4191649526855916,1.4169197400182174,1.4144553660932109,1.411759445621457,1.408820247021668,1.4056268143379214,1.4021690764034829,1.398437941756459,1.3944253782577924,1.3901244768065937,1.3855294989598357,1.3806359086407451,1.3754403884491768,1.3699408413660836,1.364136378870896,1.3580272966643834,1.351615039313072,1.3449021552059834,1.337892243252196,1.3305898927405322,1.3230006177513585,1.3151307874487093,1.3069875535014002,1.2985787757849314,1.2899129474116893,1.280999120023201,1.27184683016484,1.2624660274484776,1.2528670050979915,1.2430603333665062,1.2330567962146486,1.2228673315475986,1.212502975224769,1.201974808981218,1.1912939123336694,1.18047131848592,1.1695179741991104,1.158444703551068,1.1472621754732923,1.1359808749280198,1.1055281347076007,1.093153117501216,1.080718137228341,1.068234268451673,1.055712195241903,1.0431622018245703,1.0305941661823408,1.0180175563189622,1.005441428905607,0.9928744300455375,0.9803247979069266,0.967800366993936,0.9553085738390128,0.9428564639190082,0.9304506996113836,0.9180975690255836,0.9058029955555272,0.8935725480185877,0.8814114512562043,0.8693245970855729,0.8573165555039631,0.8453915860581024,0.8335536493008012,0.8218064182678294,0.8101532899150308,0.798597396464716,0.7871416166171249,0.7757885865896141,0.764540710951353,0.7534001732275882,0.7423689462512301,0.7314488022445734,0.7206413226171279,0.7099479074694792,0.6993697847949022,0.6889080193744007,0.6785635213623491,0.6683370545614986,0.6582292443885542,0.6482405855326487,0.6383714493104283,0.6286220907216824,0.6189926552117286,0.6094831851467276,0.6000936260079927,0.590823832313001,0.5816735732713402,0.5726425381822977,0.5637303415828248,0.5549365281543296,0.5173436476882505,0.4988871625623315,0.481019006196154,0.463728371826916,0.4470036500217335,0.4308325863075531,0.4152024198893754,0.4001000053814688,0.3855119193181793,0.3714245530558293,0.3578241935311671,0.3446970932035846,0.3320295303796937,0.3198078610000035,0.3080185628584397,0.2966482731249618,0.2856838199518194,0.2751122488602188,0.26492084453075,0.2550971485528849,0.2456289736296851,0.2365044146762056,0.2277118572057688,0.2192399833521154,0.2110777758345511,0.2032145201338506,0.1956398051726584,0.1883435225827391,0.1813158649172599,0.1745473228869613,0.1680286817423981,0.1617510169945806,0.1557056895545479,0.1498843404069302,0.1442788848922223,0.1388815066890474,0.1336846515556466,0.1286810208933552,0.1238635651836397,0.1192254773395126
0.06056100529235202,1.443242390128255,1.4432090083270446,1.4431672707224836,1.44311508855768,1.443049852502,1.442968303790381,1.4428663739585572,1.4427389858007578,1.4425798065925513,1.4423809428061198,1.4421325634854525,1.441822437216491,1.4414353653577956,1.4409524921180012,1.440350470127156,1.4396004399262128,1.4386664198013273,1.4374996838247849,1.436014187685133,1.4340126348003464,1.4332313142266082,1.4326385216360566,1.4319883232934978,1.431272613625527,1.4304824411151995,1.429608030000393,1.428638822138662,1.4275635389330323,1.426370262468508,1.425046534322757,1.4235794698917337,1.4219558855782473,1.4201624358038112,1.4181857565702896,1.416012612190164,1.413630041834094,1.4110255026913876,1.4081870067870756,1.4051032488306414,1.401763722862265,1.3981588258908777,1.394279947164346,1.3901195421603707,1.3856711908118595,1.3809296398819173,1.375890829761404,1.3705519062739435,1.3649112183350682,1.358968302521097,1.3527238557615555,1.346179697476802,1.339338722551596,1.3322048465420908,1.3247829445341135,1.3170787849900418,1.3090989598869602,1.3008508123504006,1.292342362893913,1.2835822352680697,1.274579582810739,1.265344016077144,1.2558855324163352,1.24621444805199,1.2363413331230362,1.2262769500421562,1.216032195443365,1.205618045908316,1.1950455075893762,1.1843255697847854,1.1734691624665392,1.1439687407462655,1.1319052960656972,1.1197425927979932,1.1074928387733305,1.0951679125589608,1.0827793417200189,1.0703382850861711,1.05785551870497,1.045341425167505,1.0328059860004235,1.0202587768261828,1.0077089650098714,0.99516530952259,0.9826361627674908,0.9701294741321462,0.957652795044964,0.9452132853316274,0.9328177206845766,0.920472501070662,0.9081836599222992,0.8959568739688439,0.8837974735788626,0.8717104534993777,0.8597004838875543,0.8477719215439028,0.8359288212652916,0.8241749472463042,0.8125137844665715,0.8009485500098091,0.789482204267447,0.7781174619862701,0.7668568031273035,0.7557024835058617,0.7446565451899443,0.733720826638195,0.7228969725604255,0.7121864434912938,0.7015905250659309,0.691110336993486,0.6807468417234921,0.6705008528041623,0.6603730429326815,0.6503639516987867,0.6404739930252644,0.6307034623090417,0.6210525432681762,0.6115213145003805,0.6021097557598111,0.592817753959072,0.583645108903787,0.5443894787733069,0.5250925318900144,0.5063966237930352,0.4882924832163362,0.4707697676216045,0.4538172520736048,0.437422996135589,0.4215744909385537,0.4062587884179181,0.3914626145539956,0.3771724682943135,0.3633747076876895,0.3500556246177211,0.3372015093904348,0.3247987063083912,0.3128336612494093,0.3012929621648419,0.2901633733169965,0.2794318639895062,0.2690856323262038,0.2591121248840825,0.2494990524224337,0.2402344023907776,0.2313064485324981,0.2227037579680462,0.2144151960873114,0.2064299295291958,0.1987374275610988,0.1913274619390855,0.1841901056651915,0.1773157306165895,0.1706950043517562,0.1643188861420882,0.158178622348249,0.1522657413575469,0.1465720480248479,0.1410896178134679,0.1358107906500579,0.1307281645905523,0.1258345893090085
0.07155673998183311,1.4432423901282283,1.4432090083270106,1.4431672707224603,1.443115088557676,1.4430498525020357,1.4429683037903391,1.4428663739587102,1.4427389858009343,1.4425798065924795,1.442380942806069,1.4421325634854325,1.441822437216425,1.4414353653579248,1.440952492121966,1.440350470611606,1.4396004626816885,1.438666915084166,1.4375054813514725,1.4360553489738754,1.434208016337528,1.433526296696484,1.433022642632405,1.4324822011741016,1.431899949844882,1.4312701197767317,1.4305861541176463,1.4298406804149268,1.4290254993214402,1.4281315914342352,1.4271491434411634,1.4260675940313994,1.424875699296663,1.423561616652242,1.4221130055994606,1.4205171431213817,1.4187610509929738,1.4168316319835013,1.4147158116861345,1.41240068267174,1.4098736476919145,1.4071225588404823,1.404135849840303,1.4009026589614766,1.3974129404745754,1.393657562963578,1.3896283932682711,1.3853183652579542,1.380721533054643,1.375833108707611,1.370649484663539,1.36516824167211,1.3593881430121877,1.3533091161181352,1.3469322228289398,1.3402596195805754,1.3332945089138262,1.3260410836861418,1.3185044653552342,1.310690637657704,1.3026063769356226,1.2942591802784955,1.2856571925493987,1.2768091332580336,1.2677242241319238,1.2584121181269046,1.2488828305066604,1.2391466725170814,1.2292141880797038,1.2190960938363542,1.2088032227913568,1.1806178458068777,1.1690078127406611,1.157256338245704,1.1453764255631635,1.1333808609172655,1.1212821758463416,1.1090926145498492,1.0968241059639718,1.0844882402645646,1.0720962494833028,1.059658991924016,1.047186940064381,1.0346901716371628,1.0221783635905295,1.0096607886433695,0.9971463141593644,0.9846434030847244,0.9721601167034244,0.9597041189857152,0.9472826823188812,0.934902694426318,0.9225706662962018,0.9102927409578996,0.8980747029578036,0.8859219884005475,0.8738396954357128,0.8618325950814876,0.849905142289152,0.838061487163353,0.8263054862624457,0.8146407139125996,0.8030704734788281,0.7915978085420483,0.7802255139397145,0.768956146633757,0.7577920363740062,0.7467352961330411,0.7357878322892973,0.7249513545435216,0.7142273855538881,0.703617270280105,0.693122185029656,0.6827431462007127,0.6724810187198665,0.6623365241737503,0.65231024863537,0.6424026501880995,0.632614066150096,0.6229447200046001,0.6133947280411537,0.5724726238816924,0.5523277462837252,0.5327935477646343,0.5138627560194652,0.4955267072662703,0.4777755711814637,0.4605985504874139,0.4439840575528856,0.4279198702249182,0.4123932689535513,0.397391157114202,0.3829001662736168,0.3689067479947109,0.3553972536290524,0.342358003410965,0.3297753460382114,0.3176357098083965,0.305925646270779,0.2946318672553921,0.2837412760506417,0.2732409934201669,0.2631183790743717,0.2533610491468112,0.2439568901665544,0.2348940699588798,0.2261610458659198,0.2177465706313769,0.2096396962514866,0.2018297760602126,0.194306465329656,0.1870597204935684,0.1800797973030217,0.1733572480400009,0.1668829178783893,0.1606479405948552,0.1546437337054389,0.1488619931501283,0.1432946875744804,0.1379340523401963,0.1327725832808202
0.0845489108397331,1.443242390128266,1.4432090083269802,1.443167270722416,1.4431150885577222,1.443049852502058,1.4429683037903485,1.442866373959546,1.4427389858009234,1.4425798065925337,1.4423809428061052,1.442132563485493,1.4418224372163664,1.4414353653578718,1.440952492121999,1.4403504706227015,1.4396004637854398,1.438666958917814,1.437506315110783,1.4360641060427102,1.434265003410174,1.433619901570461,1.4331513284767745,1.43265645588675,1.432132520580847,1.4315762631946858,1.4309838621800322,1.430350870498028,1.429672157932436,1.4289418619838088,1.428153350212065,1.4272991966383832,1.4263711744062533,1.425360266348832,1.424256694514157,1.4230499689209033,1.4217289551993648,1.420281960005802,1.4186968324941935,1.4169610795759031,1.415061992260737,1.4129867800648632,1.4107227102901942,1.4082572489349745,1.4055782000668051,1.4026738406738877,1.3995330482819042,1.3961454189662,1.392501373783266,1.388592252064463,1.384410390447464,1.3799491869429306,1.3752031497368422,1.3701679307969934,1.364840344679927,1.3592183732155232,1.3533011569767297,1.3470889746241117,1.3405832113462075,1.3337863177034974,1.3267017602286837,1.31933396514361,1.311688256529283,1.303770790235608,1.295588484745384,1.2871489501217108,1.2784604160673454,1.26953166002056,1.2603719361028731,1.2509909056239223,1.2413985697423688,1.2148967795483123,1.2038879182922575,1.1926942693278788,1.1813290850688312,1.1698055751419296,1.1581368500451834,1.1463358704908748,1.1344154022792248,1.1223879765003315,1.1102658548209725,1.0980609995876327,1.085785048452892,1.073449293223174,1.0610646626175906,1.0486417086279285,1.0361905961728104,1.0237210957472906,1.0112425787777122,0.99876401540655,0.9862939744425498,0.973840625229898,0.9614117412033762,0.9490147049141172,0.936656514325224,0.9243437901938202,0.9120827843707832,0.8998793888647243,0.8877391455295818,0.8756672562523835,0.8636685935258517,0.8517477113060345,0.8399088560654386,0.8281559779603899,0.8164927420453223,0.8049225394698976,0.7934484986082556,0.7820734960726344,0.7708001675731855,0.7596309185901915,0.7485679348306724,0.7376131924467385,0.7267684679963873,0.7160353481320321,0.7054152390053043,0.6949093753795487,0.684518829443745,0.6742445193251313,0.6640872172981129,0.654047557690292,0.6441260444868263,0.6015504774763168,0.5805573820938443,0.5601806922456156,0.5404156846320426,0.5212558652140112,0.5026932353536406,0.4847185290121625,0.4673214235232084,0.450490726351591,0.4342145401151142,0.4184804079966475,0.4032754415177287,0.3885864324884096,0.3743999507933538,0.3607024295274877,0.3474802388532728,0.3347197498213239,0.3224073892747389,0.3105296868441115,0.2990733149390058,0.2880251225462969,0.2773721635621785,0.2671017203059493,0.2572013227949263,0.2476587642985102,0.2384621136259936,0.2295997245647061,0.2210602428246225,0.2128326108191044,0.2049060705540704,0.1972701649358384,0.189914737577874,0.1828299315189529,0.1760061868251908,0.1694342373816786,0.1631051069212861,0.1570101043953544,0.1511408189375772,0.1454891142977703,0.1400471230245049
0.0999,1.4432423901282057,1.4432090083270015,1.443167270722414,1.4431150885576882,1.4430498525021649,1.4429683037903194,1.4428663739583891,1.4427389858009985,1.4425798065925568,1.4423809428061127,1.4421325634854834,1.4418224372163022,1.441435365357859,1.440952492120945,1.440350470622846,1.4396004638135045,1.4386669612350875,1.4375063941752684,1.4360654369026855,1.4342776738951075,1.4336429431524953,1.4331851506006803,1.4327052135371263,1.4322016062187777,1.4316725508482224,1.4311159648347909,1.430529402899559,1.4299099954216985,1.4292543848906714,1.4285586627491045,1.4278183092359933,1.427028139046004,1.426182255659414,1.4252740171043452,1.4242960156339846,1.4232400733891684,1.4220972555851592,1.420857902125959,1.419511677872649,1.4180476411052334,1.416454329018496,1.414719858544325,1.412832040196797,1.410778502287234,1.408546822541641,1.4061246640009517,1.403499912054471,1.4006608095421738,1.3975960870494126,1.3942950857946703,1.3907478708508765,1.3869453328269967,1.382879276550489,1.3785424957102204,1.3739288328298682,1.369033224330896,1.3638517307985674,1.3583815528784915,1.3526210334990998,1.3465696473340825,1.3402279785901985,1.3335976883278795,1.3266814726016656,1.31948301274497,1.3120069191307573,1.304258669704755,1.2962445445456985,1.2879715576268385,1.2794473868705,1.270680303488731,1.2462118942906777,1.2359495489255208,1.2254604839719294,1.2147574170795137,1.2038532642045583,1.1927610641621509,1.1814939087087382,1.1700648782867358,1.1584869834625584,1.1467731120131486,1.1349359815398925,1.1229880974427855,1.1109417160335229,1.098808812540194,1.0866010537237527,1.074329774825492,1.0620059605261745,1.0496402296293448,1.0372428231538038,1.024823595540528,1.0123920086822664,0.9999571284971416,0.9875276237780692,0.9751117670673216,0.962717437317577,0.9503521241181812,0.9380229332802944,0.9257365935915064,0.9134994645645936,0.901317545021105,0.8891964823641427,0.8771415824099724,0.8651578196584425,0.853249847897731,0.8414220110480967,0.82967835415958,0.8180226344916458,0.8064583326081701,0.794988663430721,0.7836165872024032,0.7723448203186036,0.7611758459888828,0.7501119247002882,0.7391551044560111,0.7283072307684808,0.71756995639087,0.7069447507730637,0.6964329092326824,0.6860355618333687,0.6757536819663384,0.6315583577625805,0.6097257249284421,0.588510310545096,0.5679105886966044,0.5479228167424741,0.5285413479206751,0.509758911339334,0.4915668619262683,0.4739554028714715,0.4569137830118594,0.4404304714876206,0.4244933118587274,0.4090896577187121,0.3942064916868945,0.3798305295056323,0.3659483108192694,0.3525462780685854,0.3396108447996895,0.3271284545602594,0.3150856314406773,0.3034690232098211,0.2922654378985499,0.2814618745941064,0.2710455491284421,0.2610039152705698,0.2513246819663836,0.241995827113739,0.2330056082972978,0.2243425708740087,0.215995553749937,0.2079536931437369,0.2002064246053221,0.1927434835685791,0.1855549045392407,0.1786310192297971,0.1719624537655834,0.1655401250449189,0.1593552364589256,0.1533992730452421,0.1476639961965213
0.1,1.443242390128272,1.443209008327022,1.443167270722419,1.4431150885575788,1.4430498525020203,1.4429683037903829,1.4428663739587215,1.4427389858009183,1.4425798065925817,1.4423809428060934,1.4421325634854696,1.4418224372163695,1.441435365357865,1.4409524921219683,1.4403504706228314,1.439600463813529,1.4386669612366465,1.437506394262682,1.4360654390732426,1.4342777016812291,1.4336429976959209,1.4331852346494482,1.43270534039803,1.432201793955859,1.4316728234917822,1.4311163537369769,1.430529948214701,1.429910747669174,1.4292554065570704,1.428560029867786,1.4278201128829673,1.4270304866810446,1.4261852722465065,1.4252778459462097,1.4243008188625343,1.423246032068894,1.4221045693923378,1.4208667885925417,1.4195223711874505,1.4180603904864917,1.4164693967029804,1.414737517413322,1.4128525711134163,1.4108021912015067,1.40857395743401,1.4061555317375023,1.403534795226353,1.4006999833591454,1.3976398163520742,1.3943436222446008,1.390801450347301,1.3870041731918743,1.382943575513048,1.3786124292125963,1.3740045536657486,1.369114861123221,1.3639393873090169,1.3584753076402385,1.3527209397550437,1.3466757332596158,1.340340247774894,1.3337161204890329,1.326806024500215,1.3196136192749135,1.3121434945501524,1.3044011089823289,1.296392724793005,1.2881253395911096,1.27960661646406,1.2708448133328816,1.2463895672285812,1.2361321151947828,1.2256477029778432,1.2149490421705824,1.2040490443124705,1.1929607453336133,1.1816972355242903,1.1702715951647178,1.1586968358476022,1.1469858474494194,1.1351513506339252,1.1232058547166972,1.111161620674875,1.0990306290530985,1.0868245524891755,1.0745547325694864,1.0622321607124814,1.0498674627744935,1.0374708870744926,1.0250522955380754,1.0126211576709736,1.0001865470808384,0.987757140281557,0.9753412175272156,0.9629466654367808,0.9505809811895072,0.9382512780825396,0.9259642922619415,0.9137263904516908,0.9015435785201532,0.8894215107394476,0.8773654996051246,0.8653805260980961,0.8534712502825161,0.8416420221442868,0.8298968925861392,0.8182396245048497,0.8066737038859249,0.7952023508579391,0.7838285306574932,0.7725549644624248,0.7613841400574606,0.7503183223009029,0.7393595633674562,0.7285097127465032,0.7177704269781274,0.7071431791149854,0.6966292678983416,0.6862298266424534,0.6759458318215267,0.6317409445094375,0.6099033245113445,0.5886829107402047,0.5680781986258976,0.5480854639830136,0.5286990759078594,0.5099117770425481,0.4917149337751443,0.4740987589111174,0.4570525092665271,0.4405646605130555,0.4246230614653026,0.4092150698477065,0.3943276714247355,0.3799475842212805,0.3660613494121838,0.3526554103148747,0.3397161807858121,0.3272301041946042,0.3151837040342649,0.3035636271182566,0.2923566802180447,0.2815498609054092,0.271130383282959,0.2610856992136228,0.2514035155932212,0.2420718081540633,0.2330788322249459,0.2244131308387001,0.2160635405278716,0.2080191951049867,0.2002695276955707,0.1928042713033545,0.1856134580087559,0.1786874171129988,0.172016772352056,0.1655924382633399,0.1594056159111681,0.1534477880451473,0.1477107138119375
0.11289855072463768,1.4432423901282556,1.4432090083267126,1.4431672707224388,1.443115088557668,1.4430498525020632,1.442968303789976,1.4428663739587315,1.4427389858010924,1.4425798065925075,1.4423809428061107,1.4421325634855302,1.4418224372164208,1.4414353653578458,1.4409524921224464,1.4403504706228394,1.4396004638138415,1.4386669612976628,1.4375063984146086,1.4360655598363077,1.4342794764562337,1.4336466182281566,1.4331909556754612,1.432714187712287,1.432215197109462,1.4316927331590403,1.4311453784687798,1.4305715094462728,1.4299692505343402,1.4293364226715646,1.4286704869036408,1.427968484551989,1.427226975800075,1.4264419789595069,1.4256089129800196,1.424722545947422,1.4237769523564765,1.4227654818039723,1.4216807414955863,1.4205145945151814,1.419258175294656,1.417901923083562,1.4164356335697703,1.414848528099218,1.4131293393203452,1.411266411523627,1.4092478133145707,1.407061460077499,1.404695243252693,1.4021371633788011,1.399375463840368,1.3963987623343843,1.3931961772768997,1.3897574466461586,1.3860730370973904,1.3821342415677498,1.3779332639934694,1.3734632901738204,1.3687185442144896,1.36369433036092,1.358387060374353,1.3527942669061976,1.3469146035816957,1.3407478327146454,1.334294801733631,1.327557409517674,1.320538563909848,1.3132421317116176,1.3056728824592,1.2978364272539893,1.2897391538646283,1.2669551580989669,1.2573247570218458,1.2474397787037277,1.2373119154353192,1.2269532729503734,1.2163762831916771,1.2055936216068734,1.1946181294302602,1.1834627412685694,1.1721404181900754,1.160664086411396,1.1490465815868045,1.1373005986303928,1.1254386469322537,1.1134730107874735,1.1014157148095658,1.0892784940728997,1.0770727687069297,1.0648096226503847,1.0524997862664187,1.040153622518046,1.027781116404664,1.015391867368742,1.0029950843878328,0.990599583482346,0.9782137873788218,0.965845727086577,0.9535030451563844,0.9411930004108436,0.928922473945921,0.9166979762227078,0.9045256550821444,0.8924113045301215,0.880360374154009,0.8683779790458577,0.8564689101204566,0.8446376447259218,0.8328883574581619,0.8212249311004853,0.8096509676166608,0.7981697991374904,0.7867844988869025,0.7754978920022638,0.7643125662080564,0.7532308823108624,0.7422549844864246,0.7313868103360125,0.7206281006927351,0.709980409162613,0.6994451113888757,0.6540981272964157,0.63166181428962,0.6098395204357596,0.5886325391794757,0.5680395735963448,0.54805708625655,0.5286796138935766,0.509900049370678,0.4917098934935091,0.4740994791909306,0.4570581705078621,0.4405745387400644,0.424636517901074,0.4092315415651499,0.3943466629729798,0.3799686601353413,0.3660841275189994,0.3526795557564043,0.3397414006863016,0.3272561429059752,0.3152103388989142,0.3035906646954222,0.2923839529241618,0.2815772240245929,0.2711577123078116,0.2611128874806432,0.251430472180874,0.2420984560157903,0.2331051065300917,0.2244389774993712,0.2160889148920653,0.2080440607967003,0.2002938555857128,0.1928280385988783,0.1856366474439038,0.1787100162330952,0.1720387728810198,0.1656138355429528,0.1594264084060601,0.1534679769043766
0.12579710144927536,1.4432423901282796,1.4432090083269928,1.44316727072242,1.4431150885576898,1.4430498525020448,1.4429683037904208,1.4428663739586969,1.442738985800924,1.442579806592499,1.4423809428060896,1.442132563485479,1.441822437220677,1.4414353653578478,1.4409524921219763,1.440350470622475,1.4396004638138695,1.43866696130051,1.437506398756648,1.4360655759975105,1.4342798262951677,1.433647409366162,1.433192291397705,1.4327163880791522,1.43221873766008,1.4316983037861593,1.4311539574426844,1.4305844539538468,1.4299884044275837,1.4293642412246028,1.4287101773099806,1.428024159703408,1.4273038176602189,1.4265464066727414,1.4257487498471977,1.4249071786231289,1.4240174751764525,1.4230748190794826,1.4220737409323707,1.4210080856102094,1.4198709876666604,1.4186548610019696,1.4173514045503524,1.4159516250966184,1.4144458777720097,1.4128239240712803,1.411075006612173,1.4091879392323676,1.4071512104851214,1.404953098155011,1.4025817920788128,1.4000255223549067,1.3972726899346122,1.3943119966185755,1.3911325716209046,1.387724092086566,1.3840768952479192,1.3801820802590508,1.3760315981289122,1.3716183285783137,1.366936143042187,1.3619799534232555,1.356745746558764,1.3512306046818594,1.3454327124364331,1.3393513512367776,1.3329868819472317,1.326340716997272,1.3194152831397226,1.3122139761169047,1.3047411085148355,1.2835537173672604,1.2745326632591456,1.2652358973384603,1.2556736939263775,1.2458569492898215,1.2357970878319668,1.225505971076826,1.2149958102583096,1.2042790831660668,1.1933684557471622,1.182276708826608,1.1710166701874518,1.1596011521411391,1.1480428946258687,1.136354513789561,1.1245484559474768,1.1126369567499046,1.1006320053506673,1.0885453133353946,1.0763882881428748,1.064172010696527,1.051907216953652,1.0396042830759638,1.027273213925365,1.0149236345942665,1.0025647846880492,0.9902055150864864,0.9778542869246764,0.9655191725481366,0.9532078582082196,0.9409276482842456,0.9286854708296935,0.9164878842577142,0.9043410849941704,0.892250915944426,0.8802228756303112,0.8682621278693934,0.8563735118817979,0.8445615527193925,0.8328304719264398,0.8211841983487699,0.8096263790186116,0.798160390053404,0.7867893475105301,0.7755161181523121,0.7643433300784583,0.7532733831910315,0.7423084594632027,0.731450532985986,0.7207013797727233,0.6743716236633732,0.6514143604290732,0.6290651389714381,0.6073281232672403,0.5862045212675119,0.5656929696943362,0.5457898815771597,0.5264897588366224,0.5077854723861988,0.4896685122782249,0.4721292103978942,0.455156938131416,0.4387402813213312,0.4228671946863893,0.4075251377341842,0.3927011940436168,0.3783821756395741,0.364554714035172,0.351205339374313,0.3383205489730876,0.3258868664335418,0.3138908923877572,0.302319347822739,0.2911591108399649,0.280397247613889,0.2700210382331764,0.2600179980355651,0.2503758949805732,0.2410827635501675,0.2321269155984461,0.223496948546471,0.2151817512626141,0.2071705079214723,0.1994527001125021,0.1920181074807153,0.1848568069919135,0.1779591711440237,0.171315865247948,0.1649178438536648,0.1587563465354338
0.13869565217391305,1.4432423901282203,1.4432090083270122,1.443167270722514,1.4431150885576975,1.4430498525020767,1.4429683037903525,1.4428663739587255,1.442738985800894,1.44257980659259,1.442380942806138,1.4421325634854614,1.4418224372163966,1.44143536535784,1.440952492122001,1.440350470622827,1.4396004638138644,1.438666961300813,1.437506398783094,1.4360655780547915,1.4342798926536924,1.4336475762365155,1.433192593024839,1.4327169183731976,1.4322196456112009,1.4316998195341413,1.4311564274995237,1.4305883874347514,1.4299945320347338,1.429373588436782,1.4287241527331251,1.428044658833836,1.4273333414338223,1.4265881931530695,1.425806916308486,1.424986870208574,1.4241250153124696,1.4232178560242303,1.4222613842698533,1.421251026290929,1.4201815952539405,1.4190472523024786,1.417841478558865,1.4165570603140434,1.4151860892369108,1.4137199789590036,1.4121494986920418,1.4104648241032736,1.4086556047839538,1.406711047229802,1.404620011596298,1.4023711200549582,1.399952874207209,1.3973537787652883,1.3945624685820588,1.391567836100025,1.3883591563863498,1.3849262071131554,1.3812593811075653,1.3773497894264104,1.373189353276185,1.368770883486043,1.3640881466367225,1.3591359173279942,1.3539100164285998,1.348407335477613,1.3426258476942732,1.336564606296815,1.3302237310278289,1.3236043839365397,1.316708735575138,1.2970206024598936,1.2885808327074229,1.279850175863788,1.2708371964238645,1.2615512727256306,1.2520025022268564,1.2422016072040605,1.2321598420458937,1.2218889031394748,1.211400842178207,1.200707983559089,1.189822846388079,1.17875807147382,1.1675263535663385,1.1561403789899474,1.1446127687207446,1.1329560268811265,1.1211824945515303,1.1093043087511631,1.097333366380434,1.085281292900648,1.0731594154870412,1.0609787403806292,1.0487499341510294,1.036483308579105,1.024188808866324,1.011876004883874,0.9995540851809038,0.9872318534810914,0.9749177274089657,0.9626197392009748,0.9503455381708686,0.9381023947118726,0.925897205636678,0.9137365006684254,0.90162644991214,0.8895728721506834,0.877581243823043,0.8656567085552432,0.8538040871296462,0.8420278877860572,0.8303323167638497,0.818721289000608,0.8071984389157604,0.7957671312145682,0.7844304716559478,0.7731913177361129,0.7620522892469378,0.7510157786718371,0.7400839613904212,0.6929042611368075,0.6694909164854176,0.6466773331023471,0.6244705983489688,0.6028744841190627,0.5818898644011741,0.5615150940395928,0.5417463506961293,0.5225779423166794,0.5040025825599416,0.4860116366957275,0.4685953404520751,0.4517429942115187,0.4354431348423356,0.4196836873141784,0.4044520981005541,0.3897354522179768,0.3755205756013444,0.3617941243669904,0.348542662374763,0.3357527283686282,0.3234108938508303,0.3115038127308748,0.3000182636853661,0.28894118606804,0.2782597101227388,0.2679611821714048,0.2580331853771918,0.2484635566244601,0.2392403999777544,0.2303520971663466,0.2217873154509854,0.2135350132277086,0.20558444364197,0.1979251565421843,0.1905469988493608,0.1834401137847141,0.1765949389086359,0.1700022033089246,0.1636529239876517
0.15159420289855075,1.4432423901283,1.4432090083269444,1.4431672707224774,1.443115088557718,1.443049852502016,1.4429683037903478,1.442866373958712,1.4427389858009383,1.442579806592596,1.4423809428061285,1.44213256348547,1.4418224372164534,1.4414353653578351,1.4409524921220116,1.4403504706228398,1.439600463813965,1.438666961300658,1.437506398785014,1.4360655783029217,1.4342799047240216,1.4336476100973896,1.4331926586870232,1.432717041822636,1.4322198709449872,1.4317002193933217,1.4311571181939695,1.4305895502023966,1.4299964420392486,1.4293766531813368,1.4287289615139125,1.428052044648155,1.4273444563629196,1.426604597664945,1.4258306821743083,1.4250206958394054,1.4241723513472264,1.4232830380112869,1.422349768353723,1.4213691230292012,1.4203371961074949,1.4192495430387588,1.418101133804868,1.4168863138201313,1.4155987750489811,1.4142315395804133,1.412776957534413,1.4112267206664593,1.4095718925442322,1.4078029554615386,1.405909873703724,1.4038821721397514,1.4017090285585847,1.399379377709835,1.396882024618404,1.3942057644848382,1.3913395063393788,1.3882723975787914,1.38499394659744,1.3814941408900812,1.3777635582560648,1.373793469043921,1.369575927728317,1.3651038524896737,1.3603710918497292,1.355372477795391,1.350103865175636,1.344562157487577,1.3387453194521424,1.3326523770276475,1.3262834057120385,1.3079842432106614,1.3000911707584155,1.291897404327467,1.2834096065558065,1.274635420031447,1.265583377411041,1.2562628091286976,1.2466837501860104,1.2368568473501045,1.2267932679145044,1.2165046110059627,1.2060028222557264,1.1953001124936156,1.1844088809768096,1.1733416435296211,1.1621109658488198,1.1507294021206027,1.139209439002215,1.127563444939953,1.1158036247283785,1.1039419791597005,1.0919902695684345,1.0799599870414531,1.0678623260391509,1.0557081621550777,1.0435080337313103,1.0312721270415577,1.0190102647540744,1.0067318973909842,0.9944460975069668,0.9821615563205096,0.96988658254286,0.9576291031630388,0.9453966659599984,0.9331964435303872,0.9210352386324402,0.9089194906636312,0.896855283103257,0.8848483517657727,0.8729040937250299,0.8610275767816465,0.8492235493596711,0.8374964507289874,0.8258504214623766,0.8142893140456051,0.8028167035675858,0.7914358984297315,0.7801499510162305,0.7689616682800218,0.7578736222018699,0.7099566656692795,0.6861423244638493,0.6629175315580729,0.640292335316716,0.6182731163512776,0.596863035560474,0.5760624423694128,0.5558692447489268,0.5362792430554335,0.5172864300060517,0.4988832592400679,0.4810608849540496,0.4638093750621986,0.4471179002483915,0.4309749011590025,0.4153682358489905,0.4002853094449938,0.3857131878398792,0.3716386970819887,0.3580485099777357,0.3449292212886434,0.3322674127718644,0.320049709194383,0.3082628263365972,0.2968936118995899,0.2859290801353286,0.2753564409338896,0.2651631240234623,0.2553367988680187,0.2458653907921985,0.2367370937804894,0.2279403803904323,0.2194640091230194,0.2112970295997609,0.203428785809622,0.1958489177470108,0.1885473615164783,0.1815143483337506,0.1747404023756885,0.1682163378132313
0.1644927536231884,1.443242390128244,1.4432090083269482,1.4431672707224197,1.4431150885577226,1.4430498525020523,1.442968303790336,1.44286637395874,1.4427389858009547,1.4425798065925313,1.4423809428061043,1.4421325634854965,1.4418224372163482,1.4414353653577612,1.4409524921220187,1.440350470622809,1.439600463813645,1.4386669613004794,1.4375063987851875,1.4360655783311256,1.4342799068228145,1.4336476166871115,1.43319267242589,1.4327170695014528,1.432219924912508,1.4317003213808284,1.4311573052648097,1.430589883703041,1.4299970206401031,1.4293776312948283,1.428730574532226,1.428054642522672,1.427348547021701,1.4266109015908146,1.4258401991343177,1.425034784257042,1.4241928201438054,1.4233122499507342,1.422390753046806,1.4214256968461003,1.4204140853944789,1.4193525062913466,1.4182370778923834,1.4170633990439023,1.4158265037742637,1.4145208234350946,1.4131401586986343,1.4116776636149104,1.410125843518525,1.4084765682324107,1.4067211013223682,1.4048501456749245,1.4028539050031477,1.4007221603056674,1.3984443597711158,1.3960097201093744,1.393407337011828,1.39062630206511,1.3876558233881195,1.3844853471812382,1.381104677458877,1.3775040913983243,1.373674447981643,1.3696072879053134,1.3652949230787803,1.360730514401832,1.3559081368851,1.3508228315476456,1.3454706438764457,1.3398486489507595,1.333954963619506,1.3169282771258335,1.3095434737154772,1.3018529137935595,1.2938612568565897,1.285574275930919,1.276998777987822,1.2681425188603732,1.2590141143959868,1.2496229494444329,1.2399790861262392,1.2300931726654252,1.219976353898491,1.2096401844086215,1.1990965450658893,1.1883575636049148,1.1774355397256444,1.166342875069737,1.1550920083104614,1.143695355486698,1.1321652556216644,1.120513921590373,1.108753396133216,1.0968955128612543,1.0849518620559837,1.0729337610334866,1.0608522288196365,1.0487179648656073,1.0365413315246532,1.0243323400054674,1.0121006395189978,0.9998555093397358,0.9876058535094344,0.9753601979226084,0.9631266895423032,0.9509130975114628,0.9387268159353412,0.9265748681279948,0.9144639121287238,0.902400247310126,0.8903898219137691,0.8784382413622951,0.8665507772132475,0.854732376629309,0.8429876722542176,0.8313209923946674,0.8197363714195569,0.8082375602960887,0.796828037195223,0.785511018102808,0.7742894673855445,0.7257322306963102,0.7015643462705493,0.677974154152356,0.6549746891826042,0.6325749741443573,0.6107804958746056,0.5895936411400703,0.5690140933147003,0.5490391915386843,0.5296642544525968,0.5108828708405478,0.4926871596296027,0.4750680017106251,0.4580152459987266,0.4415178920600989,0.4255642515094178,0.4101420902436455,0.3952387534304198,0.3808412750192459,0.3669364733952044,0.35351103465339,0.3405515848348058,0.3280447523388773,0.3159772216080602,0.3043357790704495,0.2931073522269919,0.2822790426775203,0.271838153796053,0.2617722136913383,0.2520689940181547,0.2427165251533982,0.2337031081661062,0.225017324011639,0.2166480402771055,0.2085844158200867,0.2008159035521323,0.1933322516776383,0.1861235034628124,0.179179995948859,0.1724923575615787
0.1773913043478261,1.4432423901284133,1.443209008326998,1.443167270722418,1.4431150885575703,1.4430498525020528,1.4429683037899557,1.44286637395872,1.4427389858009252,1.442579806592465,1.4423809428061196,1.4421325634855915,1.4418224372163742,1.4414353653578056,1.4409524921220178,1.440350470622812,1.4396004638134243,1.4386669613004754,1.4375063987851862,1.4360655783342282,1.43427990717042,1.4336476179134396,1.4331926751809394,1.4327170754621072,1.4322199373522837,1.431700346466041,1.4311573542171006,1.4305899762846934,1.429997190579052,1.42937793444969,1.4287311007952026,1.4280555326376108,1.42735001563683,1.4266132679434245,1.4258439267356764,1.4250405307913934,1.424201498491493,1.4233251007859695,1.4224094288539924,1.4214523564728807,1.4204514974528004,1.419404158889655,1.4183072913989072,1.4171574378965248,1.4159506828515307,1.4146826041987266,1.4133482303056932,1.4119420043884048,1.4104577587268825,1.4088887007706477,1.407227412890047,1.405465867064427,1.4035954552631682,1.4016070356874009,1.3994909944466405,1.3972373216725014,1.3948357005393952,1.3922756072214924,1.389546419458096,1.386637531156186,1.3835384703227658,1.3802390175955586,1.3767293227177266,1.3730000164690592,1.3690423158085618,1.364848120281471,1.3604100980852598,1.3557217605474765,1.3507775241401971,1.3455727595105276,1.3401038273513428,1.3242316349459595,1.3173147509956669,1.3100911599595837,1.30256349720686,1.2947356083313124,1.2866124846814455,1.278200190272716,1.2695057819501008,1.260537224586345,1.251303302989229,1.2418135320531176,1.232078066537259,1.222107611690672,1.2119133357786585,1.2015067854009318,1.1908998043353003,1.1801044564889005,1.1691329534029071,1.1579975866288308,1.1467106651821457,1.1352844581795505,1.1237311426797716,1.1120627566746046,1.100291157116003,1.088427982814692,1.076484622011687,1.064472184375566,1.052401477194425,1.0402829854692777,1.028126855646596,1.0159428827039954,1.0037405003118225,0.9915287737970828,0.9793163956435516,0.9671116832735775,0.9549225788683572,0.9427566509955811,0.930621097830483,0.91852275176601,0.9064680852275734,0.8944632175183692,0.8825139225368125,0.870625637222703,0.858803470599579,0.8470522132951815,0.8353763474326434,0.8237800567976442,0.8122672371955074,0.8008415069232189,0.7895062172897538,0.7403931543016189,0.7159130986672868,0.6919974671887754,0.6686622967321197,0.6459192765236544,0.6237762498115987,0.6022376754433935,0.5813050497258774,0.5609772897885239,0.5412510802404792,0.5221211852760933,0.5035807285841004,0.4856214435011379,0.4682338958491919,0.4514076818369356,0.4351316033038558,0.4193938224603488,0.4041819981357153,0.3894834053987617,0.3752850402662089,0.3615737110691124,0.3483361179069735,0.3355589214865859,0.3232288025187471,0.3113325127302414,0.2998569184424935,0.2887890375712622,0.2781160708121246,0.2678254276971843,0.2579047481336225,0.2483419199694037,0.2391250930810637,0.2302426903944764,0.2216834162469415,0.2134362624305064,0.2054905121999885,0.1978357425265679,0.1904618248841973,0.1833589246404452,0.1765174993963541
0.19028985507246376,1.4432423901282527,1.4432090083269973,1.4431672707223056,1.4431150885576989,1.4430498525020712,1.4429683037903418,1.442866373959237,1.4427389858009696,1.4425798065925235,1.442380942805918,1.4421325634854807,1.4418224372164137,1.4414353653578356,1.4409524921220025,1.4403504706228158,1.4396004638138378,1.4386669613006624,1.4375063987851715,1.4360655783344658,1.4342799072252277,1.4336476181311115,1.4331926757087383,1.4327170766915167,1.4322199401049618,1.4317003524010536,1.431157366563072,1.4305900011019956,1.429997238860808,1.4293780254950872,1.4287312674407784,1.4280558291062964,1.4273505289409931,1.4266141339435403,1.425845352085794,1.4250428220547022,1.4242050996822142,1.4233306404283992,1.4224177773573925,1.421464694178781,1.420469393140386,1.4194296578427614,1.4183430113923374,1.417206670695774,1.416017498103464,1.4147719519892528,1.4134660381934263,1.412095264507248,1.410654600522371,1.4091384451938134,1.4075406043479266,1.4058542801247809,1.404072073977828,1.4021860043928938,1.4001875399495105,1.398067647778723,1.3958168568838574,1.3934253352498518,1.390882979148595,1.3881795126520045,1.3853045950160296,1.382247933396036,1.3789993982368398,1.375549138679116,1.3718876954145107,1.3680061086051916,1.363896018728182,1.3595497585087302,1.3549604344439046,1.3501219967729818,1.3450292971108917,1.330195454477467,1.3237056109855594,1.3169115991901,1.3098140784061905,1.3024149758512555,1.2947174412136793,1.2867257896781206,1.2784454352760874,1.2698828164243088,1.2610453154596033,1.2519411738890782,1.2425794049538672,1.2329697049641235,1.2231223647098697,1.2130481820900505,1.2027583769408436,1.1922645088850972,1.1815783988699828,1.1707120549206262,1.159677602500227,1.1484872197520752,1.1371530777895351,1.1256872861074256,1.114101843107664,1.1024085916660369,1.0906191796059466,1.0787450249068509,1.0667972854330323,1.05478683294581,1.0427242311424507,1.0306197174524865,1.0184831883169096,1.0063241876739937,0.9941518983783711,0.981975136286366,0.9698023467487452,0.957641603264031,0.945500608055826,0.9333866943539196,0.9213068301691568,0.9092676233695124,0.8972753278782319,0.8853358508277885,0.8734547605193854,0.8616372950494295,0.849888371478978,0.8382125954319585,0.8266142710218208,0.8150974110161369,0.8036657471579054,0.7540711514282126,0.7293153632325177,0.7051095063196755,0.681472626846225,0.65841909715281,0.6359591403432197,0.6140993155345331,0.5928429633502597,0.572190612312418,0.552140347539227,0.5326881436551691,0.513828164127255,0.4955530294003601,0.477854056262419,0.4607214708468947,0.4441445976074334,0.4281120264909699,0.41261176040336,0.3976313449205637,0.383157982049561,0.369178629696696,0.355680088357883,0.3426490764076965,0.3300722952358228,0.317936485357591,0.3062284745156097,0.2949352186842228,0.2840438367967143,0.2735416399286784,0.2634161555931932,0.2536551477319659,0.2442466329358378,0.2351788933313778,0.2264404865879247,0.2180202533736429,0.2099073226234536,0.2020911148707165,0.1945613439704296,0.1873080172842418,0.1803214347667517
0.20318840579710146,1.4432423901282678,1.4432090083270126,1.4431672707224,1.4431150885576722,1.443049852502062,1.4429683037903729,1.442866373958785,1.4427389858008812,1.4425798065925537,1.4423809428061165,1.4421325634854214,1.4418224372163684,1.441435365357828,1.4409524921219958,1.4403504706228143,1.4396004638138384,1.4386669613006309,1.437506398785198,1.4360655783344924,1.4342799072333436,1.433647618167737,1.4331926758054057,1.43271707693392,1.4322199406881706,1.4317003537483397,1.431157369556786,1.430590007510537,1.4299972521002318,1.4293780519327546,1.4287313185498054,1.4280559248987827,1.4273507032573378,1.426614442333234,1.4258458831829477,1.4250437134983678,1.4242065597343463,1.4233329764853462,1.422421432490504,1.4214702926717655,1.4204777956818655,1.419442026603349,1.4183608846563966,1.4172320460748116,1.4160529226542766,1.4148206168628283,1.4135318747910948,1.4121830385865397,1.410770000317121,1.4092881594363056,1.4077323861259303,1.406096992781797,1.404375715756766,1.402561709207835,1.4006475525031092,1.3986252721780466,1.396486378886478,1.3942219192354368,1.3918225418251131,1.3892785762932185,1.386580123692139,1.383717156145945,1.3806796234435308,1.377457564042904,1.3740412178832089,1.3704211384260063,1.3665883014644062,1.362534208434477,1.3582509822230475,1.3537314537732272,1.3489692381251055,1.335061765723133,1.3289585682005407,1.3225566311276002,1.315854743324028,1.3088529800527129,1.3015526794773888,1.2939564050488603,1.2860678955507878,1.2778920046144076,1.2694346315395273,1.2607026452292325,1.2517038029816288,1.2424466657759976,1.2329405115670844,1.2231952479549508,1.2132213254437818,1.2030296523449977,1.1926315122190203,1.182038484598672,1.171262369589757,1.1603151168042694,1.149208758966797,1.1379553504096993,1.1265669105831928,1.115055372615521,1.1034325368861,1.0917100295124176,1.0798992656008088,1.068011417071741,1.0560573848378965,1.044047775092534,1.031992879448259,1.0199026586581348,1.0077867296477303,0.995654355585568,0.9835144387257952,0.971375515762648,0.9592457554466703,0.9471329582233408,0.9350445576684796,0.9229876235061936,0.9109688660121636,0.8989946416163904,0.8870709595344056,0.8752034892713517,0.8633975688551618,0.85165821366781,0.8399901257585629,0.8283977035311525,0.8168850517111578,0.7668748472819317,0.7418757021425858,0.7174109251729877,0.6935025720330169,0.6701677084420905,0.6474189549297473,0.625264993638178,0.6037110358235966,0.5827592500423564,0.5624091519588402,0.5426579573671609,0.5235009004420811,0.504931519484746,0.486941912548711,0.469522965357305,0.4526645538831865,0.4363557238725609,0.4205848494805105,0.4053397730485352,0.3906079279115005,0.3763764459739628,0.3626322516509491,0.3493621436281512,0.336552865762131,0.3241911683171514,0.3122638606171325,0.3007578560840319,0.28966021053532,0.2789581545225151,0.2686391204103737,0.2586907648227244,0.249100987010538,0.2398579436528553,0.2309500605033557,0.2223660413080464,0.2140948743410474,0.2061258368430927,0.1984484976536135,0.1910527183442765,0.1839286528842791
0.21608695652173915,1.4432423901283178,1.443209008326973,1.4431672707224248,1.4431150885577566,1.4430498525021935,1.4429683037904573,1.442866373958729,1.4427389858009547,1.4425798065925362,1.442380942806128,1.4421325634854003,1.441822437216376,1.4414353653578138,1.4409524921218344,1.4403504706228034,1.4396004638138398,1.4386669613006446,1.4375063987852026,1.4360655783345202,1.434279907234299,1.433647618173598,1.4331926758221878,1.4327170769793014,1.432219940806308,1.4317003540411235,1.4311573702530191,1.430590009101097,1.429997255596117,1.4293780593390883,1.4287313336992398,1.4280559548644718,1.4273507606619982,1.426614548993356,1.4258460756661466,1.4250440513268685,1.4242071371164724,1.4233339385857071,1.4224229973332974,1.4214727797780768,1.4204816624665686,1.4194479133537667,1.4183696686011664,1.4172449046053128,1.4160714052222858,1.414846724450897,1.4135681451988087,1.4122326351343772,1.4108368009910508,1.4093768430402267,1.407848511712106,1.4062470685258055,1.404567253548191,1.4028032615543742,1.4009487288512048,1.398996732449793,1.396939802825939,1.394769951060032,1.392478710580284,1.3900571931996577,1.3874961585895522,1.38478609584258,1.381917315346079,1.3788800488461803,1.3756645553397897,1.3722612302889077,1.3686607156148278,1.364854007988351,1.36083256307598,1.3565883936183023,1.3521141594903514,1.3390268379670636,1.3332711120415446,1.3272243990045376,1.3208837686839632,1.3142475583986688,1.3073153729701987,1.3000880687181708,1.292567722882459,1.2847575900981607,1.2766620476648152,1.2682865314038752,1.2596374638976728,1.2507221768558443,1.2415488292704708,1.2321263229099495,1.2224642165654904,1.212572640319323,1.2024622109475662,1.19214394941422,1.1816292012600544,1.1709295605406254,1.160056797829787,1.149022792676115,1.1378394707826067,1.126518746077107,1.1150724677489283,1.1035123722485307,1.0918500401813491,1.080096857970654,1.0682639841210502,1.0563623198785987,1.044402484057262,1.0323947917833292,1.0203492368969524,1.0082754777439955,0.996182826089814,0.9840802388888952,0.9719763126510058,0.9598792801513778,0.947797009244428,0.9357370035514446,0.9237064048053568,0.91171199665084,0.899760209709426,0.8878571277359899,0.8760084947041665,0.8642197226743358,0.8524959003089114,0.8408418019130117,0.8292618968908018,0.7788950237240131,0.75368150757121,0.7289858551956508,0.7048331258610613,0.6812430834368934,0.6582307584642038,0.6358069742955919,0.6139788349041307,0.5927501735683,0.5721219628128452,0.5520926868114929,0.5326586780129702,0.5138144201031761,0.4955528196097793,0.477865448536201,0.4607427604103427,0.444174282071767,0.4281487834230639,0.4126544272454516,0.397678901041703,0.3832095327235691,0.3692333918152472,0.3557373777029038,0.3427082963214509,0.3301329265418636,0.3179980774001193,0.3062906371961281,0.2949976153882492,0.2841061781132912,0.2736036780755114,0.2634776794700638,0.2537159785321438,0.2443066202565179,0.2352379117223308,0.2264984324951482,0.2180770424292536,0.20996288724765,0.2021454021477248,0.1946143137701752,0.1873596405971862
0.2289855072463768,1.443242390128269,1.4432090083271678,1.4431672707225005,1.4431150885576698,1.4430498525020543,1.4429683037903305,1.4428663739587,1.442738985801093,1.4425798065925577,1.4423809428059935,1.4421325634855675,1.4418224372164543,1.441435365357837,1.4409524921218153,1.4403504706228327,1.4396004638135742,1.4386669613006082,1.437506398785204,1.436065578334507,1.434279907234684,1.4336476181744475,1.4331926758246705,1.4327170769875228,1.4322199408288891,1.431700354101797,1.43115737040797,1.4305900094795685,1.4299972564830017,1.429378061336448,1.4287313380299715,1.4280559639208177,1.427350778957308,1.4266145847530831,1.425846143395688,1.425044175809936,1.4242073594406897,1.4233343249310015,1.4224236513957622,1.4214738598089616,1.4204834039584362,1.4194506583880395,1.418373902754118,1.4172513020848907,1.4160808825638251,1.4148605026500356,1.4135878196238338,1.4122602519549234,1.4108749382532673,1.4094286939340148,1.4079179670741857,1.406338795247296,1.4046867653486923,1.4029569785522236,1.4011440225480265,1.399241953104447,1.3972442867542714,1.3951440060691636,1.392933578545967,1.3906049896345394,1.3881497898993436,1.3855591557741096,1.382823962860538,1.379934870256598,1.3768824140288982,1.3736571076409905,1.370249546959377,1.3666505173649528,1.362851100502651,1.3588427782972337,1.354617532037351,1.342250950685024,1.3368052680118407,1.3310781483007492,1.3250651286379558,1.3187629602684388,1.3121696326201504,1.305284380079905,1.298107672547694,1.2906411910817448,1.282887790155654,1.274851448192516,1.2665372081191648,1.257951109703778,1.2491001154150392,1.2399920314722834,1.2306354256567007,1.2210395433332966,1.21121422298957,1.2011698124520531,1.190917086785752,1.180467168728568,1.169831452369992,1.1590215306311804,1.1480491269867668,1.1369260317380618,1.1256640430447222,1.1142749128256582,1.1027702975581115,1.0911617139315457,1.0794604992564272,1.067677776478224,1.0558244236092145,1.043911047361308,1.0319479607418491,1.0199451643595112,1.007912331179366,0.995858794462496,0.983793538626896,0.9717251927704929,0.9596620266043052,0.9476119485538086,0.9355825057970328,0.9235808860207756,0.9116139206893058,0.8996880896332221,0.887809526780587,0.8759840268659547,0.8642170529651074,0.8525137447196958,0.8408789271240107,0.7902084319229508,0.764806671190133,0.7399054374205076,0.7155327821907023,0.691711167507871,0.668458042218779,0.645786385178404,0.6237052115874685,0.6022200408195313,0.5813333254686066,0.5610448423649571,0.5413520470085054,0.52225039333207,0.5037336209860123,0.4857940124790385,0.4684226225515424,0.4516094821317888,0.4353437791443341,0.4196140183323379,0.4044081621236376,0.3897137544299638,0.3755180291239793,0.3618080047943703,0.3485705672404137,0.3357925410332744,0.3234607513465747,0.3115620771413971,0.3000834966831989,0.2890121262680201,0.2783352529458547,0.2680403619450109,0.2581151594276344,0.2485475911356758,0.2393258574440732,0.2304384252295981,0.2218740369914969,0.2136217175728415,0.2056707787619655,0.1980108220733117,0.1906317400213588
0.2418840579710145,1.4432423901282458,1.4432090083270197,1.4431672707224594,1.4431150885577275,1.4430498525020476,1.4429683037902703,1.442866373958705,1.442738985800885,1.44257980659255,1.442380942806139,1.4421325634854194,1.4418224372164483,1.4414353653578211,1.440952492122001,1.4403504706228285,1.4396004638138589,1.438666961300608,1.4375063987852423,1.4360655783345306,1.4342799072346974,1.433647618174641,1.433192675825381,1.4327170769888726,1.4322199408331269,1.431700354114111,1.4311573704407408,1.4305900095656872,1.429997256698625,1.4293780618537233,1.4287313392212757,1.4280559665595831,1.4273507845886195,1.4266145963520978,1.425846166490102,1.4250442203291134,1.4242074426516709,1.4233344759454454,1.4224239178641869,1.42147431754998,1.4204841703893296,1.4194519107045778,1.4183759018281463,1.4172544229927169,1.4160856525060936,1.4148676467640109,1.4135983148190086,1.4122753884401404,1.4108963878962897,1.4094585840127891,1.40795895741653,1.406394156240543,1.4047604538739276,1.4030537086133317,1.4012693272482155,1.3994022346768482,1.3974468516084602,1.395397082235592,1.393246313476951,1.3909874270114382,1.388612824865266,1.3861144688102085,1.3834839333027773,1.3807124711847991,1.3777910908880953,1.374710643475438,1.371461917518083,1.368035739572021,1.364423077872644,1.3606151468282663,1.3566035099400748,1.3448657008216716,1.3396947441350635,1.3342532172422237,1.3285353348629334,1.3225364424550912,1.3162530635329994,1.3096829293084329,1.3028249911581504,1.2956794167982124,1.2882475713491417,1.280531984712744,1.2725363068457392,1.26426525261467,1.2557245379600492,1.246920809087508,1.2378615663528678,1.2285550844216986,1.2190103301711122,1.2092368796717556,1.1992448354416547,1.1890447450182324,1.1786475217398025,1.1680643684839975,1.1573067049667114,1.1463860990744317,1.1353142025798957,1.124102691481096,1.112763211105682,1.1013073260364907,1.0897464748411083,1.0780919295251266,1.066354759578913,1.0545458004452122,1.042675626203984,1.0307545262463926,1.018792485693047,1.0067991693026797,0.994783908609627,0.9827556920311294,0.970723157686146,0.9586945886752792,0.9466779105787652,0.9346806909410244,0.9227101405213716,0.9107731161031056,0.8988761246675484,0.887025328751505,0.8752265528218652,0.8634852905133299,0.851806712588368,0.8008806210014111,0.7753143066185189,0.7502304427483358,0.7256600571547686,0.7016283057376772,0.6781550601984399,0.6552554658296029,0.632940464523039,0.6112172803172937,0.5900898664765645,0.5695593143132145,0.5496242248307537,0.5302810448515729,0.5115243696674324,0.4933472144647474,0.4757412568713252,0.4586970529798373,0.4422042291516966,0.4262516518109735,0.4108275773189211,0.3959197838847467,0.3815156873248762,0.3676024423400928,0.3541670308373886,0.3411963386880871,0.3286772221842129,0.3165965653339139,0.3049413290251022,0.2936985929822038,0.2828555913467237,0.272399742625304,0.2623186746704505,0.2526002452854715,0.2432325590015117,0.2342039804529589,0.2255031448359011,0.2171189657602756,0.2090406408844584,0.2012576555710315,0.1937597849070876
0.25478260869565217,1.4432423901283304,1.4432090083269813,1.4431672707222052,1.4431150885577062,1.4430498525020694,1.442968303790371,1.4428663739586691,1.4427389858009154,1.4425798065925528,1.4423809428061214,1.4421325634854636,1.4418224372170738,1.4414353653578411,1.4409524921219767,1.4403504706228647,1.4396004638138216,1.438666961300612,1.437506398785018,1.4360655783344811,1.4342799072346653,1.4336476181746578,1.4331926758253986,1.4327170769897275,1.4322199408336338,1.4317003541161948,1.431157370447528,1.4305900095844228,1.4299972567487522,1.42937806198211,1.4287313395358958,1.428055967299222,1.427350786259255,1.4266145999847797,1.4258461741062611,1.4250442357529935,1.4242074728693064,1.4233345333040357,1.422424023504246,1.4214745065887822,1.420484499496319,1.4194524688313976,1.4183768249489053,1.417255913768284,1.4160880057612533,1.4148712815808615,1.4136038138459497,1.4122835447303432,1.4109082591854172,1.409475553882737,1.407982802264477,1.4064271164285065,1.4048053069230326,1.4031138418599192,1.4013488070392597,1.3995058689937,1.3975802429747022,1.3955666679138914,1.393459390279147,1.3912521585187412,1.3889382294591912,1.3865103876024794,1.3839609777997095,1.3812819512686911,1.378464924409365,1.375501249397772,1.3723820950997443,1.3690985364876502,1.3656416504709403,1.36200261586656,1.3581728151563814,1.3469795708339656,1.3420503739045104,1.3368623577994283,1.331408639530363,1.3256833584972751,1.3196817453005336,1.3134001732891198,1.3068361927465555,1.2999885480689977,1.2928571786802083,1.2854432047513118,1.2777488990472563,1.2697776464057964,1.2615338924740138,1.253023083387519,1.2442515980835258,1.2352266749049965,1.2259563340728843,1.216449297508506,1.2067149073593393,1.1967630444477877,1.186604047711147,1.1762486355650532,1.165707829961545,1.154992883783042,1.144115212075931,1.1330863275048233,1.1219177802961904,1.110621102840152,1.0992077590306264,1.087689098348197,1.0760763146247796,1.064380409376061,1.0526121595436333,1.0407820894549904,1.028900446783025,1.016977182268744,1.0050219329581176,0.9930440086985286,0.981052381636993,0.9690556784659846,0.9570621751663922,0.945079794006654,0.9331161025652406,0.9211783145559056,0.9092732922476898,0.8974075502834509,0.8855872607151646,0.8738182590871315,0.8621060514116301,0.8109680750261997,0.7852588061890401,0.7600132515482743,0.735265394520256,0.7110430768507044,0.6873685943298854,0.664259266695681,0.6417279753705343,0.6197836652413009,0.598431808641107,0.5776748311319317,0.5575124997296397,0.5379422749368888,0.518959628428734,0.5005583285291229,0.4827306957702941,0.4654678308780333,0.4487598175042189,0.432595901955672,0.4169646520607989,0.4018540971902433,0.387251851307169,0.3731452207815945,0.3595212985595192,0.3463670461401323,0.3336693646814427,0.3214151564303252,0.3095913775569152,0.2981850833651794,0.2871834667534235,0.2765738907075575,0.266343915527776,0.2564813214156244,0.2469741269763161,0.2378106041550043,0.228979290003298,0.220468995719603,0.2122688133088114,0.2043681201314841,0.1967565816728054
0.26768115942028986,1.4432423901282851,1.443209008326996,1.4431672707223568,1.4431150885576909,1.4430498525020483,1.4429683037903445,1.4428663739587204,1.442738985800915,1.442579806593005,1.4423809428060943,1.4421325634853035,1.441822437216151,1.4414353653578609,1.4409524921220047,1.4403504706228445,1.439600463813844,1.438666961300586,1.4375063987850856,1.4360655783345049,1.4342799072346697,1.4336476181746447,1.4331926758254092,1.4327170769890611,1.4322199408336918,1.4317003541164817,1.4311573704487943,1.4305900095882684,1.4299972567597017,1.4293780620125556,1.4287313396155037,1.4280559674981372,1.4273507867357975,1.4266146010806355,1.4258461765305157,1.4250442409195023,1.4242074834965115,1.423334554435673,1.4224240641877652,1.42147458253561,1.4204846371613282,1.4194527114586826,1.418377241260014,1.4172566100583597,1.416089142250177,1.4148730938731071,1.4136066403068137,1.4122878604378457,1.4109147168869292,1.4094850320496597,1.4079964599276769,1.4064464539984751,1.4048322316909938,1.4031507363758005,1.4013985981031083,1.3995720946543062,1.3976671146101072,1.3956791244958249,1.393603141844071,1.3914337162435908,1.3891649199729257,1.3867903498203056,1.3843031411011892,1.3816959945543872,1.3789612162769045,1.3760907703681218,1.373076343465107,1.3699094199112931,1.366581365919951,1.3630835207829388,1.3594072929750844,1.3486822419863829,1.3439643313741438,1.3389998542289632,1.333781059883137,1.328301092501249,1.3225540786509613,1.3165351988479783,1.3102407423360307,1.3036681448664815,1.2968160097013524,1.2896841124635992,1.28227339079618,1.274585920058196,1.2666248764887216,1.2583944894018269,1.2498999840533362,1.2411475168394115,1.2321441044642552,1.2228975486500406,1.213416357869879,1.2037096674689756,1.1937871594076006,1.1836589827184127,1.1733356756267423,1.1628280901368513,1.152147319748322,1.141304630832541,1.1303113980757271,1.1191790442820746,1.1079189847274526,1.0965425761654293,1.0850610705082713,1.0734855731391288,1.0618270057562038,1.0500960736034626,1.038303236907183,1.0264586863094092,1.0145723220691203,1.0026537367894826,0.9907122014184092,0.9787566542749848,0.9667956928409468,0.9548375680775062,0.9428901810223954,0.9309610814369416,0.9190574682825288,0.9071861918173824,0.8953537571178272,0.8835663288407607,0.8718297370574486,0.8205198535133336,0.7946874198710785,0.7692993733607021,0.7443926284286795,0.7199977011490793,0.6961393096613785,0.6728369535734565,0.6501054643976021,0.6279555220064248,0.6063941343330687,0.5854250792255886,0.5650493085944585,0.5452653158674361,0.5260694683631314,0.5074563065731218,0.4894188125655412,0.4719486498206292,0.4550363768224633,0.4386716366833389,0.4228433249855453,0.4075397379095418,0.3927487025839066,0.37845769145227,0.3646539223094548,0.3513244455203024,0.3384562197982406,0.3260361777940238,0.3140512826246677,0.3024885763610354,0.2913352213905651,0.2805785354769517,0.2702060212532605,0.2602053908067877,0.2505645859400618,0.2412717946547168,0.2323154642687407,0.2236843116619607,0.2153673309419871,0.207353798928225,0.1996332786793481
0.28057971014492755,1.4432423901282634,1.4432090083270095,1.443167270722501,1.443115088557668,1.4430498525020217,1.442968303790104,1.4428663739587908,1.4427389858007835,1.442579806592575,1.442380942806101,1.4421325634855289,1.4418224372164148,1.4414353653578682,1.4409524921219845,1.4403504706228134,1.439600463813829,1.4386669613006415,1.4375063987850685,1.4360655783345322,1.4342799072346768,1.4336476181746816,1.4331926758254052,1.4327170769891056,1.4322199408338467,1.4317003541165183,1.4311573704489826,1.4305900095888222,1.4299972567621235,1.429378062019447,1.4287313396347252,1.428055967549416,1.427350786866206,1.4266146013984826,1.4258461772737228,1.4250442425893723,1.424207487108874,1.423334561972862,1.422424079380282,1.421474612166743,1.4204846931640382,1.4194528141758818,1.4183774243408491,1.4172569275831168,1.4160896787751327,1.414873978170196,1.4136080636109791,1.4122900999889676,1.4109181654592764,1.4094902339697255,1.4080041538067012,1.4064576220424423,1.404848155021098,1.4031730553216224,1.401429375947837,1.3996138828422846,1.3977230171090638,1.395752858604725,1.3936990927257744,1.391556982321968,1.3893213466356338,1.3869865490449915,1.3845464951452486,1.3819946423727931,1.3793240219641725,1.3765272735846834,1.373596692474806,1.3705242884877886,1.3673018559330803,1.3639210527557175,1.3603734872500697,1.3500479846979176,1.3455134440035128,1.3407447588239585,1.3357335383400004,1.3304721458003577,1.3249538013637785,1.3191726709118885,1.3131239394553766,1.306803868280943,1.3002098354897162,1.293340360035493,1.2861951097828166,1.2787748944480697,1.2710816445681714,1.2631183778536306,1.254889154431188,1.246399022569524,1.237653956514535,1.2286607880475051,1.2194271333273403,1.2099613164925822,1.2002722913913757,1.1903695626807211,1.180263107402445,1.1699632979990813,1.1594808275913968,1.14882663820282,1.1380118524795346,1.1270477093342377,1.1159455038259538,1.104716531485632,1.0933720372064568,1.081923168737741,1.07038093475314,1.0587561674069883,1.0470594892447826,1.0353012842970448,1.0234916731561237,1.0116404918140889,0.9997572740257668,0.9878512369509362,0.9759312698268016,0.964005925421558,0.9520834140236536,0.940171599727564,0.928277998786169,0.9164097798094932,0.9045737656011348,0.8927764364366394,0.8810239346000964,0.8295788688385791,0.8036414847315114,0.7781286302621979,0.7530801224311884,0.7285291369063908,0.7045028097284457,0.6810228234910959,0.6581059683570741,0.6357646715567435,0.6140074915661414,0.5928395750987029,0.5722630764817408,0.5522775400264417,0.5328802467229573,0.5140665270711045,0.4958300421509237,0.4781630351914349,0.4610565559492454,0.4445006601871521,0.4284845864730036,0.4129969124133799,0.3980256923118779,0.3835585781044517,0.3695829252831924,0.3560858853794011,0.3430544864394114,0.3304757027963886,0.318336515317714,0.3066239631930437,0.2953251882213852,0.2844274724584918,0.2739182699961743,0.2637852335637997,0.2540162365697888,0.2445993911289338,0.2355230625901607,0.2267758809453994,0.218346749566098,0.2102248516066456,0.2023996543315546
0.2934782608695652,1.4432423901282565,1.443209008326941,1.443167270722434,1.4431150885577035,1.443049852502012,1.4429683037903758,1.4428663739586007,1.4427389858009592,1.442579806592597,1.4423809428060246,1.4421325634853996,1.4418224372163997,1.441435365357823,1.4409524921219816,1.4403504706228314,1.4396004638138615,1.438666961300631,1.4375063987852412,1.436065578334354,1.4342799072345744,1.433647618174663,1.433192675825433,1.4327170769891442,1.43221994083384,1.4317003541165914,1.4311573704490106,1.430590009588997,1.429997256762699,1.4293780620208307,1.4287313396391503,1.4280559675620088,1.4273507868996769,1.4266146014869516,1.4258461774926632,1.425044243109011,1.4242074882933815,1.4233345645704083,1.422424084871278,1.4214746233732685,1.4204847152818156,1.4194528564542412,1.418377502726824,1.417257068741941,1.4160899260067237,1.4148743998464324,1.413608764842205,1.4122912382834758,1.410919971134862,1.4094930360193665,1.4080084117647027,1.4064639641697003,1.404857422811414,1.4031863539419556,1.4014481297934571,1.3996398949240112,1.3977585305541784,1.395800618155681,1.3937624038200151,1.3916397651432502,1.389428182477328,1.3871227164181772,1.3847179933098517,1.38220820034233,1.379587091528859,1.3768480054662215,1.3739838953533534,1.3709873712698808,1.367850754249584,1.3645661412298549,1.36112547955665,1.3511383580196037,1.346761830914256,1.3421634683066122,1.337334457501027,1.3322665918992502,1.326952385083847,1.3213851735175284,1.3155592058858026,1.3094697176262882,1.3031129897003029,1.2964863911606388,1.2895884055298177,1.2824186414146712,1.27497782813575,1.267267797437878,1.2592914525715515,1.2510527261935398,1.2425565286332236,1.2338086881156147,1.2248158845285355,1.2155855782764615,1.2061259356883989,1.1964457523436596,1.186554375560774,1.1764616271618495,1.166177727487176,1.1557132214948065,1.145078907643016,1.1342857701214353,1.1233449148735442,1.1122675097388386,1.1010647289393227,1.0897477020439783,1.0783274674630252,1.066814930455628,1.0552208255754083,1.0435556834304174,1.0318298015956615,1.020053219484989,1.008235696967944,0.996386696500703,0.984515368530476,0.972630539928326,0.9607407052041796,0.9488540202618568,0.9369782984565548,0.9251210087265336,0.9132892755800622,0.901489880729628,0.889729266178187,0.8381828936461502,0.8121573945257511,0.7865360901184137,0.7613616678096644,0.7366699450930294,0.7124904689582134,0.6888471060114957,0.6657586118545559,0.6432391719160061,0.6212989088027613,0.5999443534476393,0.5791788789853735,0.5590030975029365,0.5394152206725422,0.5204113858592768,0.5019859496732088,0.4841317511490951,0.4668403468353253,0.4501022200848316,0.4339069667921627,0.4182434597308769,0.4030999935294012,0.3884644121916535,0.3743242209296452,0.3606666839347039,0.3474789095753869,0.3347479243773738,0.3224607370140374,0.3106043934183539,0.2991660240171283,0.2881328839871862,0.2774923873406958,0.2672321355624936,0.257339941445274,0.2478038486953103,0.2386121478490857,0.229753388892328,0.2212163910819955,0.2129902502424188,0.2050643439387091
0.30637681159420294,1.4432423901282607,1.4432090083271314,1.4431672707224434,1.4431150885576918,1.443049852502062,1.4429683037903909,1.442866373958683,1.442738985800936,1.4425798065930515,1.4423809428061647,1.442132563485527,1.441822437213774,1.441435365357865,1.4409524921219643,1.4403504706228345,1.43960046381389,1.438666961300608,1.4375063987852248,1.4360655783344518,1.4342799072346748,1.4336476181746898,1.4331926758254063,1.4327170769891004,1.4322199408338003,1.4317003541165243,1.4311573704490002,1.4305900095891533,1.42999725676276,1.4293780620211602,1.4287313396402723,1.4280559675649522,1.4273507869089803,1.4266146015104997,1.425846177554473,1.4250442432643438,1.4242074886670977,1.4233345654335288,1.4224240867880311,1.4214746274738772,1.4204847237465468,1.4194528733430647,1.4183775353461237,1.4172571298191434,1.4160900370347689,1.4148745960582456,1.4136091023748978,1.4122918041840462,1.4109208969205964,1.4094945155209244,1.4080107239431032,1.406467501482839,1.4048627255127688,1.4031941504147225,1.4014593826820447,1.3996558524158624,1.3977807817385433,1.3958311509540589,1.3938036635942903,1.391694711761914,1.3895003434164237,1.3872162333592912,1.384837659759684,1.3823594879801762,1.3797761632995909,1.3770817138813989,1.374269764977348,1.3713335649510878,1.368266023261174,1.3650597600732537,1.3617071667345626,1.3520043836717297,1.3477630287558768,1.3433117999980644,1.3386416662610414,1.3337440530888056,1.328610963687675,1.3232350916638875,1.317609923041798,1.311729825548012,1.3055901236412732,1.2991871582738708,1.2925183308588066,1.285582131378627,1.2783781509806946,1.2709070797629072,1.263170690746685,1.2551718112641106,1.2469142831539235,1.2384029132683505,1.229643415842724,1.220642348290239,1.211407041940769,1.2019455291781784,1.192266468332639,1.1823790675695014,1.1722930088894328,1.162018373218901,1.151565567433551,1.140945254021967,1.1301682839659284,1.1192456332920335,1.1081883436337825,1.0970074670420829,1.0857140151874138,1.0743189130184143,1.062832956869081,1.0512667769497317,1.0396308041064863,1.0279352406952496,1.0161900353840276,1.0044048616756631,0.992589099925054,0.9807518226153702,0.9689017826515292,0.9570474044293024,0.9451967774392194,0.9333576521714678,0.9215374380945558,0.9097432034905502,0.897981676940451,0.8463653644460305,0.8202673731226096,0.7945528110349963,0.7692672001868744,0.7444489792211842,0.7201300967710387,0.6963366025624041,0.6730892228373683,0.650403910723898,0.6282923653904896,0.6067625163160858,0.585818970896885,0.5654634250147176,0.5456950372021603,0.5265107677426726,0.5079056845089204,0.4898732376252051,0.4724055051875575,0.4554934123229054,0.439126925845615,0.423295226697134,0.4079868622498516,0.393189880430664,0.3788919474859042,0.365080451063809,0.3517425901625978,0.3388654533434205,0.3264360864897128,0.3144415512673238,0.3028689753289239,0.2917055952003566,0.2809387926927161,0.2705561255935657,0.2605453533137864,0.2508944580812645,0.2415916622894349,0.2326254422933251,0.2239845393676116,0.2156579678900189,0.207635021382941
0.31927536231884057,1.443242390128252,1.4432090083268383,1.4431672707224406,1.4431150885577055,1.4430498525023288,1.4429683037903192,1.4428663739586702,1.4427389858009472,1.4425798065925493,1.4423809428061176,1.4421325634854552,1.4418224372163693,1.441435365357849,1.4409524921219727,1.4403504706228092,1.439600463813862,1.4386669613006176,1.4375063987852077,1.436065578334545,1.4342799072346757,1.4336476181746556,1.4331926758254234,1.432717076989148,1.4322199408337928,1.4317003541165283,1.4311573704490272,1.4305900095891817,1.4299972567626753,1.4293780620212615,1.4287313396402352,1.4280559675655735,1.4273507869109985,1.4266146015164634,1.4258461775712032,1.425044243308817,1.4242074887803122,1.4233345657094585,1.4224240874329697,1.421474628922604,1.4204847268797252,1.4194528798785446,1.4183775485155596,1.4172571554962456,1.4160900855488725,1.4148746850102023,1.4136092608667332,1.4122920789681273,1.4109213610640452,1.4094952802506473,1.408011954366536,1.406469436857139,1.40486570465145,1.4031986426561558,1.4014660246032908,1.399665490163525,1.3977945184802998,1.3958503985442614,1.393830197138952,1.3917307253830054,1.38954850517854,1.387279737098668,1.384920271421783,1.3824655840722082,1.379910759215965,1.377250480114237,1.3744790296253413,1.371590301390305,1.3685778224139673,1.365434787256448,1.362154103650246,1.3526883145964663,1.3485617227219706,1.3442366830387915,1.339704130150478,1.334955309792101,1.329981902273797,1.3247761411479904,1.319330924237907,1.3136399145424371,1.307697628974506,1.3014995133705702,1.2950420027016194,1.2883225658990904,1.2813397351638702,1.2740931200376444,1.2665834068739985,1.258812344644138,1.2507827182483204,1.242498310676274,1.2339638554744148,1.225184981037942,1.216168148255458,1.206920583006753,1.1974502049477087,1.187765553928341,1.1778757152785868,1.1677902450728983,1.1575190963536597,1.1470725471590133,1.1364611310673265,1.1256955708416847,1.114786715636476,1.103745482114247,1.0925827997188329,1.081309560257718,1.0699365718659637,1.058474517353663,1.046933916878633,1.035325094837242,1.023658150826147,1.0119429344950497,1.0001890240875195,0.9884057084504346,0.9766019722790006,0.9647864843617908,0.9529675885859596,0.9411532974656194,0.9293512879616516,0.9175688993687934,0.9058131330535484,0.8541560292627463,0.8280000978237909,0.8022064413354462,0.7768233770912649,0.7518919413718737,0.7274464728978912,0.7035152018308234,0.6801208288134305,0.6572810829942521,0.6350092515431458,0.613314675954288,0.5922032125734005,0.5716776563897278,0.5517381283064039,0.5323824269323973,0.5136063465018835,0.4954039628848741,0.477767889855984,0.4606895078761074,0.4441591676498077,0.4281663706665028,0.4126999288437022,0.39774810527364,0.3832987379425498,0.36933934815492,0.3558572352552526,0.3428395591034576,0.3302734116289733,0.3181458786645046,0.3064440931440904,0.2951552806424197,0.2842667981334659,0.2737661667553619,0.2636410992860269,0.2538795229592934,0.2444695981739174,0.2353997336480245,0.2266585983541122,0.2182351307108026,0.2101185454592061
0.33217391304347826,1.4432423901282967,1.443209008327022,1.4431672707224596,1.4431150885576132,1.4430498525020954,1.4429683037903327,1.4428663739586918,1.4427389858009405,1.4425798065925228,1.4423809428061969,1.4421325634854814,1.441822437216388,1.4414353653578786,1.440952492122003,1.4403504706228163,1.4396004638138722,1.4386669613006016,1.4375063987852137,1.43606557833446,1.434279907234704,1.433647618174673,1.43319267582545,1.4327170769891284,1.4322199408337943,1.4317003541165203,1.4311573704489666,1.4305900095891604,1.429997256762761,1.4293780620210312,1.4287313396403978,1.4280559675658375,1.4273507869114506,1.4266146015178731,1.4258461775755351,1.425044243321029,1.424207488813196,1.4233345657941594,1.4224240876416263,1.4214746294156966,1.4204847279990984,1.419452882323578,1.418377553664216,1.4172571659654989,1.4160901061382736,1.414874724233414,1.4136093333506556,1.4122922090883387,1.4109215882746844,1.4094956666576737,1.4080125951602314,1.4064704742681382,1.404867346079946,1.4032011835642095,1.4014698766219362,1.3996712146593038,1.3978028655385968,1.3958623509941963,1.393847018856738,1.3917540127210604,1.389580239986786,1.387322339478979,1.3849766500966316,1.3825391821097062,1.3800055928170667,1.3773711682737435,1.3746308126904978,1.3717790469082234,1.3688100170540796,1.36571751413259,1.3624950048867976,1.353225086370027,1.3491951692189526,1.344977549448253,1.3405632890868402,1.3359436242925242,1.331110086958065,1.3260546251407164,1.3207697192125405,1.3152484908984363,1.3094848027184198,1.3034733457815906,1.297209714340066,1.2906904659924792,1.2839131669088517,1.2768764218804356,1.2695798894288333,1.2620242825488102,1.2542113559673052,1.2461438810379502,1.237825609567368,1.2292612279874042,1.2204563033648763,1.2114172227262268,1.2021511271937912,1.1926658423356564,1.1829698060631626,1.1730719953002833,1.1629818525293192,1.1527092131887922,1.1422642347688488,1.1316573283174185,1.1208990929440206,1.110000253787509,1.0989716038014632,1.087823949609235,1.0765680615882856,1.0652146282625257,1.0537742150110798,1.0422572270421917,1.0306738765309873,1.0190341537795204,1.0073478022250983,0.9956242970993904,0.9838728275221036,0.9721022818025687,0.9603212357157483,0.9485379435169644,0.936760331461884,0.9249959936022216,0.9132521896353412,0.8615814744732522,0.835381206393665,0.8095217076088664,0.784054047794842,0.7590218345460877,0.7344617829247321,0.71040429914231,0.6868740606745924,0.6638905799611894,0.6414687427622922,0.6196193153454441,0.5983494170760897,0.5776629568053966,0.5575610327941514,0.5380422968790067,0.519103284256748,0.500738710701832,0.4829417392969653,0.4657042188912138,0.4490168965386393,0.4328696061413206,0.417251435445541,0.4021508734320097,0.387555940016983,0.3734542998443625,0.3598333618127007,0.3466803658407389,0.3339824582445435,0.3217267569711448,0.3099004078152017,0.2984906326340078,0.2874847704743081,0.2768703124299832,0.2666349309646878,0.2567665043554635,0.2472531368318218,0.2380831750016425,0.2292452208441989,0.2207281419699126,0.2125210791971835
0.34507246376811596,1.4432423901282614,1.4432090083269933,1.443167270722444,1.4431150885576924,1.443049852502016,1.4429683037903631,1.4428663739587702,1.4427389858008557,1.4425798065924689,1.442380942806056,1.4421325634854696,1.4418224372162525,1.441435365357674,1.4409524921219612,1.4403504706228256,1.4396004638138378,1.4386669613006535,1.4375063987851908,1.4360655783344458,1.4342799072347256,1.4336476181746405,1.433192675825506,1.432717076989125,1.43221994083382,1.431700354116538,1.4311573704490264,1.4305900095891797,1.429997256762767,1.4293780620212213,1.4287313396403911,1.4280559675656963,1.4273507869116198,1.4266146015182546,1.4258461775765516,1.4250442433242168,1.4242074888222604,1.4233345658190484,1.422424087706407,1.421474629577047,1.4204847283841668,1.4194528832060167,1.4183775556094746,1.4172571700973835,1.4160901146099527,1.4148747410261056,1.4136093655823547,1.4122922690803117,1.4109216967084028,1.4094958572381835,1.4080129212914976,1.4064710183174276,1.4048682318542558,1.403202592632,1.4014720690597182,1.399674554693842,1.3978078523690551,1.3958696548247085,1.3938575218614642,1.3917688542945053,1.3896008652739649,1.387350549795064,1.3850146535275276,1.3825896423212265,1.3800716739326575,1.3774565736305329,1.374739815338598,1.371916509921326,1.3689814020082178,1.3659288765108035,1.3627529756361312,1.3536435174712047,1.3496943747429748,1.3455674882652258,1.341254184551527,1.3367458397086418,1.3320339952399374,1.3271104762070838,1.3219675085785283,1.3165978327188532,1.3109948102161837,1.3051525215854785,1.2990658527912593,1.2927305689847357,1.286143374320321,1.279301957180524,1.272205020582407,1.264852297942002,1.2572445547300208,1.2493835768513908,1.241272146821779,1.2329140089943649,1.2243138252131247,1.2154771223390857,1.2064102331159978,1.1971202318239795,1.1876148661146282,1.1779024863405048,1.1679919735894777,1.1578926675185266,1.1476142949566543,1.137166900116975,1.1265607771306894,1.1158064054887211,1.104914388859717,1.093895397640304,1.0827601154937696,1.071519190040876,1.0601831877859975,1.048762553292891,1.0372675725627605,1.0257083405196388,1.014094732464811,1.0024363793338176,0.9907426465598418,0.979022616334303,0.9672850730406148,0.955538491631734,0.9437910287195008,0.9320505161451372,0.9203244568044984,0.8686655569909387,0.8424337129685584,0.8165208150492004,0.7909806387344319,0.7658593337741443,0.7411959756553594,0.7170231406075555,0.6933674841263222,0.6702503082651107,0.6476881072300333,0.6256930842348192,0.6042736352479233,0.5834347973104552,0.5631786606351438,0.5435047448109661,0.5244103402235323,0.5058908163305331,0.4879398987638719,0.4705499174151676,0.4537120277369532,0.4374164074891223,0.4216524311023789,0.4064088237359281,0.3916737969879868,0.3774351680875927,0.363680464256665,0.3503970137975937,0.3375720253222931,0.3251926564144968,0.313246072889609,0.3017194997108201,0.2906002645053778,0.2798758345355569,0.2695338478866751,0.2595621395550401,0.2499487630336873,0.2406820080137769,0.2317504144883617,0.2231427839958417,0.2148481880462732
0.3579710144927536,1.4432423901286016,1.4432090083270377,1.4431672707219385,1.4431150885577364,1.4430498525021915,1.442968303790294,1.4428663739587506,1.4427389858008643,1.4425798065925817,1.4423809428061385,1.4421325634854751,1.441822437216294,1.4414353653576664,1.4409524921217358,1.4403504706227583,1.439600463813734,1.43866696130062,1.437506398785216,1.4360655783344194,1.43427990723469,1.4336476181746822,1.4331926758255151,1.432717076989064,1.432219940833769,1.431700354116545,1.4311573704489948,1.4305900095891848,1.429997256762755,1.4293780620212486,1.4287313396403,1.4280559675657527,1.4273507869116118,1.4266146015182777,1.4258461775750104,1.4250442433250397,1.42420748882474,1.4233345658260872,1.422424087725666,1.4214746296276826,1.4204847285114433,1.4194528835126123,1.4183775563181509,1.4172571716726443,1.416090117982559,1.414874747993166,1.4136093794924949,1.412292295963565,1.4109217470742206,1.4094959488427676,1.4080130832546145,1.4064712970537108,1.404868699361268,1.403203357721445,1.4014732921418591,1.39967646668457,1.397810778197948,1.3958740418606157,1.393863973337745,1.3917781675396514,1.3896140742008505,1.387368970759624,1.3850399333014969,1.3826238066037673,1.3801171745577143,1.3775163324455548,1.374817262662881,1.3720156155132657,1.369106696645578,1.366085462543768,1.3629465252367023,1.3539673083619548,1.3500850797765938,1.3460342105412428,1.341806403019805,1.3373933001636484,1.3327865920532145,1.327978128086302,1.3229600317385224,1.3177248147992295,1.3122654880956517,1.306575665945345,1.3006496618991774,1.294482573729124,1.2880703560519349,1.281409879437743,1.2744989753083942,1.2673364663652138,1.2599221826861715,1.2522569639847885,1.2443426488217542,1.2361820518012303,1.227778929964534,1.2191379397209992,1.2102645857268155,1.2011651631483595,1.1918466947312556,1.1823168640451749,1.1725839461977006,1.1626567372123038,1.152544483151795,1.142256809947262,1.1318036547665722,1.121195199628434,1.1104418078478575,1.0995539637782792,1.0885422162083918,1.077417125670731,1.0661892158277446,1.054868929022896,1.0434665860132408,1.031992349841183,1.020456193753558,1.0088678730355831,0.997236900594692,0.9855725261051992,0.973883718506411,0.9621791516350956,0.9504671927661996,0.9387558938333948,0.9270529851017426,0.8754297615125132,0.8491783518177546,0.8232237783418727,0.797622472084789,0.772423092890819,0.7476670585650044,0.7233891076972345,0.6996178737980363,0.6763764539884689,0.6536829601389537,0.6315510441054513,0.6099903916704426,0.5890071820846857,0.5686045118327095,0.5487827825188908,0.5295400536815847,0.5108723619688995,0.49277400851715,0.4752378166132616,0.4582553618394696,0.4418171769256082,0.4259129334968237,0.4105316028242151,0.3956615975759157,0.3812908964405926,0.3674071533599774,0.3539977929699777,0.3410500937141448,0.3285512599627089,0.3164884843458067,0.3048490013932408,0.2936201334647463,0.2827893298549352,0.2723441998657848,0.2622725405562962,0.2525623598032108,0.2432018952288505,0.234179629559122,0.225484302716714,0.217104921208863
0.37086956521739134,1.4432423901285365,1.4432090083270055,1.443167270722408,1.4431150885577984,1.4430498525020783,1.4429683037902383,1.4428663739587764,1.4427389858009418,1.442579806592397,1.4423809428061205,1.442132563485473,1.441822437216387,1.441435365358024,1.4409524921220564,1.440350470622814,1.4396004638138216,1.4386669613006409,1.4375063987852066,1.436065578334479,1.434279907234679,1.4336476181747153,1.4331926758254616,1.43271707698898,1.432219940833797,1.4317003541165396,1.4311573704489935,1.4305900095888524,1.4299972567627357,1.429378062021271,1.4287313396409738,1.4280559675662512,1.427350786911575,1.4266146015183454,1.4258461775768827,1.4250442433251542,1.4242074888252012,1.4233345658278935,1.4224240877314855,1.4214746296428915,1.420484728551788,1.41945288361488,1.4183775565665286,1.4172571722513718,1.416090119278731,1.4148747507888453,1.413609385307754,1.412292307650198,1.410921769802532,1.4094959916798202,1.408013161611544,1.406471436349734,1.4048689403345371,1.4032037638935186,1.4014739599940615,1.399677539127766,1.397812461893675,1.3958766288746325,1.393867867462446,1.391783915415454,1.389622401097263,1.3873808205663762,1.3850565119362783,1.3826466276977816,1.3801481059647924,1.3775576418485294,1.374871660363922,1.3720862924030617,1.3691973553566088,1.3662003399279044,1.3630904045384569,1.3542158776566164,1.3503885850430215,1.3464008616976828,1.342244871408658,1.337912627229765,1.333396085948371,1.3286872510714496,1.323778281519208,1.3186616030407234,1.3133300193291326,1.307776819911617,1.3019958821030535,1.2959817646159275,1.2897297908014336,1.283236119917143,1.276497805265927,1.2695128384891456,1.2622801797401195,1.254799773837968,1.2470725528664768,1.2391004259708136,1.2308862573470587,1.2224338336011236,1.2137478217805742,1.2048337194574794,1.1956977982682109,1.186347042303176,1.176789082692616,1.167032129660848,1.1570849032248611,1.1469565636055152,1.1366566422977302,1.1261949746252986,1.1155816344785348,1.1048268718180332,1.0939410534016836,1.0829346070972852,1.071817970033233,1.0606015407562712,1.0492956354839762,1.0379104484715302,1.0264560164533514,1.014942187070604,1.0033785911557438,0.9917746187129128,0.9801393984084308,0.9684817803682224,0.9568103220662216,0.945133277081308,0.9334585864981586,0.8818934978651023,0.8556338634221716,0.8296486970161802,0.8039970308762483,0.778729999864741,0.7538913437490863,0.7295179541845467,0.7056404415260785,0.6822837026024843,0.6594674756071317,0.6372068723491464,0.615512881365545,0.5943928379343666,0.5738508589651068,0.5538882421862205,0.5345038300946805,0.5156943398650697,0.4974546609035113,0.4797781220340507,0.46265673046775,0.446081384764429,0.4300420639836398,0.41452799515634,0.3995278011101261,0.3850296305606401,0.3710212722502836,0.3574902547788118,0.3444239336346777,0.3318095668029838,0.3196343802000381,0.3078856240647894,0.2965506213266758,0.285616808866984,0.2750717724954175,0.2649032763797209,0.2550992875855877,0.2456479963035754,0.2365378323593957,0.2277574782797252,0.2192958796285183
0.383768115942029,1.4432423901282732,1.443209008326964,1.44316727072241,1.4431150885576771,1.4430498525020354,1.442968303790337,1.442866373958741,1.442738985800972,1.442579806592539,1.442380942806078,1.4421325634855875,1.4418224372164312,1.441435365357819,1.440952492121881,1.4403504706228294,1.439600463813843,1.4386669613006433,1.4375063987852412,1.4360655783344942,1.4342799072346126,1.433647618174689,1.4331926758254276,1.4327170769890265,1.4322199408337968,1.431700354116543,1.4311573704490272,1.4305900095892112,1.4299972567627737,1.4293780620212382,1.4287313396404695,1.428055967565782,1.4273507869115911,1.4266146015185082,1.4258461775770952,1.4250442433253143,1.4242074888254883,1.4233345658279353,1.422424087732559,1.4214746296471046,1.4204847285639512,1.419452883647566,1.418377556650098,1.4172571724558487,1.4160901197586482,1.414874751871075,1.4136093876576536,1.4122923125691187,1.4109217797478466,1.409496011132968,1.408013198477119,1.406471504136899,1.4048690614413482,1.403203974396827,1.4014743164161627,1.39967812771023,1.3978134109369724,1.3958781246855485,1.3938701743861852,1.391787400308988,1.3896275624020402,1.3873883218986174,1.3850672198148466,1.382661652704788,1.380168846303334,1.3775858279479047,1.3749093989155232,1.3721361080136565,1.3692622278997852,1.3662837356693849,1.363196299219671,1.3544050650475694,1.3506224490065242,1.3466867094531647,1.3425905321491292,1.3383263797213218,1.3338865719849788,1.3292633771052842,1.324449111194545,1.319436243631252,1.3142175051926592,1.308785996059057,1.3031352908276383,1.2972595378751288,1.291153550703651,1.2848128892671071,1.2782339296878626,1.2714139212086075,1.2643510296591107,1.2570443671381732,1.2494940079976655,1.2417009915588435,1.2336673122854065,1.2253958983738449,1.216890579904614,1.2081560478237594,1.1991978051012202,1.1900221114410692,1.1806359229091306,1.1710468277987656,1.1612629799842873,1.1512930309194531,1.1411460613308566,1.1308315135406994,1.1203591252312508,1.109738865342308,1.098980872674323,1.0880953976549228,1.0770927476227294,1.0659832358817092,1.054777134693819,1.043484632298212,1.0321157939774293,1.020680527133418,1.0091885502867304,0.997649365872784,0.9860722366772045,0.9744661657282034,0.962839879444918,0.9512018138313963,0.9395601034950516,0.8880743500421511,0.8618172340178222,0.835811985987275,0.8101201809747616,0.784795390610578,0.7598836539217972,0.7354240046513264,0.7114490276606705,0.6879854233459851,0.6650545643806872,0.642673033530139,0.6208531348447391,0.5996033733414998,0.5789289004407209,0.5588319240485559,0.5393120833663575,0.5203667893544837,0.5019915323547032,0.4841801587448358,0.4669251187123889,0.4502176873308904,0.434048161134979,0.4184060323442817,0.4032801427993548,0.3886588195598073,0.3745299939886709,0.3608813060107425,0.3477001950978694,0.334973979399844,0.3226899243112877,0.3108353016433054,0.2993974404548579,0.2883637704932466,0.2777218590964444,0.2674594423208976,0.2575644509778411,0.2480250321755435,0.2388295669891066,0.229966684534822,0.2214252731998094
0.3966666666666667,1.4432423901282578,1.4432090083269802,1.4431672707224426,1.4431150885576745,1.4430498525020474,1.44296830379033,1.4428663739586671,1.442738985801021,1.4425798065925426,1.4423809428061254,1.4421325634854611,1.441822437216385,1.4414353653578296,1.4409524921224846,1.4403504706228203,1.4396004638138449,1.4386669613006189,1.4375063987851893,1.4360655783344436,1.4342799072346746,1.4336476181750513,1.4331926758254725,1.4327170769891484,1.4322199408337872,1.43170035411707,1.431157370449043,1.4305900095891018,1.4299972567627912,1.429378062021265,1.428731339640344,1.4280559675657432,1.4273507869116022,1.4266146015183625,1.425846177576564,1.425044243325212,1.4242074888255376,1.4233345658290633,1.4224240877329422,1.4214746296484069,1.420484728567499,1.4194528836574796,1.4183775566769867,1.4172571725251055,1.4160901199294784,1.414874752274596,1.4136093885731758,1.412292314569185,1.4109217839588897,1.4094960196946045,1.4080132153122975,1.4064715362018174,1.4048691206843449,1.403204080723553,1.401474502035265,1.3996784433053795,1.397813934164767,1.395878971534689,1.3938715139292055,1.3917894733123082,1.3896307041627045,1.3873929894938402,1.3850740237231072,1.3826713924830452,1.3801825496886129,1.3776047924393937,1.374935234581499,1.3721707800043892,1.3693080969471,1.3663435947351603,1.3632734044404522,1.3545477242349622,1.350801079197587,1.3469077293282934,1.342860919399807,1.338653617920893,1.334278582037433,1.3297284349402678,1.3249957539084676,1.3200731666743728,1.3149534534758818,1.3096296519745445,1.3040951621706027,1.298343848515287,1.292370136625588,1.286169102260374,1.279736550605561,1.2730690842840915,1.2661641589496606,1.2590201257403824,1.2516362602827371,1.2440127783150194,1.2361508383383817,1.2280525319916384,1.2197208630818943,1.2111597163823595,1.2023738174360614,1.1933686846801022,1.1841505752362924,1.1747264257051075,1.1651037892580136,1.1552907702545008,1.1452959575196966,1.1351283573153517,1.124797326921744,1.114312509630782,1.103683771830546,1.0929211427449697,1.082034757281329,1.0710348023320684,1.0599314667841238,1.0487348953992122,1.0374551466538264,1.02610215455973,1.0146856944282816,1.003215352494233,0.9917004992752864,0.9801502665114188,0.968573527505552,0.9569788806679178,0.945374636055661,0.8939882859494523,0.8677438972780065,0.8417285696297152,0.8160063579493865,0.7906332290051596,0.7656574958950829,0.7411203217094721,0.7170562622813735,0.69349382466287,0.6704560237037486,0.6479609238830769,0.6260221574192149,0.6046494127607951,0.5838488899490525,0.5636237211599926,0.5439743560772591,0.5248989127194242,0.5063934950163683,0.4884524788727031,0.4710687687256925,0.4542340267418902,0.4379388768398485,0.4221730857001897,0.4069257228518371,0.392185301819709,0.3779399041968326,0.3641772883719193,0.3508849845077532,0.3380503772312278,0.3256607773661738,0.3137034839154059,0.302165837383039,0.2910352654190734,0.280299321669319,0.2699457186212254,0.2599623551542909,0.25033733942671,0.2410590076523829,0.2321159393331086,0.2234969692406688
0.40956521739130436,1.4432423901282627,1.443209008326987,1.4431672707221193,1.4431150885576889,1.4430498525020257,1.4429683037902985,1.4428663739586896,1.4427389858009203,1.4425798065925517,1.4423809428061338,1.4421325634854814,1.4418224372163886,1.4414353653578338,1.4409524921219654,1.4403504706228345,1.4396004638138364,1.4386669613006438,1.4375063987851853,1.4360655783341068,1.434279907234587,1.433647618174694,1.433192675825429,1.4327170769891435,1.432219940833808,1.431700354116592,1.4311573704490514,1.4305900095893596,1.4299972567627857,1.429378062021276,1.4287313396403467,1.4280559675657836,1.427350786911613,1.426614601518338,1.4258461775768705,1.4250442433254191,1.424207488825539,1.423334565828464,1.4224240877330154,1.4214746296486782,1.420484728568419,1.4194528836603986,1.4183775566852428,1.417257172547555,1.4160901199875944,1.414874752419001,1.4136093889165129,1.4122923153530589,1.410921785680783,1.4094960233388478,1.4080132227592697,1.4064715509161445,1.4048691488399874,1.4032041329734617,1.401474596205806,1.399678608362872,1.3978142158733815,1.3958794402844523,1.3938722752410837,1.3917906815392,1.3896325798466944,1.3873958407493023,1.38507827185619,1.382677601839431,1.3801914614669497,1.3776173619066951,1.3749526708221398,1.3721945870354415,1.3693401147681776,1.366386038679703,1.363328901064977,1.354654224268263,1.350936235189234,1.347077105061541,1.3430706533206052,1.3389103888084863,1.3345895587759466,1.3301012113535498,1.3254382702317824,1.320593619752855,1.3155601981786391,1.3103310965807649,1.3048996606114052,1.2992595923576176,1.2934050495510685,1.287330739583885,1.281032006054542,1.2745049059072977,1.267746275618918,1.2607537852980313,1.253525979979857,1.2460623078003386,1.2383631351067526,1.230429748894054,1.2222643472387944,1.2138700186394549,1.2052507113394453,1.1964111938477822,1.18735700793827,1.178094415444861,1.1686303401608396,1.1589723061167627,1.1491283734218918,1.1391070728114072,1.1289173398846832,1.1185684499526445,1.1080699542733796,1.0974316183461692,1.0866633628170768,1.075775207440576,1.0647772184390851,1.0536794595081629,1.0424919466273448,1.0312246067665227,1.019887240504905,1.0084894885286508,0.9970408019229756,0.985550416136978,0.9740273284682296,0.9624802788901076,0.950917734028308,0.8996498349471143,0.8734279049446637,0.847412045930166,0.821668725123298,0.7962562591646207,0.7712252073660427,0.7466188475467893,0.7224737017196476,0.6988200858967436,0.6756826643609608,0.6530809938648509,0.6310300474115291,0.6095407106328685,0.5886202464110346,0.5682727254102011,0.548499421694701,0.5292991737133887,0.5106687117062693,0.4926029531133454,0.475095267894675,0.458137715854478,0.4417212581369249,0.4258359450594731,0.4104710823928943,0.3956153781042311,0.3812570714631312,0.3673840462832078,0.3539839299357052,0.3410441796380298,0.3285521573881356,0.3164951947898082,0.3048606488951172,0.2936359500795898,0.2828086428627097,0.2723664204933397,0.2622971540323507,0.2525889165879466,0.2432300032755728,0.2342089474994145,0.2255145338282953
0.422463768115942,1.4432423901282498,1.4432090083270424,1.4431672707223615,1.4431150885576878,1.4430498525020434,1.4429683037904977,1.4428663739586671,1.4427389858009367,1.4425798065925293,1.4423809428061585,1.442132563485278,1.441822437216265,1.4414353653577352,1.440952492121997,1.4403504706228374,1.4396004638138158,1.4386669613006184,1.4375063987853391,1.4360655783344998,1.43427990723471,1.433647618175584,1.4331926758256512,1.4327170769891246,1.4322199408337477,1.4317003541164763,1.431157370449105,1.4305900095890645,1.4299972567627988,1.4293780620212435,1.4287313396404049,1.4280559675657494,1.427350786911575,1.426614601518121,1.4258461775768856,1.425044243325325,1.4242074888254517,1.4233345658284997,1.422424087733108,1.421474629648736,1.420484728568697,1.419452883661178,1.4183775566876318,1.4172571725544842,1.4160901200065763,1.4148747524685228,1.413609389040037,1.4122923156483969,1.410921786358587,1.4094960248356945,1.4080132259430975,1.406471557453066,1.4048691618139435,1.4032041579050476,1.4014746426617426,1.3996786924165143,1.3978143637449456,1.395879693553272,1.3938726980877914,1.3917913705033425,1.3896336766002726,1.3873975483421688,1.3850808748027796,1.3826814902731392,1.3801971593868834,1.3776255592934754,1.3749642591218867,1.372210697209917,1.3693621568208667,1.366415741312085,1.3633683498960238,1.3547328740268203,1.3510374574308768,1.3472056577091134,1.3432318658221505,1.3391101454146332,1.3348342662034942,1.330397751081411,1.3257939363264504,1.321016043713954,1.3160572627988516,1.3109108412083503,1.3055701804637982,1.3000289346702243,1.294281109346574,1.288321157736225,1.2821440721072097,1.275745467814238,1.269121658225866,1.2622697189979468,1.2551875405764144,1.2478738682203685,1.2403283292284053,1.2325514474163377,1.2245446452206932,1.2163102340802672,1.2078513939769182,1.1991721431909077,1.190277299451297,1.1811724337364755,1.1718638180125447,1.1623583681903054,1.1526635835429655,1.1427874837626972,1.1327385447449545,1.1225256340980898,1.112157947256467,1.1016449449704524,1.090996292826641,1.080221803342437,1.0693313810692977,1.058334971040519,1.0472425108048145,1.0360638862044655,1.0248088909820467,1.0134871902351328,1.0021082876828833,0.9906814966618158,0.9792159147304974,0.967720401731672,0.9562035611378988,0.9050722388009405,0.8788820718003482,0.852874825899712,0.8271193077888683,0.8016761347716712,0.7765980816204696,0.7519305242316158,0.7277119446580121,0.7039744693522452,0.6807444188498873,0.6580428525719172,0.6358860969401616,0.6142862486504046,0.5932516478340697,0.5727873180722625,0.5528953719137583,0.5335753817928863,0.5148247171326698,0.496638849029441,0.4790116243118857,0.4619355109997077,0.4454018173004483,0.4294008863063258,0.4139222685152022,0.3989548742186681,0.3844871076926937,0.3705069850011077,0.357002237090292,0.3439603997184243,0.3313688916302683,0.3192150822603938,0.307486350127769,0.2961701329689227,0.2852539705548699,0.2747255410376727,0.2645726915852789,0.2547834639829142,0.2453461157926661,0.2362491376914818,0.2274812672533095
0.43536231884057974,1.4432423901282232,1.4432090083270384,1.443167270722428,1.443115088557679,1.443049852502094,1.4429683037903207,1.4428663739587022,1.442738985800854,1.4425798065925348,1.4423809428061425,1.442132563485535,1.4418224372163786,1.4414353653578962,1.4409524921218362,1.4403504706221677,1.439600463813827,1.4386669613004046,1.437506398785228,1.436065578334503,1.4342799072345247,1.4336476181747433,1.4331926758254157,1.4327170769891742,1.4322199408338925,1.4317003541165616,1.431157370449067,1.4305900095891777,1.4299972567627777,1.4293780620212444,1.4287313396403607,1.4280559675657476,1.427350786911609,1.4266146015183503,1.425846177576792,1.425044243325508,1.4242074888254808,1.4233345658284944,1.4224240877330476,1.421474629648774,1.4204847285686286,1.4194528836613092,1.4183775566883077,1.4172571725565404,1.4160901200124392,1.414874752484678,1.4136093890825423,1.412292315755104,1.410921786615366,1.4094960254273037,1.4080132272556831,1.4064715602578362,1.404869167597734,1.403204169432282,1.401474664901375,1.39967873401361,1.3978144392797385,1.3958798268962918,1.3938729272236354,1.39179175425626,1.3896343037334895,1.3873985495068115,1.385082437791242,1.3826838789437004,1.3802007364968187,1.3776308132918254,1.3749718347163278,1.3722214292571944,1.3693771068042957,1.3664362353732689,1.3633960171673496,1.3547902817413626,1.3511124333718862,1.347302214466535,1.3433545685100283,1.3392641107632342,1.3350251470075696,1.330631705570991,1.326077582670308,1.3213564004981455,1.316461676898862,1.3113869049642417,1.3061256404545605,1.3006715946396523,1.295018729970563,1.2891613559237272,1.2830942224320787,1.276812608459189,1.2703124035518245,1.2635901805082543,1.256643257676314,1.2494697497862317,1.2420686066189897,1.234439639196618,1.226583533536802,1.218501852333546,1.2101970251986591,1.2016723283232391,1.1929318545884655,1.183980475279832,1.1748237946308917,1.1654680984560233,1.1559202981250796,1.1461878710953397,1.136278799152879,1.1262015054320895,1.1159647911847583,1.10557777316359,1.0950498223735163,1.0843905048321318,1.0736095248700406,1.0627166713975422,1.0517217674638335,1.040634623345602,1.0294649933187108,1.01822253619421,1.0069167796367875,0.995557088228511,0.984152635196067,0.9727123776817552,0.9612450354093844,0.9102675805260844,0.8841180992817194,0.8581282523752435,0.8323691075534353,0.8069035292665521,0.7817864738196014,0.7570653963047141,0.7327807312017811,0.7089664159944955,0.6856504338342014,0.6628553570578251,0.6405988782004052,0.6188943190929393,0.5977511117863279,0.577175247497029,0.5571696916499447,0.5377347644845321,0.5188684877112628,0.5005668983915705,0.4828243317139987,0.4656336745917398,0.4489865921919165,0.4328737295392353,0.417284890328681,0.4022091950130664,0.3876352201321634,0.3735511207306965,0.3599447375835956,0.3468036908116577,0.3341154613384444,0.3218674615096253,0.3100470960726738,0.2986418145992971,0.287639156324642,0.2770267882792557,0.2667925374969352,0.2569244180006118,0.2474106531778431,0.2382396941899867,0.2294002346848392
0.4482608695652174,1.4432423901282232,1.443209008326949,1.443167270722416,1.4431150885576969,1.4430498525020934,1.442968303790305,1.4428663739580592,1.442738985800805,1.442579806592554,1.4423809428055805,1.4421325634854498,1.4418224372163948,1.44143536535793,1.44095249212351,1.4403504706228163,1.4396004638138302,1.4386669613006782,1.437506398785188,1.436065578334493,1.434279907234629,1.4336476181746616,1.433192675825412,1.4327170769890976,1.432219940833799,1.4317003541165392,1.4311573704490417,1.4305900095892128,1.4299972567627612,1.4293780620213,1.4287313396403771,1.4280559675657576,1.4273507869119693,1.4266146015183014,1.4258461775768407,1.42504424332464,1.4242074888250724,1.4233345658284806,1.422424087732899,1.421474629649211,1.4204847285686966,1.419452883661511,1.418377556688475,1.4172571725571308,1.4160901200141864,1.4148747524897491,1.4136093890964918,1.412292315791932,1.4109217867080337,1.4094960256518,1.408013227776034,1.4064715614173824,1.404869170086195,1.403204174584765,1.401474675210664,1.3996787539775026,1.397814476753639,1.395879895174404,1.3938730481452224,1.3917919626870996,1.389634653833759,1.3873991232434186,1.3850833561519975,1.382685316299158,1.3802029384757624,1.377634118416881,1.3749766998743624,1.3722284588441334,1.3693870851470835,1.366450161746123,1.363415142431206,1.3548316592754763,1.3511673101574897,1.347373926133185,1.3434469714537336,1.3393815948067929,1.335172634959498,1.3308146386466508,1.3263018913340696,1.3216284609092417,1.3167882537562885,1.3117750821055818,1.3065827410447013,1.3012050931596015,1.2956361584720184,1.2898702071523558,1.2839018524247536,1.2777261411356895,1.2713386396155502,1.2647355127078288,1.2579135941537165,1.25087044687704,1.2436044120980676,1.2361146465913644,1.2284011477783012,1.2204647666944326,1.2123072091825802,1.2039310259314144,1.1953395921971173,1.1865370782147806,1.1775284114265472,1.168319231725155,1.158915840944144,1.1493251478206972,1.1395546096184923,1.1296121715386365,1.119506204962692,1.1092454454784295,1.0988389315343456,1.0882959444574394,1.0776259504637844,1.0668385451773896,1.0559434010758435,1.044950218178492,1.0338686782094628,1.0227084023830322,1.011478912890117,1.0001895981013469,0.9888496814492546,0.9774681939075922,0.966053949948946,0.9152468947304936,0.8891466811930192,0.863182701524493,0.8374281999972741,0.8119482299573325,0.786799891808591,0.7620326984853553,0.737689027644728,0.7138046274059873,0.690409149401439,0.6675266889833822,0.6451763175861251,0.6233725964913225,0.6021260646682133,0.5814436960529411,0.5613293237049991,0.5417840298374126,0.5228065018586769,0.504393355372904,0.4865394256334194,0.469238029293735,0.4524811984977334,0.4362598894374703,0.4205641675128806,0.4053833711770758,0.3907062564632512,0.376521124073126,0.3628159307872027,0.3495783868158963,0.3367960405839705,0.3244563523064747,0.3125467575905736,0.3010547221790662,0.2899677888413772,0.2792736173156765,0.2689600181124674,0.2590149809044723,0.2494266981500194,0.2401835845155644,0.2312742926818912
0.4611594202898551,1.4432423901282734,1.4432090083271034,1.4431672707224477,1.443115088557676,1.443049852502043,1.4429683037902232,1.4428663739587062,1.442738985801152,1.442579806592483,1.442380942806171,1.4421325634851836,1.4418224372163624,1.441435365357701,1.4409524921217642,1.4403504706228092,1.4396004638138298,1.438666961300595,1.4375063987852197,1.4360655783344782,1.4342799072347436,1.4336476181746776,1.4331926758254916,1.432717076989154,1.432219940833447,1.4317003541165063,1.431157370449038,1.4305900095891748,1.4299972567629642,1.4293780620212753,1.4287313396404069,1.42805596756578,1.4273507869115765,1.4266146015183248,1.4258461775768545,1.4250442433252564,1.4242074888255123,1.4233345658273602,1.422424087733002,1.4214746296487548,1.4204847285687785,1.4194528836614737,1.4183775566885546,1.417257172557242,1.4160901200146758,1.414874752491228,1.4136093891008314,1.412292315804077,1.410921786740194,1.4094960257332232,1.4080132279737916,1.406471561877905,1.4048691711169097,1.403204176805801,1.4014746798272553,1.3996787632489778,1.3978144947704958,1.3958799291066624,1.3938731101688493,1.3917920728670805,1.3896348443022757,1.3873994440595865,1.3850838832874142,1.3826861621909663,1.3802042655827949,1.3776361561441994,1.374979765116381,1.372232980242973,1.3693936309343178,1.3664594708053703,1.3634281579498917,1.3548610791852471,1.35120696151228,1.3474265404907997,1.3435157597776048,1.3394702711431297,1.3352854289953893,1.3309562956168484,1.326477658257138,1.3218440587085651,1.31704983542756,1.312089177685184,1.3069561906788234,1.3016449700424306,1.29614968378678,1.290464659401532,1.284584473667287,1.2785040426643948,1.2722187095133526,1.2657243275378671,1.2590173367773,1.2520948320798924,1.2449546213572085,1.237595272953134,1.230016151458061,1.222217441666596,1.2142001607164303,1.205966158752465,1.197518108720187,1.1888594861077426,1.1799945396201263,1.1709282538864785,1.1616663053735596,1.1522150127078987,1.1425812826049555,1.1327725525672931,1.1227967314522596,1.1126621389315277,1.1023774447701036,1.091951608751046,1.081393821964662,1.0707134500739497,1.059919979061848,1.0490229638650606,1.0380319802045967,1.0269565798355988,1.01580624936066,1.0045903726816112,0.9933181971011026,0.9819988030394556,0.9706410772780352,0.9200202623825012,0.8939775943113051,0.8680476697316453,0.8423058182086623,0.8168192185106962,0.7916470738103668,0.7668409307644959,0.7424450991162932,0.7184971361096801,0.6950283671565674,0.6720644205575812,0.6496257595414537,0.6277281994424219,0.6063834015379539,0.5855993380062002,0.5653807247464167,0.5457294205373453,0.526644792288909,0.5081240470632842,0.490162532175975,0.47275400510265,0.4558908751651971,0.4395644190934077,0.4237649725907912,0.4084821000012932,0.3937047440962639,0.3794213578972481,0.365620020326974,0.3522885373508882,0.3394145301376358,0.3269855116359619,0.3149889528379097,0.3034123398787761,0.2922432230104498,0.2814692583814971,0.2710782434600438,0.2610581468488746,0.2513971331613089,0.2420835835408309,0.2331061124401158
0.47405797101449276,1.4432423901282585,1.4432090083269793,1.4431672707223968,1.443115088557697,1.4430498525020845,1.44296830379042,1.442866373958709,1.4427389858009614,1.442579806592544,1.4423809428057843,1.4421325634854998,1.441822437216404,1.4414353653577423,1.4409524921219798,1.440350470622837,1.4396004638138336,1.438666961300603,1.4375063987849104,1.4360655783344982,1.434279907230718,1.4336476181747193,1.4331926758254725,1.4327170769891342,1.4322199408337566,1.431700354116514,1.431157370448981,1.430590009589174,1.4299972567627857,1.429378062021265,1.4287313396403885,1.4280559675657734,1.4273507869114577,1.4266146015183736,1.425846177576862,1.4250442433252073,1.4242074888255691,1.4233345658284813,1.4224240877334362,1.4214746296487804,1.420484728568783,1.4194528836614544,1.4183775566885592,1.4172571725572864,1.4160901200146303,1.4148747524916188,1.4136093891021255,1.4122923158078586,1.410921786750822,1.4094960257614453,1.4080132280456803,1.406471562053188,1.4048691715266823,1.4032041777264517,1.401474681819179,1.3996787674044435,1.3978145031453175,1.395879945436714,1.3938731410229142,1.3917921294366848,1.3896349450865164,1.38739961876965,1.3850841783408725,1.3826866482191504,1.3802050473859102,1.3776373855140276,1.3749816568912874,1.3722358318537329,1.369397845543494,1.3664655839446471,1.363436867325328,1.3548816912435395,1.3512352151207911,1.3474646375818673,1.343566333791669,1.3395364190286043,1.3353707343523973,1.3310648410999004,1.3266140257411387,1.3220133162163472,1.317257510375197,1.3123412165886943,1.307258906041755,1.3020049756760197,1.2965738202681876,1.2909599117363149,1.2851578834669832,1.2791626172815544,1.2729693305934342,1.2665736613579393,1.2599717485632929,1.2531603062455214,1.2461366892966117,1.23889894969233,1.2314458821085634,1.2237770582810004,1.2158928498111263,1.2077944394576332,1.1994838212495214,1.1909637900119874,1.182237921106207,1.1733105413441678,1.164186692155873,1.1548720861534287,1.1453730582696169,1.1356965126402876,1.1258498663665164,1.1158409912318967,1.1056781543727336,1.095369958807644,1.0849252846321054,1.0743532315800035,1.0636630635478246,1.0528641555743596,1.0419659436696307,1.030977877793885,1.0199093782026392,1.0087697952962813,0.997568373044828,0.9863142159986747,0.9750162598455936,0.924596892390921,0.8986197761674777,0.8727318480373141,0.8470104242754465,0.8215247398154643,0.7963360549160216,0.7714979227224587,0.7470565718785392,0.7230513659593707,0.6995153087928488,0.6764755713529186,0.6539540216684737,0.6319677440489946,0.6105295379150274,0.5896483897157005,0.5693299139174226,0.5495767609638144,0.5303889915376757,0.5117644174956631,0.4936989105754673,0.4761866804628336,0.4592205241076908,0.4427920483427351,0.4268918679191082,0.4115097810620924,0.3966349245878782,0.3822559105259223,0.3683609460748486,0.3549379385918423,0.3419745871827352,0.3294584623270131,0.3173770748458654,0.3057179353959525,0.2944686055588871,0.2836167414883636,0.2731501309784868,0.2630567247264453,0.2533246624804845,0.2439422946753227,0.2348982001925651
0.4869565217391304,1.4432423901282536,1.4432090083269602,1.443167270722438,1.4431150885576811,1.443049852502308,1.4429683037903185,1.442866373958713,1.4427389858008524,1.442579806592533,1.4423809428061285,1.4421325634855098,1.441822437216381,1.4414353653579557,1.4409524921219117,1.4403504706227956,1.4396004638134794,1.4386669613006189,1.4375063987852117,1.4360655783345548,1.4342799072343884,1.4336476181747209,1.433192675825436,1.432717076989123,1.4322199408338503,1.4317003541162152,1.4311573704490843,1.430590009589154,1.4299972567627923,1.429378062021315,1.4287313396403698,1.4280559675657634,1.4273507869115478,1.426614601518311,1.425846177576623,1.4250442433251,1.424207488825559,1.4233345658284695,1.422424087733816,1.4214746296487617,1.42048472856875,1.4194528836614737,1.418377556688531,1.4172571725573502,1.4160901200148603,1.4148747524917584,1.413609389102498,1.4122923158089706,1.4109217867541208,1.4094960257707247,1.4080132280705266,1.406471562116787,1.4048691716824,1.4032041780925997,1.4014746826447295,1.3996787691974075,1.3978145068992975,1.3958799530279802,1.3938731558731587,1.391792157582358,1.3896349968429071,1.3873997112395118,1.3850843390685683,1.3826869203548875,1.38020549675773,1.377638110035708,1.37498279871302,1.3722375926187804,1.369400505011882,1.366469522100944,1.363442589897788,1.35489590406784,1.3512550457855903,1.3474918318515203,1.3436030173730358,1.339585135200105,1.3354344751309175,1.3311470698509766,1.3267186893956753,1.3221448456328853,1.317420807865275,1.312541630163918,1.307502190511158,1.302297241282978,1.2969214700744187,1.291369569402632,1.2856363134330302,1.279716639587035,1.2736057327128911,1.2672991094388963,1.2607927003735664,1.2540829279613912,1.2471667780260227,1.2400418633227408,1.2327064777508905,1.2251596402326437,1.2174011276240173,1.2094314963723416,1.2012520929593762,1.1928650534599567,1.1842732927952184,1.1754804844631046,1.166491031686986,1.1573100310340665,1.1479432296235907,1.1383969770740734,1.1286781733329951,1.118794213497354,1.1087529306762496,1.0985625378684751,1.0882315697401588,1.0777688250882242,1.067183310673716,1.056484187005309,1.0456807165528434,1.0347822147729386,1.023798004239255,1.0127373720851371,1.001609530892669,0.9904235830940504,0.9791884888940792,0.9289851919628476,0.9030813918628317,0.8772431859082569,0.8515497704254015,0.8260723608354972,0.8008742239223574,0.7760108885574992,0.7515304867019749,0.727474183976363,0.7038766664681821,0.6807666572766499,0.6581674423319055,0.6360973901824118,0.6145704547189917,0.5935966532619069,0.5731825151692278,0.5533314982348995,0.5340443717363921,0.5153195661605676,0.4971534904674278,0.4795408183183732,0.4624747450569342,0.445947217440319,0.4299491382125044,0.4144705476221074,0.3995007839434526,0.3850286249700373,0.3710424123438711,0.3575301604557354,0.3444796515220429,0.3318785183107765,0.3197143158596994,0.3079745834055948,0.2966468976258526,0.2857189181847225,0.2751784264745926,0.2650133583505185,0.255211831571797,0.2457621685852294,0.2366529152130309
0.49985507246376815,1.4432423901282778,1.4432090083270015,1.44316727072256,1.4431150885576545,1.443049852502049,1.4429683037902623,1.4428663739586678,1.4427389858009732,1.442579806592496,1.442380942806111,1.4421325634854607,1.4418224372164583,1.4414353653578569,1.4409524921220032,1.4403504706228123,1.4396004638138191,1.438666961300641,1.4375063987850645,1.4360655783345164,1.43427990723468,1.4336476181744335,1.4331926758254612,1.4327170769891686,1.432219940833776,1.4317003541165352,1.4311573704490603,1.4305900095891912,1.4299972567627754,1.4293780620211871,1.4287313396403525,1.4280559675657494,1.4273507869115962,1.426614601518308,1.4258461775769005,1.4250442433252086,1.4242074888254972,1.4233345658284609,1.4224240877330674,1.421474629648715,1.4204847285683944,1.419452883661539,1.4183775566885293,1.4172571725573488,1.4160901200148512,1.414874752491792,1.4136093891025672,1.4122923158092318,1.410921786755088,1.4094960257735387,1.4080132280787108,1.4064715621387076,1.4048691717390571,1.4032041782316538,1.401474682972648,1.3996787699396145,1.397814508517208,1.3958799564273954,1.3938731627708585,1.3917921711188057,1.3896350225765617,1.3873997586981353,1.3850844240947369,1.3826870685342385,1.3802057482779897,1.3776385263607007,1.3749834714852218,1.3722386551913983,1.369402146958627,1.3664720070073268,1.3634462764757231,1.3549055366536518,1.3512687388406943,1.3475109453306224,1.3436292385102728,1.3396205192179542,1.3354814818529828,1.3312085940729137,1.326798082975346,1.322245929508382,1.3175478725737153,1.3126994238969925,1.3076958942696293,1.3025324312459483,1.297204067845808,1.291705781300666,1.286032560423208,1.280179479800212,1.2741417787280234,1.2679149426367526,1.2614947846867386,1.2548775252649444,1.2480598672476415,1.2410390651136074,1.2338129862732523,1.2263801632993672,1.2187398361000206,1.2108919833940426,1.2028373432502977,1.19457742269362,1.186114496722803,1.177451597301192,1.1685924930857718,1.1595416608144666,1.1503042493795892,1.1408860376824583,1.1312933873895077,1.1215331917097076,1.11161282127298,1.1015400681362475,1.0913230888671488,1.0809703475679049,1.0704905596056082,1.0598926367152408,1.049185634040804,1.0383786995800328,1.0274810264056766,1.016501807944175,1.0054501965149187,0.9943352652567556,0.9831659735041566,0.93319282736963,0.9073698914643328,0.8815889457938095,0.855930951197426,0.8304690207681995,0.8052683717704615,0.7803864740297166,0.7558733444782222,0.7317719447457093,0.7081186460629499,0.6849437327390153,0.6622719217652033,0.6401228815412244,0.6185117372860792,0.5974495544220618,0.5769437941934364,0.5569987380960549,0.5376158794568993,0.5187942818101473,0.50053090465746,0.4828208978536621,0.4656578662869168,0.4490341067808734,0.4329408192772238,0.4173682943947739,0.4023060794333309,0.3877431248174947,0.3736679128724715,0.3600685707038463,0.3469329688238369,0.3342488070340336,0.3220036889445326,0.3101851863830012,0.298780894827776,0.2877784808874477,0.277165722745314,0.2669305443922028,0.2570610443839483,0.2475455197804379,0.2383724858393371
0.5127536231884058,1.44324239012823,1.4432090083270113,1.4431672707224512,1.443115088557671,1.4430498525019562,1.4429683037903331,1.4428663739587178,1.4427389858008952,1.4425798065925517,1.4423809428061205,1.4421325634854747,1.4418224372163888,1.4414353653578162,1.4409524921219692,1.4403504706228196,1.4396004638138595,1.4386669613005925,1.4375063987851764,1.4360655783345009,1.4342799072346406,1.433647618174572,1.433192675825416,1.4327170769890514,1.4322199408337886,1.43170035411654,1.4311573704490164,1.4305900095891648,1.4299972567627712,1.4293780620212648,1.4287313396403678,1.4280559675656537,1.4273507869115765,1.4266146015182746,1.4258461775768736,1.4250442433251966,1.4242074888255218,1.4233345658283594,1.4224240877340653,1.4214746296487026,1.4204847285687348,1.4194528836614242,1.4183775566885817,1.4172571725573524,1.4160901200148408,1.4148747524918244,1.41360938910259,1.4122923158093386,1.410921786755345,1.4094960257745064,1.4080132280812532,1.4064715621459782,1.404869171758527,1.4032041782817706,1.401474683096735,1.3996787702337985,1.3978145091857404,1.3958799578897596,1.393873165853798,1.3917921773948354,1.3896350349324214,1.3873997822582929,1.385084467670492,1.3826871468190314,1.3802058850672063,1.3776387591283663,1.374983857689674,1.372239280707586,1.3694031370394488,1.3664735400874397,1.3634486011721223,1.3549119439571762,1.3512780276539555,1.3475241553996975,1.343647685301233,1.3396458354108876,1.3355156569477409,1.3312540100461658,1.3268575438998365,1.3223226831485415,1.3176456222084456,1.312822328974757,1.3078485589496665,1.302719880390795,1.2974317105705098,1.2919793627142753,1.286358102693337,1.2805632140913294,1.274590069901356,1.268434208831887,1.262091414029424,1.2555577919670056,1.2488298492855587,1.2419045655131944,1.234779459796901,1.2274526500553864,1.2199229032749632,1.2121896760072814,1.204253144469552,1.1961142239791218,1.1877745777637472,1.1792366154651304,1.1705034818900737,1.1615790367584564,1.1524678263461647,1.1431750480274792,1.133706508785592,1.1240685787873617,1.1142681411125963,1.10431253869388,1.0942095194680417,1.0839671806655602,1.0735939130791463,1.0630983460580827,1.0524892938775017,1.0417757040323472,1.0309666079089717,1.0200710741956214,1.0090981653047502,0.9980568970022498,0.9869562013652532,0.9372267764863492,0.9114920592567092,0.8857757496690037,0.8601604477755523,0.8347210735796371,0.80952473260694,0.7846307962937606,0.7600911450025869,0.7359505282717765,0.7122470041868384,0.6890124268568807,0.66627295749233,0.6440495802956867,0.622358609230542,0.6012121757365942,0.5806186906793085,0.5605832763542611,0.5411081663102599,0.5221930722119372,0.5038355180234874,0.4860311425419899,0.4687739718094235,0.4520566632457949,0.43587072351696,0.420206702218278,0.4050543634477861,0.3904028372836754,0.3762407530868016,0.3625563564340781,0.3493376113618924,0.3365722894669379,0.3242480472808491,0.3123524932076987,0.3008732451909587,0.2897979801640478,0.2791144762306286,0.2688106484238594,0.2588745788045837,0.2492945415764901,0.2400590238078993
0.5256521739130435,1.4432423901282452,1.4432090083270162,1.4431672707224226,1.44311508855769,1.443049852501937,1.442968303790327,1.4428663739586578,1.4427389858009108,1.442579806592426,1.4423809428061187,1.442132563485447,1.441822437216436,1.441435365357854,1.4409524921219716,1.44035047062278,1.4396004638138509,1.4386669613004928,1.4375063987850236,1.4360655783345304,1.4342799072347463,1.4336476181745794,1.4331926758254745,1.4327170769890365,1.4322199408340506,1.4317003541165687,1.4311573704487637,1.4305900095891704,1.4299972567627324,1.429378062021197,1.428731339640379,1.4280559675657376,1.4273507869115531,1.4266146015180203,1.4258461775768747,1.425044243325215,1.4242074888254648,1.4233345658284753,1.4224240877328715,1.4214746296487597,1.420484728568783,1.4194528836614375,1.418377556688558,1.417257172557288,1.4160901200148572,1.4148747524918062,1.413609389102627,1.4122923158094656,1.4109217867553518,1.4094960257747151,1.4080132280820266,1.40647156214822,1.4048691717649542,1.4032041782990108,1.4014746831416192,1.3996787703447295,1.3978145094494296,1.3958799584916712,1.3938731671754077,1.3917921801914457,1.3896350406446671,1.3873997935404865,1.3850844892492675,1.3826871868467008,1.3802059571777727,1.37763888546334,1.3749840732117244,1.372239639160045,1.3694037189408788,1.3664744631441872,1.363450033459194,1.3549161201255966,1.351284208546763,1.3475331201875205,1.3436604401970749,1.339663654004625,1.3355401205831934,1.331287046393702,1.3269014617202235,1.322380201211627,1.3177198904299388,1.3129169400615996,1.3079675491886984,1.3028677186512716,1.2976132750875804,1.292199905749315,1.2866232036816143,1.2808787223722906,1.2749620385385776,1.2688688213584474,1.2625949061828732,1.256136370601466,1.249489610670369,1.2426514151517862,1.2356190357446657,1.2283902514915357,1.2209634258116595,1.2133375549171994,1.205512306695525,1.1974880494749844,1.1892658704140548,1.180847583555664,1.1722357278570017,1.163433555738396,1.1544450128810335,1.145274710152961,1.1359278886425712,1.1264103788440536,1.1167285550640291,1.106889286113813,1.096899883317536,1.086768046812779,1.0765018110467206,1.0661094902880996,1.055599624882344,1.0449809288816685,1.0342622395853522,1.023452469430428,1.012560560582471,1.0015954424923832,0.9905659926055944,0.9410933742608852,0.9154540559230446,0.8898096185615137,0.8642441654143095,0.838834323787815,0.8136490182893501,0.7887494774025186,0.7641894196759353,0.7400153720127551,0.7162670796306483,0.6929779743674357,0.6701756747201935,0.6478824969554351,0.6261159617714734,0.6048892852717038,0.5842118464856237,0.5640896264325708,0.5445256158589509,0.5255201903970544,0.5070714530825087,0.4891755450166971,0.471826925540641,0.455018623660044,0.4387424626780734,0.4229892600925117,0.4077490048302426,0.3930110138489387,0.3787640700525178,0.3649965433587482,0.3516964966333177,0.3388517780754133,0.3264501015072839,0.3144791158926245,0.3029264652843677,0.2917798402864675,0.2810270220053627,0.2706559193667004,0.2606546005809951,0.2510113194578036,0.2417145371768689
0.5385507246376812,1.4432423901282323,1.4432090083269855,1.443167270722455,1.443115088557662,1.4430498525020443,1.4429683037903764,1.4428663739586904,1.442738985800798,1.442579806592646,1.4423809428061296,1.4421325634854745,1.4418224372163762,1.441435365357849,1.4409524921218435,1.4403504706221597,1.4396004638138518,1.438666961300625,1.4375063987851822,1.4360655783343923,1.434279907234541,1.4336476181746989,1.4331926758253632,1.4327170769892097,1.4322199408337402,1.431700354116523,1.431157370448991,1.4305900095891957,1.429997256762812,1.429378062021263,1.428731339640359,1.4280559675657836,1.4273507869115687,1.426614601518326,1.4258461775768756,1.4250442433252404,1.4242074888255252,1.423334565828476,1.4224240877329728,1.4214746296487029,1.42048472856875,1.4194528836615907,1.4183775566885104,1.4172571725573206,1.4160901200147773,1.4148747524917886,1.413609389102602,1.41229231580937,1.410921786755453,1.4094960257747406,1.4080132280821256,1.4064715621488508,1.4048691717668145,1.403204178304701,1.401474683156851,1.3996787703844449,1.397814509548417,1.3958799587280744,1.393873167717045,1.3917921813851273,1.3896350431793931,1.3873997987357376,1.385084499544336,1.3826872065992366,1.3802059939275562,1.3776389518578238,1.374984189848848,1.3722398386541117,1.3694040515561203,1.3664750043771132,1.3634508939283545,1.3549187825433109,1.351288236050937,1.34753908426158,1.3436690949046683,1.339675973623362,1.3355573388617508,1.3313106958740024,1.3269334113609532,1.3224226903133702,1.3177755569120773,1.312988841185469,1.3080591730551587,1.3029829851371129,1.29775652530266,1.2923758795848042,1.28683700553296,1.281135775625862,1.275268029880491,1.2692296363721685,1.2630165580216708,1.2566249237474858,1.2500511019145564,1.2432917739503435,1.2363440060377549,1.229205316918701,1.221873740034822,1.2143478785119863,1.2066269517597643,1.198710832804582,1.1906000757843769,1.182295933352915,1.173800364034702,1.1651160298337682,1.1562462846263248,1.1471951540511718,1.137967307753956,1.128568024942921,1.119003154274128,1.109279069109817,1.0994026191883983,1.0893810797112269,1.0792220987980068,1.0689336441920625,1.0585239500143122,1.0480014642749536,1.037374797757623,1.02665267479769,1.0158438863807615,1.0049572459031044,0.9940015478492312,0.9447983521053664,0.919261454561004,0.8936960058909519,0.8681874647185782,0.8428140562006449,0.81764644699582,0.7927476721044143,0.7681732587155711,0.7439714976623155,0.7201838198116083,0.6968452417858723,0.6739848522223927,0.6516263159696762,0.6297883790240288,0.6084853615670812,0.5877276302062481,0.5675220435139046,0.5478723673016473,0.528779657851808,0.5102426126592522,0.4922578891926195,0.4748203928555273,0.457923535764728,0.4415594682306054,0.4257192849620316,0.4103932080603879,0.3955707488429051,0.3812408504644106,0.367392013206007,0.3540124041802629,0.3410899530733304,0.328612435414529,0.3165675447330219,0.3049429548367831,0.2937263733300069,0.282905587374494,0.2724685025972219,0.2624031759523675,0.252697843259799,0.2433409420471998
0.5514492753623188,1.443242390128244,1.4432090083270028,1.4431672707224563,1.4431150885577115,1.4430498525021411,1.442968303790309,1.4428663739587035,1.4427389858009427,1.442579806592652,1.442380942806093,1.442132563485537,1.4418224372163595,1.44143536535784,1.4409524921218797,1.4403504706228103,1.4396004638138329,1.4386669613006249,1.4375063987858774,1.4360655783345186,1.4342799072342636,1.4336476181745792,1.4331926758254063,1.4327170769891182,1.4322199408337375,1.4317003541165632,1.431157370449028,1.4305900095891584,1.4299972567641637,1.4293780620211811,1.428731339640377,1.428055967565785,1.4273507869115494,1.4266146015183168,1.42584617757687,1.4250442433252255,1.4242074888255298,1.4233345658284526,1.4224240877330423,1.421474629648807,1.420484728568673,1.4194528836614249,1.418377556688663,1.417257172557502,1.416090120014859,1.4148747524917795,1.413609389102628,1.4122923158093843,1.4109217867554469,1.4094960257747804,1.4080132280822415,1.406471562149007,1.4048691717673685,1.4032041783063582,1.4014746831617455,1.3996787703978888,1.3978145095836758,1.3958799588161717,1.3938731679283414,1.3917921818713035,1.3896350442552017,1.3873998010287618,1.385084504260941,1.3826872159774235,1.3802060119799464,1.37763898554908,1.3749842508982373,1.3722399462051045,1.369404236005824,1.366475312697071,1.3634513968597186,1.3549204394923076,1.351290801101516,1.347542966972272,1.3436748480586649,1.339684327049814,1.3355692360600129,1.331327332262857,1.3269562726158446,1.322453589089243,1.3178166660130597,1.3130427212565072,1.3081287929448566,1.303071733289974,1.2978682108691597,1.292514722344572,1.2870076141998603,1.2813431146053516,1.2755173750468367,1.2695265208887088,1.263366709630222,1.257034195266784,1.2505253969083017,1.243836969651073,1.236965875630292,1.229909453223578,1.2226654824873866,1.2152322451110629,1.2076085774152976,1.1997939152146202,1.191788329677452,1.183592553620825,1.17520799800333,1.1666367586469486,1.15788161348736,1.148946010867841,1.1398340495723345,1.130550451433028,1.121100527445729,1.111490138385953,1.1017256509441111,1.091813890391683,1.0817620907596517,1.071577843456479,1.0612690451853375,1.0508438459389955,1.0403105977629548,1.0296778048861108,1.0189540757252402,1.008148077179743,0.9972684915462692,0.9483468720774014,0.9229192713133136,0.8974398253188801,0.8719951874057931,0.8466650601782983,0.8215217664629066,0.7966300904206471,0.7720473333408621,0.747823533117061,0.7240018026359217,0.7006187492186551,0.6777049441182764,0.6552854174577416,0.6333801596479436,0.6120046151573307,0.5911701585132189,0.5708845456537558,0.5511523363044893,0.5319752850211943,0.5133527000197733,0.49528176999323,0.4777578598781877,0.4607747770459431,0.4443250097162416,0.428399939568893,0.4129900306021954,0.3980849962821358,0.3836739469713727,0.36974551953362,0.3562879908952716,0.3432893772254187,0.3307375202535164,0.3186201621281679,0.3069250100821227,0.2956397920537005,0.284752304300145,0.2742504519326244,0.2641222832062325,0.2543560183100782,0.2449400733038975
0.5643478260869565,1.443242390128245,1.443209008327025,1.4431672707223206,1.4431150885576416,1.4430498525020123,1.4429683037901997,1.4428663739587062,1.4427389858009383,1.4425798065926092,1.442380942806154,1.4421325634855484,1.441822437216548,1.4414353653579108,1.440952492121718,1.440350470622834,1.439600463813846,1.438666961300608,1.4375063987851244,1.4360655783344902,1.434279907234651,1.4336476181745432,1.4331926758254323,1.432717076989115,1.4322199408338168,1.4317003541160191,1.431157370448814,1.430590009589232,1.4299972567624029,1.429378062021195,1.4287313396403434,1.428055967565601,1.4273507869115685,1.4266146015184338,1.425846177576832,1.4250442433252128,1.4242074888254852,1.423334565828379,1.422424087733057,1.4214746296488223,1.4204847285687277,1.4194528836616274,1.4183775566884989,1.4172571725572334,1.4160901200147198,1.4148747524918248,1.4136093891025925,1.412292315808933,1.4109217867554331,1.409496025774786,1.408013228082264,1.4064715621490986,1.4048691717675328,1.4032041783068965,1.4014746831632074,1.3996787704022564,1.3978145095955885,1.395879958847298,1.3938731680064715,1.3917921820593997,1.3896350446899626,1.3873998019950289,1.385084506328464,1.3826872202466354,1.3802060204993156,1.3776390020045068,1.3749842817101263,1.3722400022114898,1.3694043349670644,1.3664754828986514,1.363451682136805,1.3549214439174528,1.3512923944759243,1.3475454355549268,1.343678587541993,1.3396898718986618,1.335577292417794,1.3313388136198232,1.326972337090146,1.3224756768613375,1.3178465352091109,1.3130824804249448,1.308180928231447,1.3031391284999998,1.2979541588075698,1.2926229261408366,1.287142177722159,1.2815085215315207,1.275718456647153,1.2697684130630047,1.263654800191007,1.2573740628516852,1.2509227432186487,1.2442975469289297,1.2374954114117789,1.2305135744276252,1.2233496408384867,1.2160016457488765,1.2084681123411516,1.200748102973217,1.192841262385491,1.1847478521678565,1.1764687759436103,1.1680055950269432,1.159360534590506,1.1505364806290683,1.1415369682196872,1.132366161756819,1.1230288279747154,1.1135303026665015,1.1038764520681803,1.0940736298993607,1.084128631048345,1.0740486428572469,1.0638411949121998,1.053514108176431,1.0430754442241308,1.0325334552503165,1.0218965354376437,1.0111731741755443,1.0003719115353609,0.9517435566274174,0.9264319912929524,0.9010454737029944,0.8756716770679988,0.8503916488747628,0.8252792722554775,0.8004010153705144,0.7758159132631409,0.7515757299519598,0.7277252540894584,0.7043026881371255,0.6813400978484944,0.6588638953701893,0.6368953351536737,0.6154510069675567,0.5945433145789538,0.5741809321632021,0.55436923328102,0.5351106894240227,0.5164052367671981,0.4982506109783579,0.4806426507991291,0.4635755717061651,0.4470422113447848,0.4310342486512983,0.4155423986867327,0.4005565852243621,0.3860660930938036,0.3720597022029864,0.3585258050528845,0.3454525094362781,0.3328277278850564,0.320639255297067,0.3088748360479312,0.2975222217692905,0.2865692208599651,0.2760037406884328,0.2658138233454301,0.2559876757153246,0.2465136945506474
0.5772463768115942,1.44324239012826,1.4432090083269684,1.4431672707222551,1.443115088557681,1.443049852502008,1.4429683037900525,1.4428663739586955,1.4427389858007915,1.442579806592544,1.442380942806127,1.4421325634850473,1.4418224372165604,1.4414353653578316,1.440952492122029,1.4403504706228727,1.439600463813847,1.4386669613006235,1.4375063987849637,1.436065578334467,1.434279907234658,1.433647618174675,1.4331926758252846,1.4327170769890425,1.4322199408337688,1.4317003541165385,1.4311573704490523,1.4305900095891466,1.4299972567627786,1.4293780620212706,1.428731339640392,1.4280559675655813,1.4273507869115338,1.4266146015183618,1.4258461775769544,1.42504424332514,1.4242074888254923,1.423334565828479,1.42242408773305,1.4214746296487408,1.420484728568652,1.4194528836615452,1.4183775566885777,1.4172571725572949,1.4160901200148437,1.4148747524918088,1.4136093891026058,1.4122923158093743,1.4109217867554351,1.4094960257747988,1.40801322808226,1.4064715621490833,1.4048691717677704,1.4032041783070095,1.401474683163502,1.399678770403456,1.3978145095992494,1.3958799588575652,1.3938731680337897,1.391792182128311,1.3896350448568189,1.3873998023819332,1.385084507192315,1.3826872221027926,1.3802060243474965,1.3776390097133229,1.3749842966545365,1.372240030291949,1.369404386179191,1.3664755736765866,1.3634518387375405,1.3549220355186733,1.3512933575988857,1.3475469649165186,1.3436809591648473,1.339693467684555,1.3355826286621952,1.3313465730349403,1.3269834035580546,1.3224911718075745,1.3178678541776958,1.313111328196808,1.3082193506739117,1.3031895392945818,1.298019359279662,1.2927061166094718,1.2872469590924542,1.2816388862410573,1.2758787685272686,1.2699633761544644,1.2638894170292967,1.257653583180025,1.2512526044728205,1.2446833081440218,1.2379426824207724,1.231027942341757,1.2239365958279895,1.2166665080812131,1.2092159624974257,1.2015837164632972,1.193769050637428,1.1857718105905632,1.1775924399728854,1.1692320046749491,1.1606922077416129,1.1519753950694045,1.1430845521632635,1.1340232924372329,1.1247958377250091,1.115406991738932,1.1058621075152808,1.0961670495356235,1.0863281517426335,1.076352172262186,1.0662462458130262,1.0560178346802145,1.0456746790679166,1.0352247475722272,1.024676188429993,1.0140372821123935,1.003316395744013,0.9549925146252808,0.9298035904128428,0.9045168496681204,0.8792207953626128,0.8539976738184624,0.8289228213752469,0.8040643161093946,0.7794828797281375,0.75523197662324,0.7313580617657639,0.7079009353174697,0.6848941685539377,0.6623655722907053,0.6403376850813728,0.6188282638046911,0.5978507638044064,0.5774147994940771,0.5575265793549912,0.5381893116191089,0.5194035787411795,0.5011676801142456,0.4834779434614835,0.4663290060192603,0.4497140670780809,0.4336251137233629,0.4180531217619484,0.4029882338673442,0.3884199169558122,0.3743371007365403,0.360728299280225,0.3475817173327304,0.3348853429729326,0.3226270280837613,0.3107945579762636,0.2993757113825668,0.2883583119151724,0.2777302719805887,0.267479630032352,0.2575945819561554,0.2480635072934768
0.5901449275362319,1.443242390128305,1.4432090083270257,1.4431672707222885,1.4431150885576949,1.4430498525020166,1.4429683037905308,1.4428663739587175,1.4427389858009383,1.4425798065926485,1.4423809428061682,1.4421325634852815,1.4418224372159854,1.4414353653578091,1.4409524921218424,1.440350470621722,1.4396004638138562,1.4386669613006289,1.437506398785009,1.4360655783344989,1.4342799072346617,1.4336476181746929,1.4331926758254565,1.432717076989155,1.4322199408338074,1.4317003541165658,1.431157370451634,1.430590009589204,1.429997256762827,1.4293780620212695,1.428731339640375,1.4280559675658224,1.4273507869115645,1.426614601518293,1.42584617757684,1.4250442433252488,1.4242074888253646,1.4233345658282823,1.422424087733049,1.421474629648756,1.4204847285687852,1.4194528836614917,1.4183775566885546,1.4172571725573109,1.4160901200148377,1.4148747524918026,1.4136093891026291,1.412292315809377,1.410921786755451,1.4094960257747802,1.4080132280822517,1.406471562149092,1.4048691717675377,1.403204178307061,1.4014746831637444,1.3996787704039275,1.3978145096003325,1.3958799588608872,1.3938731680426837,1.391792182152098,1.389635044917031,1.3873998025287086,1.3850845075346725,1.3826872228702696,1.3802060260044389,1.3776390131634124,1.3749843035942366,1.372240043798466,1.3694044116536987,1.3664756203032151,1.3634519216707042,1.3549223731482738,1.3512939225916285,1.3475478858607706,1.3436824232691338,1.3396957406418588,1.335586078494734,1.3313516978049198,1.326990862532781,1.3225018193337938,1.3178827751920343,1.3131318739961917,1.3082471733313146,1.3032266229506757,1.298068046496588,1.2927691280418048,1.2873274049175831,1.281740268084289,1.2760049709944763,1.2701186475243738,1.264078339125675,1.2578810309103985,1.251523695956016,1.2450033467302917,1.2383170922115714,1.2314621990337895,1.2244361548294576,1.2172367318779842,1.2098620491909735,1.2023106312699914,1.1945814619453332,1.1866740319303053,1.1785883789893203,1.1703251199034723,1.1618854737034947,1.1532712759430517,1.1444849840120916,1.1355296737774454,1.1264090280039336,1.1171273171984757,1.1076893736431206,1.098100559477264,1.088366729746627,1.078494191359671,1.0684896588892294,1.0583602081273624,1.0481132282537555,1.037756373413926,1.02729751442936,1.016744691279296,1.0061060669087225,0.95809736434786,0.9330375536854678,0.9078573682505636,0.8826459339915586,0.8574865351103202,0.8324558414230294,0.8076234566495033,0.7830517342432468,0.7587958075191438,0.7349037844442268,0.7114170630585595,0.6883707299746025,0.6657940110040411,0.6437107491885989,0.6221398910911242,0.60109596701047,0.5805895547945087,0.5606277201850505,0.5412144292072979,0.5223509301122088,0.5040361038828342,0.486266783415733,0.4690380422705059,0.4523434544037111,0.436175326639095,0.4205249058103121,0.4053825625913167,0.3907379540295276,0.3765801667433907,0.3628978426560233,0.3496792890247622,0.3369125744013523,0.3245856120284801,0.3126862320483737,0.3012022437735892,0.2901214891498115,0.2794318884284396,0.2691214789615643,0.2591784479365561,0.2495911597794099
0.6030434782608696,1.4432423901282303,1.443209008326888,1.4431672707224654,1.4431150885577315,1.4430498525020825,1.4429683037904757,1.4428663739587184,1.4427389858009383,1.4425798065925244,1.44238094280608,1.442132563485183,1.441822437216206,1.441435365357948,1.440952492122117,1.44035047062272,1.439600463813849,1.4386669613006495,1.4375063987851324,1.4360655783346417,1.4342799072346912,1.4336476181736288,1.4331926758255025,1.4327170769890292,1.4322199408337584,1.4317003541165174,1.4311573704490357,1.4305900095953614,1.42999725676277,1.4293780620212444,1.4287313396403745,1.4280559675657685,1.4273507869115651,1.4266146015183414,1.425846177576857,1.425044243325234,1.4242074888255014,1.423334565828476,1.4224240877330494,1.4214746296487504,1.4204847285687925,1.419452883662087,1.418377556684505,1.4172571725574048,1.416090120014887,1.4148747524917773,1.4136093891026342,1.4122923158093454,1.4109217867554449,1.4094960257748237,1.4080132280820894,1.406471562149129,1.4048691717676005,1.403204178307062,1.4014746831637548,1.3996787704038576,1.397814509600784,1.3958799588618322,1.3938731680453753,1.3917921821597865,1.389635044937532,1.3873998025810197,1.385084507662537,1.3826872231706602,1.380206026681265,1.3776390146319133,1.3749843066664145,1.3722400500060148,1.369404423787003,1.366475643281012,1.3634519638925993,1.3549225592699408,1.351294243301512,1.3475484233766128,1.3436833007227422,1.3396971375642337,1.3355882500448832,1.3313549978897052,1.326995770724515,1.3225089711964466,1.317892995305597,1.3131462106430765,1.30826693351203,1.3032534061571612,1.2981037755154756,1.2928160750099025,1.2873882109142674,1.2818179547220276,1.2761029427523016,1.2702406839346805,1.2642285763531946,1.2580639327208671,1.2517440145295924,1.2452660742050987,1.2386274042186944,1.2318253917877795,1.2248575775555663,1.2177217164826513,1.2104158391158135,1.2029383114183223,1.1952878914440632,1.1874637813016935,1.1794656730746984,1.1712937876160148,1.162948905413389,1.1544323890053425,1.1457461967025937,1.1368928876304454,1.127875618340676,1.1186981314414968,1.1093647368618005,1.099880286491497,1.0902501430339135,1.0804801439608385,1.0705765614865412,1.0605460594731917,1.0503956481530403,1.0401326375059603,1.029764590069045,1.0192992738831013,1.0087446162001212,0.9610612541022538,0.9361368905382204,0.911069972035718,0.885950022776121,0.8608611874531092,0.8358813354541034,0.8110815002479295,0.7865256030398301,0.7622704078860133,0.7383656577373635,0.7148543456984657,0.6917730818970971,0.6691525228710574,0.6470178367029115,0.6253891829136751,0.6042821911833416,0.5837084272404022,0.5636758377707882,0.5441891690029343,0.5252503558158125,0.5068588798835141,0.4890120966044454,0.4717055314490448,0.4549331469698532,0.4386875821137501,0.4229603657100485,0.4077421061209436,0.3930226590659433,0.3787912755953904,0.3650367321094551,0.3517474442137744,0.3389115660819118,0.3265170768665038,0.3145518555714415,0.3030037456697968,0.2918606106308812,0.2811103814043317,0.2707410968025959,0.2607409376244348,0.2510982552714733
0.6159420289855072,1.4432423901282945,1.4432090083269942,1.4431672707224446,1.4431150885576896,1.4430498525020372,1.4429683037903676,1.4428663739584855,1.4427389858009545,1.4425798065925706,1.4423809428061074,1.4421325634854616,1.4418224372162722,1.4414353653578316,1.440952492121997,1.4403504706226715,1.4396004638158224,1.438666961300618,1.4375063987850685,1.436065578334509,1.4342799072346508,1.4336476181746516,1.4331926758253275,1.4327170769891548,1.4322199408338576,1.4317003541164264,1.431157370448994,1.4305900095891393,1.4299972567629793,1.4293780620212442,1.42873133964027,1.428055967565821,1.4273507869116342,1.426614601518294,1.425846177576904,1.425044243325223,1.4242074888255096,1.4233345658284764,1.4224240877330494,1.4214746296487646,1.420484728568755,1.4194528836615052,1.4183775566885208,1.4172571725573184,1.4160901200148548,1.4148747524917602,1.4136093891025872,1.4122923158093654,1.4109217867554635,1.4094960257748002,1.4080132280822475,1.4064715621490795,1.4048691717675486,1.4032041783070537,1.4014746831637803,1.3996787704040083,1.3978145096007275,1.3958799588618842,1.3938731680461462,1.3917921821620642,1.3896350449440442,1.3873998025985406,1.385084507707569,1.382687223281306,1.380206026942196,1.3776390152235505,1.3749843079567774,1.372240052719445,1.3694044292965424,1.366475654101023,1.3634519844746973,1.3549226580270528,1.3512944188646887,1.3475487264851578,1.3436838097017922,1.339697969869709,1.3355895773112951,1.3313570644404835,1.3269989159837652,1.322513655816638,1.317899830666584,1.3131559910473614,1.308280670080461,1.3032723611348296,1.2981294954602185,1.2928504211761334,1.287433385088416,1.2818765188211407,1.2761778306629383,1.270335204341057,1.264346405658887,1.25820909758514,1.251920863988562,1.245479241798514,1.2388817609669944,1.2321259912377656,1.225209594414295,1.218130380578056,1.21088636655077,1.2034758348229735,1.1958973911859856,1.1881500193926509,1.1802331313316818,1.1721466114072343,1.163890854062258,1.1554667936515794,1.146875926145584,1.138120322415212,1.1292026331020577,1.120126085304337,1.1108944715087192,1.10151213135896,1.0919839269795308,1.0823152126632598,1.0725117997876474,1.0625799178510538,1.052526172516416,1.0423575015256077,1.032081129301342,1.021704520995779,1.011235336672594,0.963886881184834,0.9391041476983756,0.9141571391971356,0.8891355341022817,0.8641241421723644,0.839201882596494,0.8144411094650472,0.7899072372285603,0.7656586145622738,0.7417465957296108,0.7182157623542875,0.695104254086854,0.6724441729648517,0.6502620326148815,0.6285792293860468,0.6074125177941035,0.5867744771866683,0.5666739603048616,0.5471165174580392,0.5281047924255062,0.509638888042,0.4917167008030504,0.4743342248285586,0.4574858262249681,0.4411644893527059,0.4253620367934364,0.410069324963024,0.3952764173705965,0.3809727375064511,0.3671472032765798,0.3537883448045123,0.3408844073048999,0.3284234406068498,0.3163933767764555,0.3047820971580022,0.2935774900318704,0.2827674999683098,0.2723401698474329,0.2622836764148068,0.2525863601485424
0.628840579710145,1.443242390128254,1.4432090083269955,1.4431672707224108,1.4431150885576849,1.4430498525020556,1.4429683037903225,1.4428663739586134,1.4427389858009383,1.4425798065925608,1.4423809428061154,1.4421325634854645,1.4418224372161124,1.4414353653578338,1.44095249212202,1.4403504706228245,1.4396004638138469,1.438666961300629,1.4375063987852317,1.4360655783345002,1.4342799072345778,1.4336476181746778,1.4331926758254216,1.432717076989011,1.4322199408336969,1.4317003541164544,1.431157370448951,1.4305900095891528,1.4299972567627828,1.4293780620214336,1.4287313396403285,1.4280559675657458,1.4273507869116282,1.426614601518341,1.4258461775768978,1.4250442433252042,1.424207488825498,1.4233345658284882,1.422424087733057,1.421474629648752,1.420484728568767,1.419452883661488,1.418377556688938,1.417257172557306,1.4160901200148708,1.41487475249172,1.413609389102579,1.412292315809417,1.4109217867554429,1.4094960257749032,1.40801322808224,1.4064715621490242,1.404869171767626,1.403204178307057,1.401474683163758,1.3996787704040106,1.3978145096007537,1.3958799588619335,1.39387316804632,1.3917921821625916,1.389635044945888,1.3873998026038727,1.3850845077222615,1.3826872233194092,1.3802060270367402,1.3776390154477622,1.3749843084681723,1.372240053841573,1.3694044316695402,1.3664756589458866,1.3634519940383247,1.3549227082634614,1.3512945111972436,1.3475488910287512,1.3436840944266673,1.3396984490498978,1.3355903625626508,1.3313583191674618,1.327000873289615,1.3225166401608237,1.3179042831978094,1.31316249827973,1.308289995273329,1.3032854774235518,1.2981476194925357,1.2928750457692926,1.2874663092614598,1.2819198734902564,1.2762340983357754,1.2704072312991008,1.2644374053774745,1.258322644483646,1.2520608770096835,1.2456499577546214,1.239087698035671,1.2323719034076364,1.225500418053645,1.21847117460021,1.211282247872311,1.203931910942029,1.1964186917522486,1.1887414286021818,1.1808993228645448,1.1728919874527397,1.1647194897552318,1.1563823879913102,1.147881760201387,1.139219225351639,1.1303969562953051,1.121417684580193,1.11228469731499,1.10300182650108,1.0935734313960337,1.0840043746010983,1.0742999926542978,1.0644660619675756,1.0545087609735704,1.0444346293453906,1.0342505251302212,1.0239635805936496,1.0135811575153215,0.9665765099324554,0.9419414202392954,0.917120888858414,0.8922044839978273,0.8672774653518448,0.8424196344431369,0.8177045418197706,0.7931990085170411,0.7689629123558114,0.7450491884299939,0.7215039957096141,0.698367006543432,0.6756717818280876,0.653446200898189,0.6317129212417845,0.6104898486406327,0.589790603115226,0.5696249700763537,0.5499993293701648,0.530917057520228,0.5123789005002376,0.4943833159083733,0.4769267845423066,0.4600040921804172,0.4436085829153564,0.427732385737617,0.4123666162610491,0.3975015555687931,0.3831268081644385,0.3692314409630376,0.3558041051696519,0.3428331427828688,0.3303066793375404,0.3182127043721214,0.3065391409776155,0.2952739056594929,0.2844049596249943,0.2739203524961591,0.263808259345033,0.2540570118524855
0.6417391304347826,1.4432423901282465,1.4432090083269251,1.4431672707224146,1.4431150885576818,1.4430498525020623,1.4429683037903829,1.4428663739587633,1.4427389858009434,1.442579806592542,1.4423809428061305,1.442132563485474,1.4418224372164137,1.441435365357851,1.4409524921220065,1.4403504706228252,1.439600463813846,1.438666961300619,1.4375063987851988,1.436065578334418,1.434279907234668,1.433647618174665,1.4331926758254523,1.432717076989168,1.4322199408338678,1.4317003541164637,1.4311573704490717,1.4305900095892494,1.4299972567627484,1.4293780620212808,1.4287313396403467,1.428055967565815,1.427350786911569,1.4266146015183685,1.4258461775768665,1.425044243325214,1.4242074888254868,1.4233345658284655,1.4224240877331311,1.421474629648785,1.4204847285687408,1.4194528836614415,1.4183775566884715,1.4172571725570875,1.4160901200147726,1.414874752491799,1.4136093891026544,1.412292315809373,1.4109217867554409,1.409496025775569,1.4080132280822455,1.406471562149091,1.4048691717675494,1.403204178307247,1.4014746831637752,1.399678770403957,1.397814509600764,1.3958799588619974,1.393873168046448,1.3917921821627814,1.3896350449464432,1.387399802605482,1.3850845077267386,1.3826872233316798,1.3802060270686018,1.3776390155271898,1.3749843086583229,1.3722400542781512,1.3694044326337862,1.366475660997691,1.363451998252368,1.3549227326509647,1.351294557647971,1.3475489766632287,1.3436842474765736,1.3396987146323216,1.3355908106667862,1.331359055318611,1.3270020523389956,1.3225184835392008,1.317907099821834,1.3131667090779346,1.3082961610344648,1.3032943293675263,1.298160091654086,1.2928923079996626,1.2874897994015493,1.2819513271179792,1.276275574401704,1.2704611320093029,1.2645064888218709,1.2584100287547189,1.2521700348878526,1.2457847014310748,1.2392521537736425,1.2325704764803054,1.225737748712307,1.2187520861956385,1.2116116885570494,1.2043148906044254,1.1968602159725463,1.18924643146987,1.1814726004656495,1.1735381337285282,1.1654428362675258,1.1571869489152733,1.1487711836204717,1.1401967516669114,1.1314653842943678,1.1225793454528363,1.11354143666243,1.104354994169987,1.0950238787847628,1.085552458932712,1.0759455875931725,1.0662085738727856,1.0563471500277186,1.0463674347731406,1.0362758937207828,1.0260792977619049,1.0157846801740371,0.969131989716332,0.944650361452374,0.9199627842426444,0.895158430113747,0.8703227721847003,0.8455363071776502,0.8208736408940186,0.7964029002669121,0.7721854257969176,0.7482756947503281,0.7247214265618932,0.7015638258067157,0.678837923605941,0.6565729844456937,0.6347929514833246,0.6135169090761018,0.5927595462830341,0.5725316093652432,0.5528403348477062,0.5336898575492149,0.5150815902198737,0.4970145731305819,0.4794857932288999,0.4624904733895982,0.446022332921611,0.4300738209069382,0.4146363241945706,0.3997003519952044,0.3852556990551889,0.3712915893562692,0.3577968022121561,0.3447597825330237,0.3321687369033578,0.3200117169995708,0.3082766917384631,0.2969516094243672,0.2860244510405133,0.2754832757161846,0.2653162592946003,0.2555117268285902
0.6546376811594202,1.4432423901282447,1.443209008326591,1.443167270722407,1.4431150885576802,1.4430498525020417,1.4429683037903798,1.442866373958733,1.4427389858009658,1.442579806592538,1.4423809428064611,1.442132563485504,1.4418224372163824,1.4414353653578185,1.440952492121983,1.4403504706227932,1.4396004638138655,1.4386669613006482,1.4375063987851826,1.4360655783345089,1.434279907234664,1.4336476181746445,1.4331926758254188,1.432717076988984,1.4322199408337912,1.4317003541165734,1.4311573704491083,1.4305900095889943,1.4299972567627617,1.429378062020542,1.4287313396403625,1.4280559675657674,1.427350786911484,1.4266146015183363,1.4258461775768747,1.4250442433251975,1.4242074888255472,1.4233345658284775,1.4224240877330248,1.421474629648743,1.420484728568801,1.4194528836614804,1.41837755668857,1.4172571725573435,1.4160901200148486,1.4148747524917515,1.413609389102605,1.4122923158093952,1.4109217867554669,1.409496025774826,1.4080132280822577,1.4064715621491164,1.4048691717675423,1.4032041783070734,1.4014746831637723,1.3996787704039746,1.3978145096007826,1.3958799588620725,1.3938731680464742,1.3917921821627843,1.3896350449465913,1.387399802605798,1.3850845077279572,1.3826872233350327,1.3802060270784131,1.3776390155532852,1.374984308724112,1.3722400544366558,1.3694044330010475,1.3664756618146008,1.363452000002551,1.3549227438906557,1.351294579891016,1.347549019189601,1.343684326157129,1.3396988557334562,1.3355910563091151,1.33135947105622,1.327002737319332,1.3225195836865995,1.3179088243922896,1.3131693507896645,1.3083001197687008,1.3033001391757577,1.2981684505166535,1.2929041094720624,1.2875061650058133,1.2819736380788542,1.2763055011678028,1.2705006599098525,1.2645579382337195,1.258476068284886,1.2522536863075822,1.2458893354160776,1.2393814758859325,1.2327285032526452,1.225928774120764,1.21898063922359,1.2118824829188493,1.2046327680077564,1.1972300845242336,1.189673200976921,1.1819611164410366,1.1740931118873397,1.1660687992020322,1.1578881664782166,1.1495516183392196,1.141060010271188,1.1324146761823837,1.1236174486576564,1.1146706716248538,1.1055772053853796,1.0963404241763042,1.086964206618434,1.0774529195618574,1.0678113959634583,1.0580449075217928,1.0481591328530584,1.038160122021055,1.0280542582370795,1.017848217526712,0.9715547738649676,0.9472321923242596,0.9226839341547848,0.8979984669221538,0.8732612176409064,0.8485531693560171,0.8239498226689086,0.7995204935731899,0.7753279058863203,0.7514280305984057,0.7278701237143753,0.7046969169146787,0.681944920186245,0.6596448013930206,0.6378218138058737,0.616496248392106,0.5956838928867353,0.575396484192051,0.5556421444410082,0.5364257941439966,0.5177495382830075,0.4996130231056936,0.4820137627930171,0.4649474362111517,0.4484081546888265,0.4323887022505311,0.4168807500402068,0.4018750468353209,0.3873615876140177,0.3733297621276658,0.3597684853706482,0.3466663117452199,0.3340115346051683,0.3217922727373241,0.3099965452116666,0.2986123359030216,0.2876276488647416,0.2770305556176308,0.2668092353090305,0.2569520085958991
0.667536231884058,1.4432423901282243,1.4432090083270146,1.4431672707223917,1.443115088557838,1.4430498525020494,1.4429683037903358,1.44286637395868,1.4427389858009312,1.4425798065925433,1.4423809428060972,1.4421325634854614,1.4418224372162465,1.441435365357924,1.4409524921219918,1.4403504706227483,1.439600463813863,1.4386669613006768,1.437506398785206,1.4360655783391203,1.434279907234683,1.4336476181746332,1.4331926758254316,1.432717076988998,1.432219940833762,1.4317003541165414,1.4311573704489866,1.4305900095892363,1.429997256763082,1.4293780620207897,1.428731339640404,1.4280559675660105,1.4273507869115665,1.4266146015183545,1.4258461775768814,1.4250442433252473,1.4242074888254614,1.4233345658284595,1.4224240877330907,1.4214746296487657,1.4204847285687614,1.4194528836614348,1.418377556688516,1.417257172557307,1.4160901200146938,1.4148747524917915,1.413609389102697,1.412292315809344,1.410921786755441,1.4094960257747122,1.4080132280822404,1.406471562149097,1.4048691717675688,1.403204178307076,1.401474683163777,1.399678770403944,1.3978145096007342,1.395879958862089,1.3938731680465235,1.391792182162839,1.3896350449465686,1.3873998026059524,1.3850845077282097,1.3826872233361631,1.3802060270812495,1.3776390155611415,1.374984308745156,1.3722400544902975,1.36940443313108,1.3664756621181482,1.3634520006837398,1.354922748779101,1.3512945899715605,1.3475490392314935,1.3436843646444865,1.3396989272412458,1.335591185060099,1.3313596960518643,1.3270031194913618,1.3225202155294,1.3179098425135511,1.3131709517359276,1.3083025793515048,1.3033038353174278,1.2981738893948056,1.2929119544520042,1.287517267551918,1.281989069549362,1.2763265841501312,1.2705289975733165,1.264595440083773,1.2585249707114874,1.252316566435172,1.245969116977854,1.2394814261513214,1.2328522204013694,1.2260801648755888,1.2191638869713513,1.2121020069647224,1.2048931749733274,1.1975361132133564,1.1900296622684416,1.1823728299189356,1.1745648409889295,1.166605186650327,1.158493671674719,1.150230458246284,1.1418161051120344,1.1332516010546936,1.1245383919025105,1.115678400535292,1.1066740395838104,1.0975282167538336,1.0882443329060227,1.0788262732427027,1.0692783920379485,1.0596054915587774,1.0498127958456551,1.0399059201167051,1.0298908365801005,1.0197738374465726,0.9738459406911067,0.9496877115663872,0.925284993471317,0.9007252185224288,0.8760934835783463,0.851471025241404,0.8269340568095749,0.8025529479487812,0.7783917113342811,0.7545077515341119,0.7309518286483272,0.7077681904628544,0.6849948308315617,0.6626638373627575,0.6408017973857841,0.6194302370065514,0.5985660734564557,0.578222065694943,0.5584072522685576,0.5391273687588374,0.5203852398210382,0.5021811428990529,0.4845131422891146,0.4673773933961436,0.4507684178651784,0.4346793508440966,0.4191021620018934,0.4040278521408634,0.3894466273385867,0.3753480525701175,0.3617211867175935,0.3485547007911586,0.335836981078095,0.3235562188152187,0.3117004878527808,0.3002578116497709,0.2892162208162788,0.2785638022997838,0.2682887412001853,0.2583793560965613
0.6804347826086956,1.443242390128339,1.4432090083269922,1.44316727072241,1.4431150885577355,1.4430498525020334,1.4429683037903038,1.442866373958672,1.4427389858009876,1.4425798065919797,1.4423809428062178,1.4421325634854856,1.441822437216217,1.4414353653577097,1.440952492122017,1.4403504706228674,1.4396004638138722,1.4386669613006966,1.4375063987852292,1.4360655783343672,1.434279907234661,1.4336476181746682,1.4331926758253668,1.4327170769890991,1.4322199408338083,1.4317003541165352,1.431157370449015,1.4305900095891295,1.4299972567627777,1.4293780620212733,1.4287313396416603,1.428055967565783,1.4273507869115465,1.4266146015181955,1.425846177576907,1.4250442433252457,1.424207488825545,1.423334565828485,1.4224240877329732,1.4214746296487766,1.4204847285687368,1.4194528836614555,1.4183775566885166,1.4172571725572924,1.416090120014853,1.4148747524915748,1.413609389102607,1.4122923158093712,1.4109217867554729,1.409496025774812,1.4080132280822502,1.4064715621491315,1.404869171767556,1.403204178307031,1.4014746831637888,1.3996787704039635,1.3978145096007988,1.395879958862014,1.3938731680464624,1.391792182162744,1.3896350449465988,1.3873998026060426,1.3850845077283067,1.3826872233362917,1.3802060270818088,1.377639015563185,1.3749843087512663,1.372240054506764,1.3694044331735384,1.3664756622223149,1.363452000929633,1.3549227507717307,1.351294594266926,1.3475490481394126,1.3436843824513696,1.3396989616135175,1.3355912492364674,1.3313598121426,1.327003323265742,1.3225205631198045,1.3179104194937947,1.313171885008942,1.3083040522113352,1.30330610593201,1.298177312761688,1.29291700764687,1.2875245778110265,1.2819994444330298,1.27634104274841,1.2705488014647788,1.264622122568799,1.2585603627367756,1.252362817619244,1.2460287102453065,1.2395571846815316,1.2329473058860856,1.2261980664346133,1.2193084004797252,1.2122772049583466,1.2051033677121077,1.197785801849402,1.1903234853837192,1.1827155049411904,1.1749611021559,1.1670597212710354,1.159011056437053,1.1508150972387157,1.142472171090414,1.133982981293142,1.1253486397425294,1.1165706934977138,1.107651144654111,1.0985924631980537,1.0893975927454689,1.0800699492741783,1.070613413142303,1.061032314839387,1.0513314150408728,1.0415158796292283,1.0315912504061646,1.021563412256041,0.9760062180467332,0.9520173073763654,0.9277661635002646,0.9033388295780416,0.8788197624903834,0.8542901936068817,0.8298268425595868,0.8055009760935136,0.7813777836449036,0.7575160292729634,0.7339679342335765,0.7107792440330325,0.6879894366069436,0.6656320329898118,0.6437349774619027,0.6223210599603635,0.6014083590595645,0.5810106887918915,0.5611380368682807,0.5417969854377919,0.5229911084297617,0.504721341815581,0.4869863248915128,0.469782712004659,0.4531054551017092,0.4369480581482503,0.4213028049077518,0.4061609618376591,0.3915129579984444,0.3773485439153532,0.3636569313086624,0.350426915539748,0.3376469825196172,0.32530540171159,0.3133903067330795,0.3018897649234428,0.290791837197497,0.2800846291361702,0.2697563345944375,0.2597952724925561
0.6933333333333334,1.4432423901282143,1.443209008326991,1.4431672707224044,1.4431150885577164,1.4430498525020468,1.4429683037902876,1.4428663739587662,1.4427389858009836,1.4425798065921644,1.4423809428060657,1.4421325634854183,1.4418224372163075,1.4414353653578589,1.440952492122038,1.440350470622808,1.4396004638138191,1.4386669613006486,1.4375063987851702,1.436065578334538,1.4342799072349894,1.4336476181746505,1.4331926758254192,1.4327170769891042,1.4322199408338154,1.4317003541164923,1.4311573704489706,1.4305900095891495,1.4299972567628298,1.429378062021179,1.428731339639977,1.4280559675657851,1.4273507869115794,1.426614601518324,1.4258461775767317,1.425044243325282,1.4242074888255063,1.4233345658284935,1.4224240877330407,1.421474629649235,1.4204847285687492,1.4194528836614284,1.4183775566885208,1.417257172557176,1.4160901200148146,1.4148747524918064,1.4136093891026682,1.4122923158094256,1.4109217867554604,1.409496025774842,1.4080132280822797,1.406471562149208,1.4048691717675716,1.4032041783070697,1.4014746831637963,1.3996787704039575,1.3978145096007748,1.3958799588620416,1.393873168046391,1.391792182162891,1.3896350449466257,1.3873998026060328,1.3850845077283869,1.3826872233365135,1.3802060270821326,1.3776390155639588,1.374984308752913,1.372240054511429,1.3694044331862525,1.366475662255407,1.36345200101156,1.35492275153022,1.3512945959745823,1.347549051846329,1.3436843901906037,1.33969897718111,1.335591279467205,1.3313598689099588,1.3270034265135362,1.3225207452897842,1.3179107317636571,1.3131724057887355,1.3083048983326722,1.3033074469084818,1.298179388383878,1.292920149002167,1.2875292315926905,1.2820062001358117,1.2763506620590963,1.270562248870485,1.2646405959523987,1.2585853225285315,1.252396012957143,1.2460722005699534,1.2396133552725532,1.233018876024784,1.2262880891485202,1.2194202531652654,1.2124145705689031,1.2052702066090566,1.1979863148195928,1.1905620687016036,1.1829966986742697,1.1752895331672175,1.167440042544238,1.1594478844437233,1.1513129490763412,1.1430354030554348,1.134615730424688,1.1260547696922358,1.117353745861259,1.1085142966596926,1.099538492393895,1.0904288490788467,1.0811883347176547,1.0718203688051444,1.0623288153128267,1.052717969565042,1.042992539541878,1.03315762223776,1.0232186757698256,0.9780360131525117,0.9542209724274014,0.9301271933470554,0.9058389551073928,0.8814397382018704,0.857010481900069,0.8326281788649446,0.8083648121218456,0.7842866152468171,0.7604536211297667,0.7369194565203161,0.7137313370334706,0.6909302186828324,0.6685510658695654,0.6466232009341096,0.6251707060393049,0.604212853727863,0.5837645476375765,0.563836759377396,0.5444369513985444,0.5255694788420093,0.5072359658590206,0.4894356538579932,0.4721657206151499,0.455421570274092,0.4391970950356281,0.4234849098606714,0.4082765618413091,0.3935627160796347,0.3793333199917731,0.3655777479548763,0.3522849281616577,0.3394434534582093,0.3270416778299366,0.3150678000787189,0.3035099360952513,0.2923561810860636,0.2815946627357533,0.2712135866268203,0.2612012746053933
0.706231884057971,1.443242390128279,1.4432090083269973,1.4431672707224172,1.4431150885575283,1.4430498525021245,1.4429683037902516,1.442866373958833,1.442738985800961,1.442579806591938,1.4423809428061294,1.4421325634854545,1.441822437216455,1.4414353653578906,1.4409524921219907,1.44035047062274,1.4396004638138356,1.4386669613006178,1.4375063987851802,1.4360655783343794,1.4342799072346604,1.4336476181746671,1.4331926758254268,1.4327170769890931,1.432219940833776,1.4317003541164437,1.4311573704490297,1.4305900095892587,1.42999725676285,1.4293780620212482,1.4287313396403936,1.4280559675657656,1.4273507869116024,1.4266146015186465,1.4258461775768672,1.425044243325066,1.4242074888255178,1.4233345658284884,1.4224240877330792,1.421474629648776,1.420484728568728,1.4194528836614635,1.418377556688536,1.417257172557287,1.4160901200148208,1.4148747524918326,1.4136093891027703,1.4122923158093803,1.4109217867555173,1.4094960257747189,1.4080132280822857,1.4064715621490984,1.404869171767571,1.4032041783070637,1.4014746831637463,1.3996787704039677,1.3978145096007577,1.39587995886204,1.3938731680464538,1.3917921821628891,1.3896350449465382,1.3873998026058216,1.3850845077284124,1.3826872233364806,1.3802060270822032,1.3776390155640357,1.3749843087532347,1.3722400545127291,1.3694044331896922,1.3664756622647896,1.363452001036357,1.3549227517903608,1.3512945966023615,1.347549053278322,1.3436843933238398,1.3396989837736772,1.33559129282656,1.331359895034027,1.3270034758951024,1.3225208356733005,1.3179108921961753,1.3131726823718382,1.308305362108913,1.3033082043173574,1.298180594674925,1.292922024892339,1.2875320832955237,1.2820104426756158,1.2763568455289107,1.2705710870085212,1.2646529961284845,1.2586024159731193,1.2524191838551604,1.2461031125103397,1.239653973498291,1.2330714839875792,1.226355298029522,1.2195050032730392,1.2125201238508192,1.2054001298898651,1.1981444537844004,1.1907525130438712,1.1832237392073537,1.1755576120258542,1.1677536978682077,1.1598116911214853,1.1517314572345874,1.1435130760049248,1.13515688372288,1.1266635128672111,1.1180339281722669,1.109269458058627,1.1003718206183972,1.0913431435567835,1.0821859777170506,1.0729033040249534,1.0634985338911855,1.0539755032890112,1.044338460877636,1.0345920506688622,1.0247412898293822,0.9799354498588952,0.9562983240025862,0.9323673837993725,0.9082247501512768,0.8839525640227203,0.859631155866895,0.8353375283355134,0.8111441725210309,0.7871182096948064,0.7633208312663061,0.7398069983938934,0.7166253577125445,0.6938183293062807,0.671422325793465,0.6494680659389673,0.6279809515929886,0.6069814823006645,0.5864856871900218,0.5665055584743827,0.5470494749805147,0.5281226075097472,0.5097273005871663,0.4918634273182929,0.4745287157320017,0.4577190462247484,0.4414287206127225,0.4256507039148437,0.4103768403921841,0.3955980456081214,0.3813044763907739,0.3674856806077115,0.3541307286292579,0.3412283282809461,0.3287669249820911,0.3167347886502131,0.3051200888247972,0.2939109593294193,0.2830955537248741,0.2726620925167136,0.2625989032312856
0.7191304347826087,1.4432423901282598,1.443209008326998,1.4431672707224446,1.443115088557746,1.4430498525020348,1.4429683037902776,1.4428663739588454,1.4427389858008868,1.4425798065924782,1.4423809428061125,1.44213256348547,1.4418224372161748,1.4414353653577918,1.4409524921219636,1.440350470622745,1.4396004638139668,1.4386669613006196,1.4375063987852112,1.4360655783344427,1.4342799072346768,1.4336476181746556,1.433192675825408,1.4327170769891178,1.432219940833774,1.431700354116481,1.4311573704490517,1.4305900095887625,1.4299972567627968,1.4293780620212826,1.4287313396403434,1.4280559675657645,1.4273507869118016,1.426614601518403,1.425846177576879,1.4250442433242203,1.4242074888254987,1.423334565828461,1.4224240877330607,1.421474629648782,1.420484728568751,1.4194528836614522,1.4183775566885306,1.41725717255713,1.4160901200148406,1.414874752492327,1.413609389102597,1.412292315809382,1.4109217867554198,1.4094960257747833,1.408013228082266,1.4064715621490929,1.4048691717675612,1.4032041783070774,1.401474683163778,1.3996787704039555,1.3978145096008028,1.395879958862024,1.393873168046471,1.3917921821628223,1.389635044946672,1.3873998026059071,1.3850845077283196,1.382687223336507,1.3802060270820966,1.3776390155639004,1.374984308753376,1.372240054512924,1.3694044331904345,1.3664756622672558,1.3634520010431346,1.3549227518741949,1.3512945968136651,1.347549053786788,1.343684394494917,1.3396989863604176,1.3355912983173537,1.3313599062555317,1.3270034980164382,1.322520877811212,1.3179109698874751,1.313172821238084,1.3083056031018416,1.3033086109677663,1.298181262778238,1.2929230950274309,1.2875337564879463,1.282012999371197,1.2763606678459485,1.2705766839913382,1.2646610314505933,1.2586137372574482,1.252434852512879,1.246124432782432,1.2396825192315075,1.2331091216134338,1.2264042042474548,1.219567676073946,1.2125993857435406,1.2054991224988134,1.1982666233506112,1.190901586755324,1.1834036926874685,1.1757726286863703,1.168008121173852,1.1601099710868792,1.1520780926794068,1.143912554214848,1.1356136192077069,1.1271817868727974,1.1186178305031669,1.1099228326106427,1.1010982158192637,1.0921457686873717,1.0830676658391458,1.0738664819963832,1.064545199711157,1.055107210795238,1.0455563116198998,1.0358966926145696,1.0261329224191,0.9817044160062576,0.958248631744903,0.9344855957670062,0.9104948607719432,0.8863568391783266,0.8621509047613116,0.8379537746861485,0.8138382090238016,0.7898720327776357,0.766117462340638,0.7426307035508902,0.7194617807541133,0.696654553868442,0.6742468817717863,0.652270894014234,0.6307533377997699,0.6097159725825056,0.589175989940606,0.5691464412905424,0.5496366603104756,0.5306526705854994,0.512197571978632,0.494271901614987,0.4768739672186848,0.460000151938872,0.4436451908247821,0.4278024198306275,0.4124639987151712,0.3976211095017155,0.3832641323273746,0.3693828005723215,0.3559663371495763,0.3430035737750901,0.3304830549457982,0.3183931282398433,0.3067220224310602,0.2954579147752059,0.2845889887595073,0.2741034833109383,0.2639897346152523
0.7320289855072464,1.4432423901282083,1.4432090083270626,1.4431672707224528,1.44311508855779,1.4430498525020463,1.4429683037903382,1.4428663739586445,1.442738985801116,1.4425798065925188,1.4423809428058625,1.4421325634855058,1.441822437216214,1.4414353653578047,1.440952492121978,1.4403504706223431,1.4396004638135798,1.438666961300516,1.4375063987852086,1.4360655783345098,1.4342799072346817,1.4336476181745543,1.43319267582543,1.4327170769891204,1.4322199408337828,1.431700354116446,1.431157370449114,1.4305900095891249,1.4299972567627224,1.4293780620210803,1.4287313396403865,1.42805596756565,1.4273507869115476,1.4266146015183492,1.4258461775769011,1.425044243325145,1.4242074888255012,1.4233345658284289,1.4224240877330765,1.4214746296487852,1.4204847285687283,1.4194528836614408,1.4183775566885426,1.4172571725572771,1.416090120014837,1.4148747524919645,1.413609389102582,1.4122923158094094,1.4109217867554542,1.4094960257747822,1.4080132280822557,1.4064715621499937,1.4048691717675723,1.4032041783070677,1.4014746831637586,1.399678770403974,1.3978145096007852,1.395879958862048,1.3938731680460168,1.3917921821627486,1.3896350449466683,1.3873998026059904,1.385084507728341,1.3826872233363705,1.3802060270822205,1.3776390155640108,1.374984308753354,1.372240054512906,1.369404433190642,1.3664756622677978,1.3634520010447022,1.3549227518978848,1.35129459687762,1.3475490539508042,1.3436843948941593,1.33969898729095,1.335591300394965,1.3313599107109593,1.3270035072494042,1.3225208961092076,1.3179110050539322,1.3131728866264345,1.3083057209221167,1.3033088170087206,1.2981816129934156,1.2929236744131245,1.2875346906583638,1.2820144691659838,1.2763629271756922,1.2705800809464676,1.2646660324673582,1.2586209538675972,1.2524450699292682,1.246138639299981,1.2397019351960992,1.2331352265401023,1.2264387605838614,1.219612748110771,1.2126573522815345,1.2055726820832044,1.1983587911666287,1.1910156826261804,1.1835433199986978,1.175941644460383,1.16821059790048,1.160350151261189,1.1523603372909166,1.1442412866506368,1.135993266174961,1.1276167180082866,1.1191122983251047,1.1104809143793088,1.1017237587365396,1.0928423396731275,1.0838385069031011,1.0747144719868855,1.0654728229755477,1.0561165330505884,1.0466489631073894,1.0370738584099055,1.027395339596883,0.9833426241753628,0.9600708562139654,0.9364802660235184,0.912647418460414,0.888650584808462,0.8645678026774136,0.8404751734150924,0.8164454525255285,0.7925469531695762,0.7688427558412652,0.7453901988603961,0.7222406134145197,0.6994392620224074,0.6770254388686988,0.655032693003281,0.6334891396916679,0.6124178303159136,0.5918371565041939,0.5717612691848092,0.5522004977707389,0.5331617585682709,0.5146489447410104,0.4966632927776754,0.4792037224705838,0.4622671489860441,0.4458487667767835,0.4299423059272396,0.4145402620974074,0.3996341016048326,0.385214443400282,0.3712712197942039,0.357793817808503,0.3447712029872665,0.3321920274196071,0.3200447236229926,0.3083175858164041,0.2969988399779433,0.2860767040304451,0.2755394391483471,0.2653753934360322
0.744927536231884,1.443242390128258,1.4432090083270035,1.4431672707224492,1.4431150885577155,1.443049852502046,1.4429683037903378,1.4428663739586756,1.4427389858009343,1.442579806592524,1.4423809428060068,1.442132563485498,1.441822437216269,1.4414353653580416,1.4409524921220187,1.440350470622781,1.4396004638138518,1.4386669613012912,1.4375063987852033,1.4360655783345304,1.4342799072347092,1.4336476181746698,1.4331926758254356,1.4327170769891198,1.4322199408338057,1.4317003541164668,1.431157370449041,1.4305900095890984,1.4299972567626986,1.4293780620212764,1.428731339640333,1.428055967565763,1.4273507869115971,1.426614601518314,1.4258461775772664,1.425044243325312,1.4242074888255047,1.4233345658285053,1.4224240877330638,1.4214746296487777,1.4204847285688746,1.4194528836614675,1.4183775566885304,1.4172571725572725,1.4160901200148202,1.4148747524908205,1.4136093891027677,1.4122923158093366,1.4109217867554726,1.4094960257747606,1.4080132280822444,1.4064715621491173,1.4048691717675823,1.4032041783070552,1.4014746831637588,1.3996787704035911,1.397814509600756,1.3958799588613902,1.3938731680464536,1.3917921821628183,1.389635044946626,1.3873998026059962,1.3850845077283165,1.3826872233365222,1.3802060270822527,1.377639015564096,1.3749843087534237,1.3722400545130562,1.3694044331906243,1.366475662267984,1.363452001044888,1.3549227519042262,1.3512945968953036,1.3475490539980877,1.3436843950169637,1.3396989875938032,1.3355913011099532,1.331359912327619,1.3270035107204547,1.3225209034326295,1.3179110197841593,1.3131729152288627,1.308305774627503,1.3033089146828172,1.2981817853227642,1.292923969806126,1.2875351832815412,1.2820152695264304,1.276364195607173,1.2705820442468043,1.2646690037701165,1.2586253556183156,1.2524514595792289,1.246147737060606,1.239714652923643,1.233152696580472,1.2264623632186802,1.2196441361349315,1.2126984712201032,1.205625784631852,1.1984264446124449,1.1911007682627162,1.1836490238758857,1.176071439182106,1.1683682155720274,1.1605395480793228,1.152585650619799,1.1445067857358284,1.1363032978857974,1.127975649163688,1.119524456240827,1.110950527286684,1.1022548976540414,1.093438863189924,1.0845040101589158,1.0754522409212144,1.0662857946892956,1.0570072628788554,1.04761959876607,1.0381261213499662,1.028530513494918,0.9848496898591212,0.96176370236082,0.9383494339600994,0.9146800409080854,0.8908312215373817,0.8668792669728085,0.8428992957244482,0.8189637471907769,0.7951411710704002,0.7714953190303022,0.7480845226880932,0.7249613275914811,0.7021723451884567,0.6797582822414681,0.6577541082278039,0.6361893246615994,0.6150883049228248,0.5944706782727909,0.5743517368398472,0.5547428489780576,0.5356518665600857,0.5170835172289843,0.4990397754993703,0.4815202088774009,0.4645222969366609,0.4480417226190576,0.4320726360017198,0.4166078914539358,0.4016392595615333,0.3871576154775541,0.3731531055032315,0.3596152937567017,0.3465332907671551,0.3338958657697519,0.321691544379597,0.3099086932110613,0.2985355928755719,0.2875605007429462,0.2769717044865201,0.2667575677473962
0.7578260869565218,1.443242390128337,1.4432090083269684,1.4431672707224366,1.4431150885576371,1.4430498525020266,1.44296830379019,1.4428663739587295,1.4427389858009283,1.4425798065925464,1.44238094280614,1.442132563485456,1.4418224372163713,1.4414353653578482,1.4409524921219754,1.4403504706228407,1.4396004638138378,1.4386669613005172,1.437506398785169,1.4360655783345115,1.4342799072346877,1.4336476181746998,1.4331926758254374,1.4327170769890958,1.4322199408342362,1.431700354116523,1.4311573704487963,1.4305900095892428,1.429997256762544,1.4293780620210352,1.4287313396403598,1.4280559675657258,1.4273507869115585,1.4266146015184558,1.4258461775770497,1.4250442433252224,1.4242074888256602,1.4233345658285057,1.4224240877330545,1.4214746296487837,1.4204847285687654,1.419452883661456,1.418377556688541,1.4172571725573029,1.4160901200149076,1.414874752491718,1.4136093891025392,1.4122923158093137,1.4109217867554422,1.4094960257746751,1.4080132280822877,1.4064715621491195,1.4048691717673896,1.4032041783070943,1.401474683163773,1.39967877040396,1.397814509600749,1.3958799588619497,1.3938731680464624,1.3917921821628187,1.389635044946521,1.3873998026059604,1.3850845077283451,1.3826872233363874,1.380206027082188,1.3776390155639242,1.3749843087533409,1.372240054513009,1.3694044331907045,1.3664756622680072,1.3634520010451787,1.3549227519054676,1.3512945968993793,1.3475490540101815,1.3436843950503323,1.3396989876817105,1.335591301330472,1.3313599128560032,1.3270035119325787,1.3225209060998806,1.3179110254256612,1.3131729267185892,1.3083057972044394,1.303308957556279,1.2981818641402934,1.2929241102976343,1.2875354264590766,1.2820156788485175,1.2763648665225626,1.2705831164924228,1.2646706767147873,1.2586279067917086,1.2524552663374933,1.2461533010955437,1.2397226270586168,1.2331639130233745,1.22647786219206,1.2196651935964518,1.2127266242474757,1.2056628529954077,1.1984745470981433,1.1911623324484155,1.1837267882912688,1.1761684470839608,1.1684877999228656,1.1606853076999633,1.15276141787406,1.144716586469918,1.1365513046656757,1.128266129114936,1.119861714983032,1.111338850566289,1.1026984923109713,1.093941799054762,1.0850701643711014,1.0760852460022925,1.066988991506419,1.057783659410699,1.048471835344157,1.0390564428118494,1.0295407484539327,0.9862252319276786,0.9633256931942844,0.9400907843469842,0.9165898433404772,0.8928955516729461,0.8690820155478877,0.8452229661511701,0.8213901740375713,0.7976521331309379,0.774073036023993,0.7507120361717816,0.7276227744891545,0.7048531369748753,0.6824452049303684,0.6604353586139646,0.6388544973685011,0.6177283432078147,0.5970777996421321,0.5769193425200673,0.5572654244430496,0.5381248786202883,0.5195033117566524,0.5014034786740822,0.4838256338806191,0.4667678572786075,0.4502263527150188,0.4341957191981059,0.4186691954073621,0.4036388786730281,0.3890959199538658,0.375030696544174,0.3614329643323291,0.3482919914440909,0.3355966750591404,0.3233356431065425,0.3114973424397678,0.3000701149626942,0.2890422631332454,0.2784021058994356,0.2681380264481868
0.7707246376811594,1.443242390128347,1.4432090083269082,1.4431672707225232,1.4431150885579695,1.44304985250207,1.4429683037903096,1.4428663739584102,1.442738985800942,1.4425798065924973,1.442380942806477,1.442132563485473,1.4418224372164723,1.441435365358243,1.440952492122022,1.4403504706228292,1.4396004638137867,1.4386669613006315,1.4375063987851846,1.43606557833454,1.434279907234746,1.4336476181745608,1.433192675825404,1.432717076989113,1.4322199408337928,1.4317003541165263,1.4311573704489666,1.4305900095891564,1.4299972567627912,1.4293780620212615,1.42873133964029,1.428055967565807,1.427350786911574,1.4266146015182908,1.425846177576785,1.425044243325194,1.4242074888255325,1.423334565828453,1.422424087733047,1.4214746296487493,1.4204847285687645,1.4194528836614486,1.4183775566885275,1.4172571725573009,1.4160901200148135,1.4148747524917746,1.4136093891025674,1.412292315809384,1.4109217867557866,1.4094960257748252,1.4080132280822806,1.4064715621491173,1.404869171767583,1.403204178307203,1.401474683163781,1.3996787704039857,1.3978145096009922,1.3958799588620368,1.3938731680464462,1.391792182162809,1.3896350449466592,1.3873998026059358,1.3850845077283716,1.3826872233365175,1.380206027082226,1.377639015564138,1.3749843087533082,1.3722400545129962,1.369404433190694,1.3664756622679597,1.3634520010452138,1.354922751905794,1.3512945969002572,1.347549054012624,1.3436843950582482,1.3396989877039724,1.335591301390456,1.3313599130090756,1.3270035123060218,1.3225209069709398,1.3179110273725874,1.3131729308987743,1.3083058058418242,1.3033089747632225,1.2981818972467865,1.2929241719224966,1.2875355376140871,1.2820158734295446,1.2763651975797932,1.2705836646952682,1.2646715613990354,1.2586292999190292,1.2524574095681305,1.2461565260052745,1.2397273783075105,1.2331707740307425,1.2264875825993995,1.2196787175443025,1.2127451182657518,1.205687732141024,1.1985074978881107,1.1912053311399902,1.1837821131613748,1.1762386835525287,1.1685758376371815,1.1607943290309837,1.1528948776478836,1.1448781831422294,1.1367449435188663,1.1284958783954675,1.1201317561783264,1.1116534242365224,1.1030618410305628,1.0943581090800163,1.085543507638325,1.0766195239802083,1.067587882287652,1.05845056924775,1.0492098556185492,1.0398683131947044,1.0304288267787185,0.9874690011515788,0.9647552703322732,0.9417017128071578,0.9183734663451848,0.8948397506490706,0.8711720259723362,0.8474421951916965,0.8237209636644272,0.8000764319188031,0.7765729601308778,0.7532703137349922,0.7302230776237135,0.707480311978946,0.6850854148062826,0.6630761532980016,0.641484826801736,0.6203385271451193,0.5996594663348411,0.5794653464443865,0.5597697512997806,0.5405825440338395,0.5219102585250533,0.5037564760908817,0.4861221815633179,0.4690060950755713,0.4524049776017715,0.4363139095711694,0.4207265428277265,0.4056353268566591,0.3910317106403426,0.3769063217721914,0.3632491245969972,0.3500495591906904,0.337296662973519,0.3249791766833534,0.3130856363408699,0.3016044527153644,0.2905239797593595,0.2798325731023153,0.2695186400300474
0.7836231884057971,1.44324239012822,1.4432090083269888,1.443167270722441,1.4431150885576849,1.4430498525020596,1.442968303790312,1.442866373958724,1.4427389858009905,1.44257980659249,1.4423809428061394,1.4421325634854991,1.4418224372164457,1.441435365357829,1.4409524921220085,1.4403504706228183,1.439600463813809,1.4386669613006238,1.437506398785194,1.4360655783344585,1.4342799072346168,1.4336476181744118,1.4331926758253868,1.4327170769891029,1.432219940833808,1.4317003541164968,1.431157370449068,1.4305900095891568,1.4299972567626305,1.429378062021228,1.4287313396399814,1.4280559675656086,1.4273507869115114,1.4266146015183454,1.4258461775768934,1.4250442433253705,1.4242074888254197,1.4233345658284609,1.422424087733046,1.4214746296488043,1.4204847285685196,1.419452883661442,1.418377556688571,1.417257172557307,1.416090120014832,1.4148747524917775,1.413609389102635,1.4122923158094376,1.4109217867554336,1.409496025774708,1.4080132280822717,1.4064715621491335,1.4048691717675643,1.4032041783070712,1.4014746831637623,1.3996787704039746,1.397814509600746,1.3958799588620316,1.3938731680464418,1.3917921821628267,1.389635044946592,1.3873998026059116,1.3850845077282945,1.3826872233364178,1.380206027082135,1.3776390155641274,1.3749843087533418,1.3722400545130211,1.3694044331907134,1.3664756622678866,1.3634520010451607,1.3549227519058138,1.3512945968999317,1.347549054013236,1.3436843950597734,1.3396989877086602,1.3355913014043592,1.3313599130475335,1.3270035124065829,1.3225209072210111,1.317911027966943,1.313172932252897,1.3083058088011192,1.3033089809811818,1.2981819098318117,1.2929241965055676,1.2875355840379894,1.282015958323723,1.2763653481456048,1.270583924072905,1.264671996022105,1.2586300092576597,1.2524585386161928,1.246158280778381,1.2397300444572972,1.2331747384928282,1.2264933579462909,1.21968696845237,1.21275668924265,1.2057036754180055,1.1985291001903249,1.1912341379245133,1.1838199488762269,1.1762876665270368,1.168638388365341,1.1608731708458633,1.1529930290920416,1.1449989416930622,1.1368918607076857,1.128672726735038,1.1203424886666666,1.111902127509668,1.103352683481717,1.0946952854344167,1.0859311815682122,1.0770617703633063,1.0680886306630673,1.0590135499065565,1.049838549607402,1.0405659073079996,1.0311981743924294,0.9885810433740352,0.9660509298127332,0.9431794229178978,0.920027128534754,0.8966593746059232,0.8731445013575848,0.8495521095834327,0.8259513985669744,0.8024096883668979,0.778991184215493,0.7557560083192456,0.7327594987582251,0.7100517570338547,0.6876774145390941,0.6656755826344702,0.6440799497183771,0.6229189903441629,0.6022162549196405,0.5819907129340742,0.5622571273469231,0.5430264423118965,0.5243061705377865,0.5061007701772202,0.4884120041372343,0.4712392771657722,0.4545799479233435,0.438429614859313,0.4227823756347835,0.4076310607551505,0.3929674425429048,0.378782420944026,0.3650661878573479,0.3518083717611479,0.3389981644244866,0.3266244314423083,0.3146758082538346,0.3031407831866245,0.292007769036592,0.2812651643090817,0.270901405596295
0.7965217391304348,1.443242390128235,1.443209008326968,1.4431672707224026,1.4431150885576995,1.4430498525020914,1.44296830379033,1.4428663739586811,1.4427389858009376,1.4425798065925346,1.442380942806088,1.4421325634856077,1.4418224372163462,1.4414353653578562,1.440952492121819,1.4403504706229546,1.4396004638138586,1.438666961300692,1.4375063987851937,1.4360655783345433,1.4342799072347008,1.433647618174676,1.4331926758254274,1.4327170769891215,1.432219940834309,1.4317003541165094,1.43115737044901,1.4305900095892266,1.429997256762843,1.4293780620212018,1.428731339640295,1.42805596756574,1.4273507869114972,1.4266146015183503,1.4258461775768594,1.4250442433253545,1.4242074888254963,1.4233345658280157,1.4224240877330474,1.421474629648775,1.4204847285687732,1.4194528836616425,1.4183775566885384,1.4172571725573224,1.4160901200148697,1.4148747524918095,1.4136093891026236,1.4122923158093856,1.410921786755552,1.4094960257747826,1.408013228082265,1.4064715621491364,1.4048691717675723,1.4032041783070963,1.4014746831638345,1.399678770403992,1.3978145096007673,1.395879958862054,1.393873168046456,1.3917921821628243,1.3896350449465902,1.387399802606007,1.3850845077283604,1.3826872233365086,1.380206027082123,1.3776390155641145,1.374984308753426,1.3722400545129614,1.3694044331906114,1.3664756622680363,1.3634520010452098,1.3549227519058518,1.3512945969004824,1.3475490540132316,1.3436843950600652,1.3396989877097183,1.3355913014071268,1.3313599130557443,1.3270035124294173,1.3225209072825717,1.3179110281245248,1.3131729326354955,1.308305809690988,1.3033089829646705,1.2981819140830293,1.2929242052707028,1.2875356014635293,1.2820159917869196,1.2763654103227622,1.2705840360356957,1.2646721917073862,1.258630341698261,1.2524590883380489,1.2461591667404737,1.2397314378542033,1.2331768796071028,1.2264965760714557,1.2196917046859663,1.2127635216988084,1.2057133461422525,1.1985425428104186,1.1912525048499438,1.1838446367020206,1.1763203382164245,1.1686809907946814,1.1609279463987616,1.1530625201827671,1.145085987370598,1.1369995848220324,1.128804517513835,1.1205019699283083,1.1120931221027168,1.1035791698693267,1.0949613486167462,1.0862409597432452,1.077419398859307,1.0684981847324535,1.059478987954021,1.0503636583432086,1.041154250177185,1.0318530444508716,0.9895619044327946,0.9672114033910196,0.9445210666722405,0.9215467156840076,0.898349394321582,0.8749938508185626,0.851546885197898,0.8280757069776614,0.8046464162835827,0.7813226856914074,0.7581646859546628,0.7352282699347251,0.7125644071343796,0.6902188463499691,0.6682319752927032,0.6466388423455697,0.6254693055812882,0.6047482765445606,0.5844960300812138,0.5647285559241801,0.5454579322366243,0.526692705585021,0.5084382655995165,0.490697205830118,0.4734696649961232,0.4567536449795797,0.4405453035916713,0.4248392214088243,0.4096286429032709,0.3949056927435723,0.3806615685750998,0.3668867118557569,0.3535709584618918,0.3407036708259878,0.3282738533488821,0.3162702527651211,0.3046814450469222,0.2934959103142179,0.2827020971583321,0.27228847749181
0.8094202898550724,1.4432423901282303,1.4432090083269955,1.4431672707224492,1.4431150885576796,1.4430498525021085,1.4429683037903598,1.4428663739586904,1.4427389858009778,1.442579806592529,1.4423809428060994,1.442132563485533,1.4418224372163924,1.441435365357829,1.4409524921219965,1.4403504706228305,1.43960046381384,1.4386669613004874,1.437506398785171,1.4360655783345746,1.4342799072346846,1.433647618174703,1.4331926758254387,1.4327170769891733,1.4322199408338558,1.43170035411632,1.431157370449029,1.4305900095892394,1.4299972567626271,1.429378062021303,1.42873133964039,1.4280559675654982,1.4273507869115327,1.4266146015170076,1.4258461775768652,1.4250442433253845,1.424207488825539,1.423334565828482,1.4224240877330565,1.4214746296486351,1.4204847285687554,1.4194528836614362,1.4183775566885397,1.4172571725572691,1.416090120014842,1.4148747524918064,1.413609389102621,1.4122923158093486,1.41092178675546,1.4094960257749316,1.408013228082228,1.4064715621494697,1.4048691717675823,1.4032041783071063,1.401474683163792,1.3996787704040217,1.3978145096007686,1.395879958862062,1.3938731680464662,1.3917921821628072,1.3896350449465835,1.3873998026059902,1.385084507728338,1.382687223336369,1.3802060270822378,1.37763901556408,1.3749843087533486,1.3722400545129148,1.3694044331906616,1.3664756622679466,1.363452001045161,1.3549227519057916,1.3512945969003876,1.347549054013366,1.3436843950600996,1.3396989877098764,1.3355913014101966,1.3313599130571632,1.327003512434052,1.3225209072954192,1.3179110281596371,1.3131729327270627,1.3083058099200222,1.3033089835117433,1.2981819153304293,1.29292420800398,1.287535607221523,1.2820160034711825,1.276365433202819,1.27058407934633,1.2646722710896925,1.258630482798362,1.2524593319235735,1.2461595757307669,1.2397321066583824,1.2331779461246188,1.2264982366213526,1.2196942319880213,1.2127672858368244,1.2057188382099309,1.1985504006798935,1.1912635402459764,1.1838598625248586,1.176340994863169,1.1687085701024365,1.1609642117899122,1.1531095216409786,1.145146070018064,1.1370753900943236,1.1288989762256352,1.1206182868681622,1.1122347521671918,1.103749786118835,1.0951648029820582,1.0864812374191064,1.0777005676647258,1.06882434089277,1.059854199859319,1.0507919098607037,1.0416393850514776,1.0323987132166126,0.9904128836757302,0.968235897265062,0.9457239434446348,0.9229279224275496,0.8999042704966249,0.8767136968777645,0.853419691252621,0.8300869528506682,0.8067798694990064,0.7835611430479125,0.7604906235089918,0.7376243830895458,0.7150140358988673,0.6927062904527033,0.6707427099840789,0.6491596490287351,0.6279883325569874,0.607255044804823,0.5869813978045241,0.5671846535356057,0.5478780779446661,0.5290713093654157,0.5107707278237793,0.4929798151869125,0.4756994990496965,0.458928475648748,0.4426635089981609,0.4268997049003953,0.4116307595800059,0.3968491834721674,0.3825465012381481,0.3687134294286905,0.355340033417902,0.3424158653235606,0.3299300846434725,0.3178715632969285,0.306228976682006,0.2949908822489023,0.2841457870498039,0.2736822053806478
0.8223188405797102,1.4432423901282356,1.4432090083271636,1.443167270722482,1.4431150885576507,1.4430498525020958,1.4429683037903307,1.4428663739587633,1.442738985800947,1.442579806592554,1.4423809428060812,1.4421325634854505,1.441822437216359,1.4414353653577818,1.4409524921218877,1.4403504706228143,1.4396004638138342,1.4386669613004714,1.4375063987852097,1.436065578334544,1.4342799072346395,1.4336476181746851,1.4331926758253886,1.4327170769891082,1.4322199408337872,1.4317003541165416,1.4311573704490257,1.4305900095892183,1.4299972567628327,1.4293780620212726,1.4287313396403176,1.4280559675656368,1.427350786911609,1.4266146015182646,1.425846177576916,1.42504424332534,1.424207488825481,1.4233345658284993,1.4224240877328782,1.4214746296488083,1.4204847285687674,1.4194528836615274,1.4183775566885466,1.4172571725572938,1.416090120014832,1.4148747524917935,1.4136093891025985,1.4122923158093477,1.410921786755357,1.409496025774804,1.4080132280828122,1.4064715621491946,1.4048691717675668,1.403204178307085,1.4014746831637723,1.3996787704040277,1.3978145096007506,1.3958799588620434,1.3938731680464715,1.3917921821628063,1.3896350449466135,1.3873998026059358,1.3850845077282627,1.3826872233364311,1.3802060270822052,1.3776390155641534,1.374984308753285,1.372240054512918,1.3694044331905395,1.366475662267996,1.3634520010452578,1.354922751905814,1.351294596900486,1.347549054013366,1.3436843950601327,1.339698987709879,1.3355913014076175,1.3313599130572051,1.3270035124347312,1.322520907297685,1.317911028165814,1.313172932745313,1.3083058099688825,1.3033089836360825,1.2981819156393246,1.292924208729144,1.287535608853005,1.2820160069956772,1.2763654405285083,1.2705840940226922,1.2646722994822106,1.2586305359272276,1.2524594282405117,1.2461597451592472,1.2397323962707263,1.233178427849874,1.2264990173671135,1.2196954665014803,1.2127691925270283,1.2057217179911337,1.1985546586927027,1.19126971007161,1.1838686322492646,1.1763532340950378,1.1687253568259688,1.1609868577598756,1.1531395949330066,1.1451854133313932,1.137126133486966,1.1289635431312013,1.1206993924950728,1.1123353936936724,1.1038732244511529,1.0953145362169383,1.0866609665116125,1.077914155138236,1.0690757637101873,1.0601474977944916,1.0511311308571132,1.0420285291274354,1.0328416764752253,0.9911363410449724,0.9691244014990194,0.9467857764484884,0.9241664684129656,0.901318092212432,0.8782969290256303,0.8551626606383257,0.8319769313545707,0.8088018752841524,0.7856987221180197,0.7627265630849122,0.7399413269071995,0.7173949874173939,0.6951350022168628,0.6732039659277345,0.6516394517580159,0.6304740102509933,0.6097352930151353,0.5894462707592203,0.56962551808293,0.5502875414113483,0.5314431306285956,0.5130997190038427,0.4952617396526954,0.4779309699498535,0.4611068579556009,0.4447868270580768,0.4289665567127414,0.4136402384372517,0.3988008071610131,0.3844401486933465,0.3705492845235009,0.3571185354415269,0.3441376656211923,0.3315960088611965,0.3194825786696362,0.3077861638193281,0.2964954109033547,0.2855988953903652,0.2750851823320623
0.8352173913043478,1.4432423901283016,1.4432090083269673,1.443167270722497,1.4431150885576478,1.4430498525020363,1.4429683037903211,1.4428663739586511,1.442738985800948,1.4425798065925235,1.4423809428060643,1.4421325634854754,1.4418224372163608,1.4414353653578589,1.440952492122018,1.440350470622813,1.4396004638138344,1.4386669613006349,1.4375063987851986,1.43606557833451,1.4342799072343513,1.433647618174657,1.4331926758253968,1.4327170769891286,1.432219940833811,1.4317003541165274,1.4311573704490304,1.4305900095891693,1.4299972567628576,1.429378062021215,1.4287313396403205,1.428055967565696,1.4273507869114794,1.4266146015183556,1.4258461775766682,1.42504424332527,1.4242074888254728,1.423334565828433,1.4224240877330272,1.421474629648798,1.420484728568761,1.4194528836614675,1.4183775566885426,1.4172571725573184,1.416090120014844,1.4148747524919252,1.413609389102617,1.4122923158096203,1.4109217867554624,1.4094960257748157,1.4080132280822726,1.406471562149091,1.404869171767566,1.4032041783070766,1.401474683163774,1.3996787704039704,1.397814509600765,1.3958799588620514,1.393873168046428,1.391792182162818,1.3896350449465886,1.387399802605939,1.385084507728301,1.382687223336369,1.380206027082173,1.377639015564177,1.3749843087533655,1.3722400545129316,1.3694044331907362,1.3664756622679013,1.3634520010452145,1.354922751905765,1.3512945969004215,1.3475490540132864,1.3436843950599575,1.3396989877098655,1.3355913014076144,1.331359913057404,1.3270035124347432,1.322520907297765,1.3179110281667747,1.3131729327481283,1.3083058099771674,1.303308983660837,1.2981819157014745,1.292924208887125,1.2875356092361827,1.2820160078849874,1.2763654425073243,1.2705840982533412,1.264672308189028,1.2586305532079225,1.2524594613749038,1.2461598066398998,1.2397325068388072,1.23317862087337,1.226499344938098,1.2196960076442342,1.2127700638852752,1.205723087297262,1.1985567612009362,1.1912728679692837,1.1838732768450126,1.176359930339305,1.1687348294601418,1.161000018148291,1.153157567416312,1.1452095597911032,1.1371580747317522,1.1290051757265067,1.120752899761649,1.1124032497898668,1.1039581907204037,1.0954196493052235,1.0867895181183251,1.0780696636323033,1.0692619381982569,1.0603681955483912,1.0513903092734145,1.042330193593279,1.033189825642231,0.9917360577997566,0.9698780823393734,0.9477050893201896,0.9252584180205364,0.902584809884912,0.879735832980527,0.8567669109646724,0.8337360874588006,0.810702663633988,0.787725833650359,0.7648634172869913,0.7421707589429476,0.7196998327120886,0.6974985679094872,0.6756103898977062,0.6540739575954907,0.6329230710603693,0.6121867189866971,0.5918892356999038,0.5720505391779811,0.5526864248840921,0.5338088940567667,0.515426499079072,0.4975446923141162,0.4801661681653608,0.4632911910093488,0.4469179040369532,0.4310426159527878,0.4156600639686082,0.4007636526452227,0.3863456689506667,0.3723974744683874,0.3589096760599238,0.3458722765080487,0.3332748067747271,0.3211064415358907,0.3093560996235685,0.2980125309263652,0.2870643912822344,0.2765003065451863
0.8481159420289855,1.44324239012823,1.4432090083270463,1.4431672707223857,1.4431150885576836,1.4430498525020707,1.4429683037903551,1.4428663739586944,1.4427389858007162,1.4425798065925517,1.4423809428061307,1.4421325634855,1.4418224372164024,1.441435365357936,1.4409524921220138,1.4403504706228416,1.439600463813844,1.4386669613006016,1.437506398785091,1.4360655783343412,1.434279907234684,1.4336476181746611,1.4331926758254283,1.4327170769891502,1.4322199408338052,1.4317003541169198,1.4311573704490144,1.43059000958916,1.4299972567626205,1.4293780620212675,1.4287313396402948,1.428055967565813,1.427350786911597,1.4266146015184025,1.4258461775770015,1.4250442433242758,1.4242074888254932,1.42333456582831,1.4224240877331404,1.4214746296487186,1.4204847285687925,1.4194528836615758,1.4183775566885477,1.4172571725572862,1.416090120014858,1.4148747524918006,1.413609389102602,1.4122923158093803,1.4109217867554704,1.4094960257748073,1.4080132280823143,1.4064715621490715,1.404869171767586,1.403204178307172,1.4014746831637663,1.3996787704039713,1.397814509600773,1.395879958862006,1.3938731680465002,1.3917921821628214,1.389635044946598,1.3873998026060128,1.385084507728274,1.3826872233364829,1.3802060270822565,1.3776390155640494,1.3749843087533145,1.3722400545129825,1.3694044331907478,1.3664756622680538,1.3634520010451847,1.354922751905772,1.3512945969003654,1.3475490540133526,1.3436843950601225,1.3396989877098235,1.3355913014076009,1.331359913057131,1.327003512434771,1.322520907297313,1.3179110281669233,1.3131729327435442,1.3083058099782083,1.3033089836641143,1.298181915711284,1.2929242089140975,1.2875356093076376,1.282016008064946,1.2763654429405764,1.270584099251738,1.2646723103959867,1.2586305578966586,1.2524594709672894,1.2461598255717157,1.2397325429470096,1.233178687536634,1.22649946425896,1.2196962150143444,1.2127704143106153,1.2057236638688689,1.198557686075062,1.191274316134779,1.1838754928436157,1.1763632479205426,1.1687396939398786,1.161007010991265,1.1531674323104633,1.145223229240263,1.1371766959911118,1.1290301347641247,1.1207858418635843,1.1124460954517894,1.1040131455828437,1.0954892070899689,1.086876455798032,1.0781770283908287,1.0693930261051536,1.0605265222170774,1.0515795731530555,1.0425542328240356,1.0334525696771295,0.9922176406523036,0.9704997654025472,0.9484817073608685,0.9262006408422832,0.9036986067732212,0.8810223404798049,0.8582226565758289,0.8353534893096926,0.812470713183462,0.7896308711798379,0.7668899229807536,0.7443021005657626,0.7219189301273399,0.6997884521716015,0.6779546489092221,0.6564570708520805,0.6353306429847065,0.6146056243161482,0.5943076920223308,0.5744581216819968,0.5550740372948567,0.5361687080357119,0.5177518724228549,0.4998300743309634,0.4824069987833685,0.4654837985610898,0.4490594053013712,0.4331308209192884,0.4176933869025614,0.4027410303518846,0.3882664866245114,0.3742614991457599,0.3607169974376579,0.3476232547225805,0.3349700266356839,0.3227466726565464,0.3109422618749857,0.2995456646506399,0.2885456317275759,0.277930862016254
0.8610144927536232,1.4432423901282403,1.443209008327065,1.4431672707224483,1.443115088557681,1.4430498525023066,1.4429683037903644,1.4428663739586098,1.442738985800974,1.4425798065925683,1.442380942806148,1.4421325634853726,1.441822437216385,1.441435365357668,1.4409524921220915,1.4403504706228647,1.4396004638139082,1.4386669613006238,1.4375063987851997,1.436065578334495,1.434279907234522,1.4336476181746742,1.4331926758254494,1.4327170769891115,1.4322199408338112,1.4317003541165156,1.4311573704490532,1.430590009589194,1.4299972567625827,1.4293780620211822,1.4287313396403127,1.4280559675655258,1.427350786910476,1.4266146015183492,1.4258461775766085,1.4250442433273502,1.424207488825464,1.423334565828258,1.4224240877330423,1.4214746296490444,1.4204847285687456,1.4194528836614668,1.418377556688548,1.4172571725572898,1.4160901200148597,1.4148747524917518,1.41360938910252,1.412292315809344,1.4109217867550303,1.4094960257745943,1.4080132280823,1.406471562149065,1.4048691717675723,1.4032041783071,1.401474683163774,1.3996787704041551,1.397814509600819,1.3958799588620387,1.3938731680464649,1.3917921821628123,1.3896350449465844,1.3873998026059498,1.3850845077283096,1.3826872233364331,1.380206027082213,1.3776390155640323,1.37498430875333,1.3722400545129223,1.369404433190766,1.3664756622679606,1.3634520010452515,1.3549227519057874,1.3512945969004682,1.3475490540133543,1.3436843950601032,1.3396989877098655,1.335591301405264,1.3313599130572693,1.3270035124345254,1.3225209072984858,1.3179110281669204,1.3131729327484751,1.3083058099784812,1.3033089836644665,1.298181915712243,1.2929242089174418,1.2875356093174806,1.28201600809252,1.276365443013411,1.270584099435048,1.2646723108363147,1.258630558909611,1.2524594732025671,1.2461598303133066,1.2397325526338323,1.2331787066299278,1.226499500631669,1.2196962820919803,1.2127705342513495,1.205723872122528,1.1985580376911356,1.1912748942086933,1.183876419451285,1.1763646978237687,1.1687419112173938,1.1610103285769724,1.1531722942038027,1.1452302149094118,1.137186546237883,1.129043778081443,1.1208044201161955,1.1124709875720304,1.1040459879100302,1.095531909007915,1.086931209439857,1.078246311382458,1.06947959658449,1.0606334057106304,1.051710041217364,1.042711773752509,1.0336408519013938,0.9925889397973698,0.970994504460644,0.94911740465855,0.9269914570780562,0.9046544689671514,0.882148466384727,0.859519476410086,0.836816912075229,0.8140926551594473,0.7913999536187604,0.7687922504248105,0.7463220451839688,0.7240398659718933,0.7019934023216886,0.6802268255299597,0.6587803019125538,0.6376896893704702,0.6169863975746801,0.5966973865593911,0.5768452765799029,0.5574485427012177,0.5385217698635062,0.5200759473525151,0.5021187851443716,0.4846550381138454,0.4676868273453106,0.4512139506433803,0.4352341767498141,0.4197435197363006,0.4047364915925877,0.3902063322133869,0.3761452168633993,0.3625444418202729,0.3493945893140929,0.3366856731421193,0.3244072664781744,0.3125486134477089,0.3010987260278253,0.2900464677786064,0.2793806258506776
0.8739130434782608,1.4432423901282272,1.4432090083270277,1.443167270722303,1.443115088557669,1.443049852502048,1.4429683037903096,1.4428663739587213,1.4427389858010102,1.4425798065925184,1.44238094280605,1.4421325634854725,1.441822437216404,1.4414353653576404,1.4409524921220058,1.4403504706228087,1.439600463813788,1.43866696130063,1.4375063987852297,1.4360655783344798,1.4342799072346777,1.433647618173014,1.43319267582544,1.432717076989132,1.4322199408338083,1.4317003541165314,1.431157370449173,1.4305900095891595,1.4299972567628163,1.4293780620212102,1.4287313396403138,1.4280559675652966,1.427350786911605,1.4266146015183605,1.4258461775768931,1.425044243325178,1.4242074888254257,1.423334565828485,1.4224240877332808,1.4214746296488925,1.4204847285687603,1.4194528836614777,1.4183775566884935,1.417257172557322,1.4160901200148437,1.4148747524918177,1.4136093891025925,1.4122923158093816,1.4109217867551502,1.4094960257747855,1.4080132280822473,1.406471562149151,1.4048691717675947,1.4032041783070963,1.401474683163786,1.3996787704039746,1.3978145096007748,1.3958799588620678,1.3938731680465308,1.3917921821628103,1.389635044946606,1.3873998026059595,1.3850845077283191,1.3826872233365644,1.3802060270821854,1.3776390155640803,1.3749843087532367,1.3722400545129096,1.369404433190738,1.366475662267983,1.3634520010450124,1.354922751905894,1.3512945969004742,1.347549054013407,1.3436843950599964,1.339698987709811,1.3355913014074492,1.3313599130579588,1.327003512434796,1.32252090729784,1.3179110281667994,1.3131729327484838,1.3083058099782912,1.3033089836645282,1.2981819157123415,1.2929242089179704,1.287535609318486,1.2820160080955074,1.2763654430221578,1.2705840994594495,1.2646723109010336,1.2586305590734306,1.2524594735971677,1.246159831224921,1.2397325546538738,1.2331787109322416,1.2264995094551965,1.219696299549209,1.2127705676282554,1.2057239338915935,1.1985581485140475,1.191275087258809,1.1838767464227222,1.1763652370078437,1.1687427780038573,1.161011688670377,1.1531743797284255,1.1452333434095074,1.1371911423705738,1.129050397560487,1.120813775214361,1.1124839732507603,1.104063707440375,1.0955556977990974,1.0869626557185097,1.0782872723784642,1.0695322089820536,1.060700089310751,1.0517934950200456,1.04281496398444,1.033766991866172,0.9928604181317288,0.9713702028086084,0.9496167027284156,0.9276315125413136,0.905449030434489,0.8831070295799354,0.8606468403339774,0.8381131281732326,0.8155533143716146,0.7930167279754348,0.7705535964770278,0.7482139817444698,0.7260467530329199,0.7040986666066504,0.6824135970801717,0.6610319429236394,0.6399902099186424,0.619320762578862,0.5990517245850543,0.5792070044709176,0.5598064212371264,0.5408659053209632,0.5223977525817585,0.5044109119933782,0.4869112910632913,0.4699020662764842,0.4533839888772004,0.4373556789366528,0.4218139028686359,0.4067538313508995,0.392169276020009,0.3780529043805533,0.3643964331557247,0.3511908008603843,0.3384263207444893,0.3260928154787833,0.3141797350686542,0.3026762595165511,0.2915713877284752,0.2808540141384909
0.8868115942028986,1.443242390128247,1.4432090083272076,1.4431672707224577,1.4431150885577455,1.443049852501877,1.442968303790369,1.442866373958751,1.4427389858012611,1.4425798065925333,1.442380942805953,1.4421325634856,1.4418224372163926,1.441435365357824,1.4409524921220285,1.440350470622736,1.4396004638137174,1.4386669613005576,1.4375063987852057,1.4360655783345204,1.4342799072347665,1.4336476181746611,1.4331926758254334,1.4327170769890984,1.432219940833786,1.4317003541165032,1.4311573704489924,1.430590009588854,1.4299972567627577,1.4293780620212488,1.4287313396402386,1.4280559675658038,1.427350786911551,1.4266146015183032,1.4258461775768605,1.4250442433251895,1.4242074888255445,1.4233345658284793,1.422424087733032,1.4214746296486576,1.4204847285687512,1.4194528836614555,1.418377556688475,1.4172571725573029,1.4160901200148197,1.4148747524918015,1.4136093891025976,1.4122923158098664,1.4109217867554666,1.409496025774842,1.4080132280822115,1.4064715621490915,1.4048691717675803,1.403204178307069,1.401474683163776,1.3996787704039255,1.3978145096007493,1.3958799588620283,1.393873168046414,1.3917921821629062,1.3896350449465884,1.3873998026059209,1.3850845077283112,1.382687223336523,1.3802060270821848,1.377639015564022,1.3749843087531954,1.3722400545129891,1.369404433190619,1.3664756622679637,1.3634520010451432,1.3549227519058131,1.351294596900467,1.3475490540134436,1.3436843950600714,1.339698987709884,1.3355913014076068,1.33135991305735,1.3270035124347783,1.3225209072978288,1.3179110281668898,1.3131729327484696,1.3083058099783056,1.3033089836644935,1.2981819157123171,1.2929242089177888,1.2875356093185244,1.2820160080956793,1.2763654430228075,1.270584099461577,1.2646723109073927,1.258630559091075,1.2524594736456354,1.2461598313489672,1.2397325549569724,1.2331787116406423,1.2264995110427166,1.2196963029668408,1.2127705747100934,1.205723948042265,1.1985581758271449,1.1912751382680518,1.1838768387429504,1.176365399177146,1.168743054880916,1.1610121487630802,1.153175124819225,1.1452345207914376,1.137192959907077,1.1290531416333465,1.1208178314277937,1.11248984953113,1.104072058923943,1.0955673526568024,1.0869786408507045,1.0783088377458765,1.0695608492409376,1.0607375614056258,1.0518418304592576,1.0428764746868946,1.033844268698095,0.9930453569542192,0.9716382003687688,0.949987784997018,0.928124909613376,0.9060817788874443,0.8838927893383101,0.8615950515646211,0.839228565758024,0.8168360338556694,0.7944623486712098,0.7721538389925939,0.7499573676033018,0.7279193790455946,0.7060849809023447,0.68449712221453,0.6631959103871945,0.6422180871793249,0.6215966672306998,0.6013607299028612,0.5815353469450056,0.5621416240677665,0.5431968330606379,0.5247146118102683,0.5067052116392485,0.4891757742056106,0.4721306232901851,0.455571559839594,0.4394981514260783,0.4239080097253108,0.4087970516601263,0.39415974151544,0.3799893126288333,0.3662779682458155,0.3530170618483528,0.3401972577682964,0.3278086732276442,0.3158410031456393,0.3042836291493734,0.2931257142411778,0.2823562846053902
0.8997101449275362,1.443242390128261,1.44320900832684,1.4431672707224394,1.443115088557682,1.4430498525020627,1.442968303790328,1.442866373958663,1.4427389858013004,1.4425798065925093,1.4423809428057384,1.442132563485517,1.4418224372163202,1.441435365357766,1.4409524921220171,1.4403504706228254,1.4396004638138915,1.438666961300569,1.4375063987852528,1.4360655783344798,1.4342799072345411,1.4336476181747284,1.4331926758254396,1.4327170769890991,1.4322199408337946,1.431700354116499,1.4311573704490266,1.4305900095891972,1.429997256762754,1.4293780620213603,1.4287313396403725,1.4280559675657234,1.4273507869116169,1.4266146015183363,1.425846177578869,1.4250442433252493,1.4242074888256693,1.423334565828458,1.4224240877329009,1.4214746296487404,1.4204847285687583,1.4194528836614615,1.4183775566885672,1.4172571725572902,1.41609012001488,1.4148747524918397,1.4136093891025974,1.412292315809364,1.4109217867554344,1.4094960257747806,1.4080132280822866,1.4064715621489114,1.4048691717676067,1.4032041783070734,1.4014746831639835,1.3996787704040003,1.397814509600814,1.3958799588620086,1.393873168046458,1.3917921821628063,1.3896350449465664,1.3873998026059426,1.3850845077282714,1.3826872233364655,1.3802060270821463,1.3776390155641034,1.374984308753411,1.3722400545129865,1.3694044331906337,1.3664756622679912,1.3634520010451847,1.3549227519057967,1.351294596900453,1.347549054013358,1.3436843950599937,1.3396989877099217,1.3355913014074257,1.3313599130573912,1.3270035124346904,1.3225209072977977,1.3179110281669102,1.3131729327486044,1.3083058099782974,1.3033089836646667,1.2981819157123569,1.292924208917922,1.2875356093185335,1.2820160080957208,1.276365443022875,1.2705840994616873,1.264672310907767,1.258630559092336,1.2524594736492949,1.246159831359599,1.239732554986252,1.233178711717316,1.2264995112340895,1.2196963034236112,1.2127705757543707,1.2057239503339643,1.198558180664066,1.1912751481047703,1.1838768580523358,1.1763654358259348,1.168743122243906,1.1610122688563551,1.1531753327817864,1.1452348710790736,1.137193534570392,1.1290540610230817,1.120819267599127,1.112492042495574,1.104075335728368,1.0955721490587806,1.0869855251220992,1.0783185358893113,1.069574270676951,1.0607558239859556,1.0518662835329793,1.0429087188784798,1.0338861710880891,0.993159712776442,0.9718136469933872,0.95024340130124,0.9284805566560284,0.9065566870790338,0.8845041561156869,0.8623568339965568,0.8401506003317551,0.8179235486203806,0.7957158683823061,0.7735694337579774,0.7515271649016444,0.7296322474083756,0.7079272971014507,0.6864535471983305,0.665250117393027,0.644353404411161,0.6237966145858365,0.6036094430511079,0.5838178921883709,0.5644442140269567,0.5455069569226286,0.5270210952807747,0.5089982215714361,0.49144678168444,0.4743723372053001,0.457777841013665,0.4416639154075183,0.4260291245416611,0.4108702352451514,0.3961824621768208,0.3819596948430526,0.3681947052033842,0.3548793355169993,0.3420046667539483,0.3295611683655454,0.3175388305146988,0.3059272800510822,0.2947158815952934,0.2838938251756286
0.912608695652174,1.4432423901282436,1.4432090083270317,1.4431672707224306,1.443115088557791,1.4430498525020836,1.4429683037903178,1.4428663739587133,1.4427389858009163,1.4425798065923152,1.442380942806084,1.442132563485396,1.4418224372164166,1.44143536535773,1.4409524921220245,1.4403504706228305,1.4396004638137845,1.4386669613006533,1.4375063987848422,1.4360655783345215,1.434279907234537,1.433647618174712,1.4331926758253015,1.4327170769891195,1.4322199408337928,1.4317003541165194,1.4311573704490943,1.4305900095891766,1.4299972567639718,1.4293780620212306,1.428731339640281,1.4280559675657565,1.4273507869137942,1.426614601518303,1.425846177576901,1.4250442433252362,1.4242074888255165,1.4233345658285024,1.4224240877329024,1.4214746296482867,1.4204847285687954,1.4194528836614584,1.4183775566885355,1.4172571725573018,1.4160901200148477,1.4148747524917853,1.4136093891025985,1.4122923158094125,1.4109217867554444,1.4094960257748057,1.4080132280822597,1.406471562149129,1.4048691717675803,1.4032041783070677,1.4014746831638312,1.3996787704039724,1.397814509600793,1.3958799588620412,1.3938731680464411,1.3917921821628232,1.389635044946579,1.3873998026059438,1.3850845077283145,1.3826872233364502,1.380206027082182,1.3776390155640983,1.3749843087534095,1.372240054512883,1.3694044331905153,1.3664756622679783,1.3634520010451756,1.354922751905849,1.3512945969004475,1.3475490540133284,1.3436843950599715,1.339698987709906,1.335591301407618,1.3313599130573786,1.3270035124347164,1.3225209072977815,1.3179110281669355,1.3131729327484718,1.3083058099783664,1.3033089836644842,1.298181915715679,1.292924208917834,1.2875356093188113,1.2820160080957148,1.2763654430228468,1.2705840994617228,1.264672310907616,1.258630559092313,1.2524594736494363,1.2461598313601197,1.2397325549877876,1.233178711721958,1.226499511247377,1.219696303459675,1.2127705758475624,1.2057239505638386,1.1985581812064423,1.191275149331511,1.1838768607175905,1.176365441398406,1.168743133476552,1.161012290723462,1.1531753739628408,1.1452349462212237,1.1371936676163736,1.1290542899375984,1.120819650856701,1.1124926676946558,1.104076330662694,1.095573695495028,1.0869878754052622,1.07832203232285,1.06957936740693,1.0607631108880518,1.0518765113521078,1.0429228246504496,1.0339053026868372,0.9932213704970634,0.9719153453682896,0.9504014653558052,0.928713538323406,0.9068842275150574,0.8849456103881067,0.8629298573720875,0.8408698876034157,0.8187998726918008,0.7967554995622739,0.7747739551055192,0.7528936448384889,0.7311536954299762,0.7095933125016649,0.6882510710295274,0.6671642093245251,0.6463679835252881,0.6258951221592525,0.6057754030420578,0.5860353598001712,0.5666981137096383,0.5477833185858509,0.5293072018079769,0.5112826826158905,0.4937195488705436,0.4766246748591839,0.4600022648945579,0.4438541099692497,0.4281798472769205,0.4129772148029249,0.3982422953051898,0.3839697458024062,0.3701530101534062,0.3567845134688817,0.3438558379785122,0.3313578806241395,0.3192809931031689,0.3076151053863309,0.2963498339029081,0.285474575750191
0.9255072463768116,1.4432423901282752,1.4432090083270972,1.443167270722464,1.44311508855778,1.443049852502066,1.442968303790361,1.442866373958698,1.442738985800954,1.4425798065924027,1.4423809428057623,1.4421325634854731,1.4418224372163455,1.441435365357812,1.44095249212233,1.4403504706228003,1.439600463813663,1.4386669612962697,1.437506398785212,1.4360655783344942,1.4342799072348127,1.4336476181746989,1.433192675825417,1.43271707698909,1.4322199408337986,1.4317003541165414,1.4311573704489966,1.4305900095891155,1.4299972567627737,1.4293780620212495,1.4287313396404309,1.4280559675657267,1.4273507869115194,1.426614601518234,1.425846177576845,1.4250442433252504,1.4242074888257938,1.4233345658284595,1.4224240877329704,1.4214746296488856,1.420484728568829,1.4194528836614746,1.4183775566885557,1.4172571725573164,1.416090120014831,1.414874752491816,1.413609389102608,1.4122923158093743,1.4109217867554358,1.4094960257747882,1.4080132280824005,1.4064715621491168,1.4048691717676172,1.4032041783070868,1.4014746831637472,1.3996787704039948,1.3978145096007468,1.3958799588620123,1.3938731680464194,1.3917921821628296,1.3896350449465826,1.3873998026059629,1.3850845077283314,1.3826872233359624,1.3802060270821472,1.3776390155640188,1.3749843087534728,1.3722400545129878,1.3694044331906687,1.3664756622680094,1.363452001045252,1.3549227519057656,1.3512945969004613,1.3475490540134012,1.3436843950600323,1.339698987709817,1.3355913014076042,1.3313599130574023,1.3270035124347628,1.322520907297809,1.3179110281668782,1.313172932748451,1.3083058099783107,1.3033089836645977,1.2981819157123229,1.292924208917765,1.2875356093185637,1.282016008095703,1.2763654430228557,1.2705840994617494,1.2646723109077829,1.2586305590923632,1.2524594736494512,1.2461598313600883,1.239732554987807,1.233178711722047,1.2264995112477792,1.219696303460999,1.2127705758516294,1.2057239505754234,1.1985581812381023,1.1912751494134413,1.18387686092032,1.1763654418781695,1.1687431345649435,1.1610122930953644,1.1531753789374113,1.145234956280206,1.1371936872609028,1.1290543270509632,1.120819718792652,1.1124927883644506,1.104076538941268,1.095574045299634,1.0869884478102132,1.078322946042777,1.0695807919146945,1.060765282314575,1.0518797511509592,1.0429275608065305,1.0339120930180803,0.9932485422179996,0.9719646033804586,0.9504847764465048,0.9288459749691884,0.9070834198195952,0.8852307618935338,0.8633204532680752,0.8413842824718689,0.8194539561859742,0.7975616070290134,0.7757401316040348,0.7540233039906488,0.7324456546651135,0.7110421430014889,0.6898476770646237,0.6688965458610464,0.6482218284397696,0.6278548348414688,0.6078246198667809,0.5881575953760971,0.5688772527856503,0.5500039959750467,0.5315550765044817,0.5135446177731849,0.4959837121004481,0.4788805740820775,0.4622407343679497,0.4460672596810754,0.4303609870267849,0.4151207623044629,0.4003436757201032,0.3860252883768573,0.3721598461242215,0.358740478159946,0.345759379004144,0.3332079733347533,0.3210770638184066,0.3093569625290785,0.2980376068554161,0.287108660978261
0.9384057971014492,1.443242390128241,1.4432090083270162,1.4431672707224457,1.443115088557635,1.443049852502051,1.4429683037903418,1.4428663739586955,1.4427389858009587,1.4425798065925473,1.4423809428058691,1.44213256348548,1.4418224372164503,1.4414353653578351,1.4409524921220065,1.4403504706228154,1.4396004638137965,1.4386669613005885,1.4375063987845538,1.4360655783345233,1.434279907234668,1.4336476181746705,1.4331926758254123,1.432717076989121,1.4322199408338208,1.4317003541165734,1.431157370449034,1.4305900095895865,1.4299972567627603,1.4293780620212573,1.428731339640228,1.4280559675657751,1.4273507869116338,1.4266146015182417,1.4258461775768416,1.4250442433250812,1.4242074888253942,1.4233345658284695,1.4224240877330308,1.421474629648778,1.420484728568779,1.4194528836614542,1.4183775566885768,1.4172571725572738,1.416090120014846,1.414874752491787,1.4136093891025907,1.4122923158094272,1.4109217867554331,1.4094960257747653,1.4080132280822963,1.4064715621491273,1.4048691717675454,1.403204178307098,1.4014746831637686,1.3996787704040077,1.3978145096007617,1.3958799588620403,1.3938731680465306,1.3917921821628183,1.389635044946608,1.3873998026059575,1.3850845077283307,1.3826872233364325,1.380206027082156,1.3776390155640204,1.374984308753386,1.3722400545129352,1.3694044331906357,1.366475662267866,1.3634520010450888,1.354922751905704,1.3512945969003611,1.347549054013362,1.3436843950601367,1.339698987709894,1.335591301407639,1.33135991305724,1.3270035124343464,1.3225209072974342,1.317911028166883,1.31317293274846,1.308305809978323,1.3033089836645286,1.2981819157123469,1.2929242089177946,1.287535609318614,1.282016008095644,1.2763654430228732,1.2705840994617064,1.264672310907774,1.2586305590923546,1.2524594736494457,1.2461598313601188,1.2397325549878335,1.2331787117220236,1.226499511247792,1.219696303461025,1.2127705758516565,1.2057239505756614,1.1985581812387571,1.1912751494156772,1.18387686092663,1.1763654418957594,1.1687431346116184,1.1610122932134592,1.1531753792230863,1.1452349569421354,1.13719368873298,1.1290543301994245,1.1208197252805567,1.1124928012680213,1.104076563751938,1.0955740914937395,1.0869885312176777,1.0783230923008045,1.0695810413326174,1.060765696501578,1.0518804217573376,1.0429286206885715,1.0339137300548142,0.993257307164091,0.9719826563231816,0.9505190137306764,0.928906282756495,0.9071828586540616,0.8853853181884299,0.8635483263326719,0.8417047776723491,0.8198861374586557,0.7981229033242079,0.7764450865240335,0.7548826151135176,0.7334655860482756,0.7122243290508232,0.6911892818065573,0.6703907056864205,0.6498582896686508,0.6296206969904631,0.6097051063374128,0.5901367902746338,0.5709387614135163,0.5521315041704997,0.5337327987316826,0.5157576349562967,0.4982182077283305,0.4811239815329256,0.4644818103752768,0.448296099062034,0.4325689928288018,0.4173005838894587,0.402489125367432,0.3881312450023279,0.3742221528462109,0.3607558387867845,0.3477252571066432,0.3351224964123531,0.322938934149362,0.3111653755882251,0.2997921776443091,0.2888093583123201
0.951304347826087,1.443242390128215,1.443209008327043,1.4431672707224148,1.443115088557686,1.4430498525020556,1.4429683037902692,1.4428663739586691,1.4427389858009556,1.4425798065925393,1.4423809428061642,1.442132563485491,1.4418224372163877,1.441435365357882,1.4409524921220287,1.44035047062285,1.4396004638138422,1.4386669613006635,1.4375063987852128,1.4360655783344929,1.434279907234718,1.4336476181746514,1.433192675825383,1.4327170769879525,1.4322199408337533,1.4317003541165498,1.431157370449003,1.4305900095891635,1.4299972567627666,1.4293780620213006,1.428731339640399,1.428055967565864,1.4273507869111592,1.4266146015184038,1.4258461775769309,1.4250442433252848,1.4242074888255434,1.4233345658285157,1.422424087732978,1.421474629648416,1.4204847285687832,1.4194528836614388,1.4183775566885248,1.4172571725572929,1.4160901200148732,1.4148747524918064,1.4136093891025994,1.4122923158093752,1.410921786755436,1.4094960257748033,1.408013228082389,1.4064715621491075,1.404869171767543,1.4032041783070843,1.4014746831635532,1.3996787704039746,1.397814509600748,1.3958799588620532,1.3938731680464604,1.3917921821628072,1.3896350449465795,1.3873998026059555,1.3850845077283018,1.38268722333647,1.380206027081919,1.3776390155640603,1.3749843087532758,1.3722400545129616,1.369404433190735,1.366475662268009,1.363452001045221,1.3549227519058875,1.3512945969004175,1.347549054013355,1.3436843950600823,1.3396989877097896,1.3355913014076082,1.331359913057306,1.3270035124347472,1.322520907297825,1.3179110281668729,1.31317293274846,1.3083058099781948,1.3033089836644898,1.2981819157123646,1.29292420891775,1.2875356093185233,1.2820160080961276,1.2763654430228275,1.2705840994616937,1.264672310907781,1.2586305590923392,1.2524594736494614,1.2461598313601012,1.239732554987803,1.2331787117220752,1.226499511247711,1.219696303461013,1.2127705758517215,1.2057239505756745,1.198558181238746,1.1912751494156222,1.1838768609266606,1.1763654418959215,1.1687431346121784,1.1610122932151514,1.1531753792281216,1.1452349569561202,1.1371936887702998,1.1290543302941904,1.1208197255107346,1.1124928018036335,1.1040765649481288,1.0955740940632244,1.0869885365358702,1.0783231029256206,1.0695810618557702,1.0607657348913466,1.051880491402175,1.042928743400242,1.0339139403345683,0.9932589999729758,0.9719868297193254,0.950528319571048,0.9289252456530644,0.9072185023510566,0.885447638526837,0.8636504487211614,0.8418626851125023,0.820117943349152,0.798447742649874,0.7768817785126947,0.7554482892244204,0.734174456436613,0.7130867597209605,0.6922112224295627,0.6715735139660874,0.651198903259634,0.6311120830463388,0.6113369007498426,0.591896038580351,0.572810684273336,0.5541002272435143,0.5357820054128554,0.5178711178700598,0.5003803093721142,0.4833199253810973,0.466697931134245,0.4505199850818793,0.4347895555734432,0.4195080695202556,0.4046750825029654,0.3902884610707932,0.3763445695069426,0.3628384549201658,0.3497640260138867,0.3371142222218076,0.3248811710254907,0.3130563321970473,0.3016306284170159,0.2905945623618891
0.9642028985507246,1.4432423901281632,1.4432090083269438,1.4431672707224008,1.443115088557685,1.4430498525018418,1.4429683037903738,1.4428663739587402,1.4427389858013522,1.4425798065926434,1.4423809428061027,1.4421325634854232,1.4418224372164632,1.4414353653579064,1.4409524921219874,1.4403504706227948,1.4396004638137936,1.4386669613006422,1.4375063987852077,1.4360655783344982,1.4342799072342325,1.4336476181745894,1.4331926758251277,1.4327170769890694,1.4322199408337504,1.4317003541165003,1.431157370448746,1.430590009589164,1.4299972567627783,1.4293780620212564,1.428731339640253,1.428055967565698,1.4273507869115865,1.4266146015183316,1.4258461775769355,1.4250442433251975,1.424207488825424,1.423334565828473,1.4224240877330865,1.4214746296487533,1.4204847285687934,1.4194528836615457,1.4183775566886176,1.4172571725572891,1.4160901200148417,1.414874752491838,1.413609389102575,1.412292315809349,1.410921786755452,1.409496025774378,1.4080132280822957,1.406471562149135,1.4048691717676036,1.403204178307083,1.40147468316382,1.3996787704039355,1.3978145096008396,1.3958799588620343,1.3938731680464516,1.3917921821628263,1.3896350449465908,1.3873998026059629,1.385084507728294,1.3826872233364218,1.380206027082005,1.3776390155639544,1.374984308753313,1.372240054513004,1.3694044331906914,1.3664756622678709,1.3634520010451792,1.3549227519058071,1.351294596900491,1.347549054013399,1.34368439506009,1.3396989877099073,1.3355913014076153,1.3313599130573757,1.3270035124347932,1.3225209072980044,1.3179110281669106,1.3131729327484685,1.3083058099782492,1.303308983664469,1.2981819157123526,1.2929242089177648,1.2875356093185637,1.2820160080957017,1.2763654430228932,1.2705840994616948,1.264672310907701,1.258630559092354,1.2524594736494414,1.2461598313600857,1.239732554987826,1.2331787117220705,1.2264995112477926,1.2196963034610235,1.212770575851663,1.2057239505756547,1.1985581812387751,1.1912751494156426,1.1838768609266637,1.1763654418959346,1.1687431346121582,1.1610122932152165,1.153175379228093,1.1452349569561917,1.1371936887704417,1.1290543302946805,1.1208197255121952,1.1124928018078737,1.1040765649600124,1.0955740940948295,1.0869885366159728,1.0783231031199128,1.0695810623073785,1.060765735899111,1.05188049356558,1.0429287478767892,1.0339139492785407,0.9932591315825392,0.9719872533801858,0.9505295218671752,0.9289282925596652,0.9072254775929348,0.8854622129033054,0.8636785013114817,0.8419128415556819,0.8202018722274446,0.798580075236785,0.7770795869450959,0.7557301520002524,0.7345592281372292,0.7135922187067846,0.6928527839777712,0.6723631697979299,0.6521444950352613,0.6322169543294369,0.6125999141703607,0.5933119020030737,0.5743705053319842,0.5557922083653374,0.5375921974508702,0.5197841646883666,0.5023801335943394,0.4853903234797512,0.4688230618448098,0.4526847476407781,0.4369798632350556,0.4217110294844464,0.4068790963531589,0.3924832607418129,0.3785212033123328,0.3649892368075051,0.3518824593867118,0.3391949077166115,0.3269197056980455,0.3150492058442832,0.3035751212355547,0.2924886468839784
0.9771014492753624,1.443242390128268,1.4432090083270324,1.4431672707224568,1.4431150885576902,1.443049852501954,1.4429683037903354,1.4428663739586975,1.442738985800861,1.4425798065925115,1.4423809428060872,1.4421325634854814,1.441822437216579,1.441435365357859,1.4409524921220327,1.4403504706228225,1.4396004638138655,1.4386669613006575,1.437506398785198,1.4360655783344003,1.4342799072338732,1.4336476181746944,1.4331926758253395,1.4327170769892137,1.4322199408338392,1.43170035411649,1.4311573704490093,1.4305900095891562,1.4299972567627377,1.429378062021274,1.4287313396403656,1.4280559675656803,1.4273507869116242,1.426614601518312,1.4258461775766724,1.4250442433252613,1.4242074888255103,1.4233345658283183,1.4224240877330163,1.4214746296488918,1.4204847285687696,1.419452883661456,1.4183775566885295,1.417257172557307,1.4160901200148055,1.4148747524917833,1.4136093891025914,1.4122923158093692,1.4109217867554225,1.4094960257747775,1.4080132280822395,1.4064715621491757,1.404869171767572,1.40320417830707,1.401474683163822,1.3996787704039866,1.3978145096007522,1.3958799588620243,1.3938731680464551,1.3917921821628116,1.3896350449465942,1.387399802605953,1.3850845077282892,1.382687223336435,1.3802060270822047,1.3776390155640788,1.3749843087533808,1.3722400545129092,1.3694044331907012,1.3664756622680692,1.3634520010451143,1.3549227519057891,1.3512945969003771,1.347549054013254,1.3436843950600714,1.3396989877099346,1.3355913014075689,1.3313599130574063,1.3270035124347606,1.3225209072977813,1.3179110281669368,1.3131729327484811,1.3083058099781173,1.3033089836644864,1.2981819157123418,1.2929242089177946,1.2875356093250845,1.282016008095697,1.2763654430228204,1.270584099461706,1.2646723109077656,1.2586305590923872,1.2524594736494488,1.2461598313600937,1.2397325549878253,1.2331787117220774,1.226499511247782,1.2196963034610295,1.212770575851685,1.2057239505756645,1.1985581812387722,1.19127514941562,1.1838768609266606,1.1763654418959315,1.1687431346121795,1.161012293215162,1.153175379228103,1.1452349569561755,1.1371936887704357,1.1290543302946658,1.120819725512168,1.112492801807892,1.1040765649600233,1.0955740940950809,1.086988536616048,1.0783231031202083,1.0695810623080426,1.06076573590127,1.0518804935715458,1.0429287478930749,1.0339139493204723,0.9932591332562878,0.971987261722367,0.9505295569420537,0.9289284192431384,0.9072258770053628,0.8854633279173628,0.8636812923570721,0.8419191762885679,0.8202150385841703,0.7986053569159934,0.7771247897899484,0.7558059410299983,0.7346791449268534,0.7137723001125711,0.6931107822524716,0.6727174569928157,0.6526127971761833,0.6328150879187363,0.6133406865276021,0.5942042962551045,0.575419214839146,0.5569975286911334,0.5389502376335109,0.5212873092490311,0.5040176731913237,0.4871491727421452,0.4706884933881169,0.4546410870602805,0.4390111072012851,0.4238013652246689,0.4090133142641267,0.3946470620031039,0.3807014112067711,0.3671739244436175,0.3540610082053613,0.3413580112868225,0.329059332276514,0.3171585316035456,0.3056484441777812,0.2945212894644128
0.99,1.4432423901282454,1.4432090083269995,1.4431672707225591,1.443115088557684,1.4430498525020208,1.4429683037903158,1.4428663739586982,1.4427389858008954,1.4425798065925666,1.4423809428060983,1.442132563485505,1.4418224372163913,1.4414353653578262,1.4409524921220005,1.440350470622718,1.4396004638138251,1.4386669613003182,1.437506398785479,1.4360655783345104,1.434279907234696,1.4336476181745192,1.4331926758254536,1.4327170769886652,1.4322199408338308,1.4317003541165467,1.4311573704490457,1.430590009589186,1.429997256762757,1.4293780620212535,1.4287313396403187,1.4280559675657165,1.4273507869115043,1.426614601518267,1.4258461775769244,1.4250442433252417,1.4242074888253735,1.4233345658284913,1.422424087733076,1.4214746296487626,1.4204847285687765,1.4194528836611615,1.418377556688528,1.4172571725573002,1.4160901200148273,1.414874752491783,1.413609389102597,1.4122923158093592,1.410921786755441,1.4094960257747478,1.4080132280821842,1.4064715621491095,1.4048691717675923,1.4032041783070983,1.401474683163794,1.3996787704039615,1.3978145096007897,1.3958799588620263,1.3938731680464456,1.3917921821627866,1.389635044946564,1.3873998026059713,1.3850845077282936,1.382687223336433,1.3802060270822254,1.3776390155640652,1.3749843087534288,1.3722400545129352,1.3694044331906905,1.3664756622679397,1.3634520010451592,1.3549227519056517,1.351294596900478,1.3475490540133392,1.3436843950600776,1.3396989877098753,1.335591301407626,1.3313599130572518,1.3270035124347148,1.322520907297654,1.3179110281669095,1.313172932748473,1.3083058099783116,1.3033089836644964,1.298181915712337,1.2929242089178108,1.2875356093185448,1.2820160080956964,1.2763654430228688,1.2705840994616897,1.2646723109077822,1.2586305590923552,1.2524594736494217,1.246159831360107,1.2397325549878138,1.2331787117220998,1.2264995112478017,1.2196963034610258,1.2127705758516667,1.205723950575677,1.1985581812345074,1.1912751494153608,1.183876860926664,1.176365441895927,1.168743134611494,1.16101229321517,1.1531753792280963,1.1452349569561724,1.1371936887704663,1.1290543302946414,1.1208197255121934,1.1124928018078504,1.1040765649600213,1.0955740940948653,1.08698853661602,1.078323103120205,1.0695810623080435,1.0607657359011662,1.051880493571521,1.042928747892993,1.033913949320457,0.9932591332564952,0.9719872617248538,0.9505295569657808,0.928928419420076,0.9072258780737736,0.8854633332494233,0.8636813148075076,0.8419192575025686,0.8202152951530522,0.7986060751044536,0.7771265942405843,0.7558100574346095,0.7346877588213402,0.7137889854356928,0.6931409415335501,0.6727686904382173,0.652695109761793,0.6329408564309369,0.6135243409066282,0.5944617149025195,0.5757668818343583,0.5574515415284355,0.5395252785521856,0.5219956970371562,0.5048685961363119,0.4881481723043969,0.4718372299230573,0.4559373815094189,0.4404492223535706,0.4253724704763895,0.410706069336727,0.3964482563920251,0.3825966044379048,0.3691480443632354,0.3560988781201365,0.3434447893407635,0.3311808573448196,0.3193015778278816,0.3078008921761252,0.2966722252198431
0.991,1.4432423901282407,1.4432090083270082,1.4431672707224226,1.443115088557688,1.443049852502017,1.442968303790323,1.4428663739586671,1.4427389858009885,1.442579806592542,1.442380942806115,1.442132563485478,1.4418224372163808,1.4414353653578496,1.440952492122051,1.4403504706227823,1.4396004638138356,1.4386669613006302,1.437506398785325,1.4360655783345062,1.434279907234438,1.4336476181746882,1.433192675825407,1.4327170769891389,1.432219940833807,1.4317003541165008,1.4311573704489404,1.430590009589168,1.429997256762764,1.429378062021182,1.4287313396403951,1.4280559675657678,1.4273507869116042,1.4266146015182684,1.4258461775768063,1.4250442433251886,1.4242074888255605,1.423334565828508,1.4224240877329,1.4214746296488088,1.4204847285688185,1.4194528836614813,1.418377556688516,1.4172571725572851,1.416090120014836,1.4148747524917769,1.413609389102606,1.412292315809359,1.4109217867554236,1.4094960257747722,1.4080132280822537,1.406471562149049,1.4048691717676411,1.4032041783070768,1.401474683163796,1.399678770403978,1.397814509600741,1.3958799588620407,1.39387316804643,1.3917921821628148,1.3896350449466774,1.3873998026059462,1.3850845077283065,1.3826872233364396,1.3802060270822551,1.3776390155640503,1.3749843087533309,1.372240054512902,1.3694044331906374,1.3664756622678589,1.363452001045152,1.3549227519057787,1.3512945969003534,1.3475490540133437,1.3436843950599564,1.3396989877098484,1.3355913014076295,1.331359913057325,1.3270035124347954,1.3225209072973347,1.317911028166845,1.3131729327483963,1.3083058099783238,1.3033089836644671,1.298181915712322,1.2929242089177926,1.2875356093185275,1.282016008095698,1.2763654430228544,1.2705840994616815,1.2646723109077669,1.2586305590923867,1.2524594736494536,1.2461598313601052,1.2397325549878324,1.2331787117220845,1.2264995112478023,1.219696303461012,1.212770575851678,1.2057239505756732,1.198558181238775,1.1912751494156315,1.1838768609266688,1.1763654418959433,1.1687431346121542,1.1610122932151576,1.1531753792281012,1.1452349569561917,1.1371936887703928,1.1290543302946965,1.1208197255121473,1.1124928018078857,1.1040765649600075,1.095574094094881,1.0869885366160943,1.0783231031202043,1.069581062308098,1.0607657359011693,1.051880493571557,1.0429287478929907,1.0339139493204057,0.9932591332565348,0.9719872617248404,0.9505295569657538,0.9289284194200604,0.9072258780737344,0.8854633332494327,0.8636813148072795,0.8419192575026087,0.8202152951534625,0.7986060751090902,0.7771265942762613,0.755810057657809,0.7346877599590993,0.7137889902772054,0.6931409590639785,0.6727687453876157,0.6526952611820611,0.6329412283444121,0.6135251652194659,0.5944633818580194,0.5757699879704168,0.5574569218736577,0.539534010582941,0.5220090689675562,0.5048880398565853,0.4881751691099665,0.4718732027003913,0.4559835889567132,0.4405066691728774,0.4254418433094665,0.4107877030138138,0.396542130135054,0.3827023639150649,0.3692650431837968,0.3562262317554736,0.3435814346565493,0.3313256120107572,0.3194531955752247,0.3079581109908631,0.2968338071827351
0.9914473684210526,1.4432423901282496,1.4432090083269973,1.4431672707224514,1.4431150885577022,1.4430498525020603,1.442968303790485,1.44286637395878,1.4427389858009514,1.4425798065925752,1.442380942806086,1.4421325634853936,1.4418224372166133,1.4414353653578589,1.4409524921219383,1.4403504706228385,1.43960046381386,1.4386669613006309,1.4375063987852357,1.436065578334517,1.4342799072341537,1.4336476181744748,1.433192675825038,1.4327170769891753,1.4322199408338234,1.4317003541165372,1.4311573704490188,1.4305900095886404,1.429997256762776,1.429378062021277,1.4287313396403865,1.4280559675658178,1.427350786911486,1.4266146015183545,1.4258461775768885,1.4250442433256696,1.4242074888254734,1.4233345658284395,1.4224240877330736,1.4214746296487528,1.420484728568806,1.4194528836620464,1.4183775566885597,1.4172571725573142,1.416090120014888,1.4148747524917955,1.413609389102624,1.4122923158093184,1.410921786755424,1.4094960257747968,1.4080132280822415,1.40647156214907,1.404869171767574,1.4032041783070657,1.401474683163721,1.3996787704039606,1.3978145096007577,1.3958799588620607,1.3938731680464522,1.3917921821628063,1.389635044946718,1.38739980260596,1.3850845077283205,1.3826872233364351,1.3802060270822063,1.3776390155640723,1.3749843087533176,1.3722400545129636,1.3694044331906925,1.366475662268013,1.3634520010452054,1.354922751905726,1.3512945969002956,1.3475490540132262,1.343684395060123,1.3396989877098593,1.33559130140583,1.3313599130573042,1.3270035124348143,1.3225209072971944,1.3179110281668829,1.3131729327485042,1.3083058099783682,1.3033089836645075,1.2981819157122905,1.2929242089177937,1.2875356093185584,1.282016008095699,1.276365443022868,1.2705840994616884,1.264672310907773,1.2586305590923492,1.2524594736494536,1.246159831360104,1.2397325549878166,1.233178711722091,1.226499511247788,1.219696303461007,1.2127705758516665,1.2057239505756625,1.1985581812387562,1.1912751494156275,1.1838768609266812,1.1763654418959208,1.1687431346121449,1.1610122932151743,1.153175379228096,1.1452349569561873,1.137193688770432,1.1290543302946954,1.12081972551218,1.112492801807858,1.104076564960015,1.0955740940948395,1.0869885366160312,1.0783231031202118,1.069581062308123,1.0607657359011995,1.0518804935715445,1.0429287478929974,1.03391394932043,0.9932591332565188,0.9719872617247778,0.950529556965764,0.9289284194201102,0.9072258780737604,0.8854633332494397,0.8636813148072638,0.8419192575026121,0.8202152951534805,0.7986060751094192,0.7771265942797851,0.7558100576841196,0.7346877601156647,0.7137889910421218,0.6931409621926639,0.6727687563099489,0.6526952942879246,0.6329413168082773,0.6135253764820575,0.5944638382755297,0.5757708897550464,0.5574585672086922,0.5395368068161273,0.5220135297599066,0.5048947659234536,0.4881848138297541,0.4718864271776251,0.4560010131441073,0.4405288259926603,0.425469141552347,0.4108204027002512,0.3965803316678144,0.382746010224688,0.3693139327308025,0.3562800391792636,0.3436397360770272,0.3313879119537464,0.3195189531900422,0.308026763923023,0.2969047920543964
0.9918947368421053,1.443242390128216,1.4432090083269848,1.4431672707223528,1.4431150885577173,1.4430498525020368,1.442968303790343,1.4428663739586782,1.4427389858009223,1.442579806592525,1.4423809428061416,1.4421325634854514,1.4418224372162436,1.441435365357845,1.4409524921219432,1.440350470622846,1.439600463813848,1.4386669613006149,1.4375063987852137,1.4360655783343832,1.434279907234374,1.4336476181746998,1.4331926758254236,1.4327170769891375,1.4322199408330607,1.4317003541165287,1.4311573704490332,1.4305900095892057,1.4299972567627466,1.429378062020837,1.4287313396403534,1.4280559675658409,1.427350786911643,1.426614601518184,1.4258461775768307,1.4250442433251505,1.4242074888254337,1.4233345658284882,1.4224240877323329,1.4214746296487868,1.420484728568763,1.4194528836614404,1.4183775566888035,1.4172571725573158,1.416090120014817,1.4148747524918015,1.4136093891025994,1.4122923158093803,1.4109217867554351,1.4094960257747928,1.4080132280822386,1.4064715621490935,1.4048691717675923,1.4032041783071278,1.4014746831638207,1.399678770403994,1.397814509600765,1.3958799588620483,1.3938731680464371,1.391792182162829,1.3896350449466024,1.3873998026059646,1.3850845077284368,1.382687223336388,1.3802060270821708,1.377639015564053,1.374984308753358,1.372240054512896,1.3694044331906454,1.3664756622679426,1.3634520010451407,1.3549227519058231,1.3512945969004289,1.3475490540133208,1.343684395060036,1.3396989877098373,1.3355913014075342,1.3313599130573888,1.3270035124347406,1.3225209072978188,1.3179110281682709,1.313172932748436,1.3083058099783134,1.3033089836645353,1.298181915711267,1.2929242089177864,1.28753560931855,1.2820160080957212,1.2763654430228728,1.270584099461696,1.264672310907798,1.2586305590923426,1.252459473649462,1.2461598313601536,1.239732554987771,1.233178711722076,1.226499511247785,1.2196963034610118,1.2127705758516725,1.2057239505756483,1.198558181238755,1.1912751494156295,1.183876860926669,1.176365441895918,1.168743134612169,1.1610122932151663,1.153175379228094,1.1452349569561844,1.1371936887704506,1.1290543302946614,1.1208197255122132,1.1124928018078268,1.1040765649599835,1.0955740940948313,1.0869885366160572,1.0783231031202003,1.0695810623080706,1.060765735901192,1.0518804935715609,1.042928747893,1.0339139493204466,0.9932591332565028,0.9719872617248464,0.9505295569657748,0.9289284194200528,0.9072258780737732,0.8854633332494389,0.8636813148072677,0.841919257502608,0.8202152951535591,0.7986060751095068,0.7771265942811004,0.755810057694809,0.7346877601865831,0.713788991420474,0.6931409638668931,0.6727687625800495,0.6526953145219118,0.6329413739861969,0.6135255200153492,0.5944641624806728,0.5757715562523292,0.5574598270679749,0.5395390165854005,0.5220171555608387,0.5049003717998487,0.4881930339251578,0.47189792491659,0.4560164332934213,0.440548746599709,0.4254940322037198,0.4108505938785407,0.3966159975288479,0.3827871649931706,0.3693604390426023,0.3563316256231292,0.343696020749796,0.3314484289477312,0.3195831793942293,0.3080941441339055,0.2969747611139464
0.9923421052631579,1.4432423901282452,1.4432090083269489,1.4431672707224474,1.443115088557715,1.4430498525020616,1.44296830379035,1.4428663739586685,1.4427389858009338,1.4425798065925406,1.4423809428061063,1.4421325634850886,1.441822437216391,1.441435365357868,1.4409524921220074,1.440350470622861,1.4396004638138282,1.4386669613006142,1.4375063987851615,1.4360655783344782,1.4342799072346826,1.4336476181746456,1.4331926758254552,1.432717076989109,1.432219940833583,1.4317003541165294,1.4311573704490368,1.4305900095892048,1.429997256762766,1.429378062021284,1.4287313396403551,1.4280559675657043,1.427350786911642,1.4266146015183592,1.425846177576822,1.4250442433251953,1.4242074888255118,1.4233345658273782,1.422424087733032,1.421474629648805,1.420484728565095,1.419452883661544,1.4183775566885768,1.4172571725572896,1.416090120014865,1.4148747524917946,1.413609389102623,1.412292315809352,1.410921786755434,1.409496025774818,1.4080132280822304,1.4064715621491308,1.4048691717676485,1.4032041783070637,1.4014746831637983,1.3996787704039662,1.3978145096007737,1.395879958862036,1.3938731680464669,1.3917921821627977,1.3896350449465955,1.3873998026059435,1.3850845077282934,1.3826872233364431,1.3802060270822234,1.3776390155640237,1.3749843087533198,1.3722400545129128,1.36940443319059,1.366475662267865,1.363452001045198,1.3549227519057765,1.351294596900497,1.3475490540133672,1.3436843950600228,1.3396989877097385,1.3355913014075989,1.3313599130573512,1.3270035124347863,1.3225209072978366,1.3179110281668636,1.3131729327484234,1.3083058099783982,1.3033089836645009,1.298181915712333,1.2929242089177555,1.2875356093185737,1.282016008095717,1.2763654430228586,1.270584099461697,1.2646723109077764,1.258630559092344,1.2524594736495296,1.2461598313601137,1.2397325549878142,1.2331787117220698,1.2264995112477988,1.21969630346101,1.2127705758516758,1.2057239505756647,1.198558181238776,1.1912751494156286,1.1838768609266672,1.1763654418959295,1.168743134612148,1.1610122932148397,1.1531753792282304,1.145234956956169,1.1371936887704357,1.1290543302946334,1.12081972551215,1.11249280180787,1.104076564960052,1.0955740940948244,1.0869885366160177,1.0783231031202145,1.0695810623080928,1.0607657359011935,1.0518804935714974,1.042928747892985,1.033913949320438,0.9932591332564904,0.9719872617247972,0.9505295569657822,0.9289284194200608,0.907225878073831,0.8854633332494086,0.8636813148072908,0.8419192575026294,0.82021529515355,0.7986060751095653,0.7771265942814988,0.7558100576988095,0.734687760215922,0.7137889915931325,0.6931409647007252,0.6727687659563028,0.6526953262035478,0.6329414091149064,0.6135256132305126,0.5944643837167477,0.5757720316037513,0.5574607617090017,0.5395407145341485,0.5220200301951126,0.504904942120006,0.4881999043904708,0.471907750334703,0.4560298734977814,0.4405664175658802,0.4255164605978506,0.4108781805013645,0.396648993495885,0.3828256616316111,0.3694043707317161,0.3563807832621744,0.343750072793088,0.3315069468377778,0.3196456644950612,0.3081600538574898,0.2970435326392953
0.9927894736842106,1.4432423901282352,1.4432090083269786,1.4431672707224097,1.4431150885576736,1.4430498525020434,1.4429683037903345,1.4428663739586594,1.4427389858010091,1.4425798065925657,1.4423809428061027,1.442132563485472,1.4418224372161363,1.4414353653578589,1.4409524921220014,1.4403504706227437,1.439600463813848,1.4386669613006549,1.4375063987852563,1.4360655783345082,1.4342799072347283,1.433647618174469,1.4331926758254523,1.432717076989132,1.4322199408336644,1.4317003541165054,1.431157370449016,1.4305900095891555,1.4299972567627663,1.42937806202127,1.4287313396404069,1.4280559675656812,1.4273507869115587,1.4266146015183143,1.425846177576806,1.4250442433247494,1.4242074888255762,1.4233345658285166,1.4224240877330416,1.421474629648782,1.4204847285688829,1.4194528836614533,1.4183775566885266,1.4172571725573069,1.4160901200148592,1.4148747524917678,1.4136093891026156,1.4122923158093716,1.4109217867554378,1.4094960257748623,1.4080132280822322,1.4064715621487098,1.4048691717675534,1.4032041783071223,1.4014746831637888,1.3996787704039424,1.397814509600758,1.39587995886203,1.3938731680464482,1.391792182162825,1.3896350449465942,1.3873998026059795,1.3850845077283274,1.3826872233364456,1.3802060270822034,1.3776390155640517,1.374984308753388,1.372240054512958,1.369404433190624,1.3664756622679524,1.3634520010452815,1.3549227519057403,1.3512945969001946,1.3475490540132966,1.3436843950600086,1.3396989877099048,1.335591301407674,1.3313599130573892,1.3270035124348192,1.322520907297812,1.3179110281669233,1.3131729327484818,1.3083058099782638,1.303308983664499,1.2981819157123171,1.292924208917711,1.2875356093184909,1.2820160080957053,1.2763654430228564,1.2705840994616948,1.264672310907765,1.258630559092349,1.2524594736494408,1.2461598313601128,1.2397325549878295,1.2331787117220825,1.2264995112478052,1.219696303461007,1.2127705758516822,1.205723950575665,1.1985581812387645,1.1912751494156208,1.1838768609266814,1.1763654418959215,1.1687431346121075,1.16101229321516,1.153175379228117,1.145234956956186,1.1371936887704464,1.1290543302946812,1.1208197255122048,1.1124928018078657,1.104076564960008,1.095574094094882,1.0869885366160974,1.078323103120181,1.0695810623081172,1.0607657359011409,1.0518804935714985,1.0429287478930056,1.0339139493204466,0.9932591332565524,0.9719872617248398,0.9505295569657756,0.9289284194200864,0.9072258780737964,0.8854633332494292,0.8636813148072644,0.8419192575026063,0.8202152951535129,0.7986060751095774,0.777126594281656,0.7558100577001544,0.7346877602268564,0.7137889916648171,0.6931409650822722,0.6727687676421049,0.6526953325091359,0.6329414294428924,0.6135256706267329,0.594464527700506,0.575772356645698,0.5574614296205336,0.5395419765883019,0.522022243117822,0.5049085721423685,0.4882055155596672,0.4719159766667821,0.4560413781386122,0.4405818449230443,0.4255363882195284,0.4109030774413503,0.3966791896760452,0.382861330672853,0.3694455263761803,0.3564272877409116,0.3438016543728954,0.3315632233951231,0.3197061699890484,0.3082242651425981,0.297110894549366
0.9932368421052632,1.443242390128236,1.4432090083270688,1.443167270722388,1.443115088557733,1.4430498525020383,1.4429683037903331,1.442866373958703,1.4427389858009323,1.44257980659256,1.442380942806103,1.442132563485448,1.4418224372163695,1.4414353653578422,1.4409524921219898,1.440350470622643,1.439600463813829,1.4386669613006111,1.437506398785223,1.436065578334487,1.4342799072344203,1.433647618174676,1.433192675825414,1.4327170769875326,1.4322199408336431,1.4317003541165314,1.4311573707350709,1.4305900095892092,1.4299972567627717,1.429378062021261,1.4287313396403458,1.4280559675657882,1.4273507869116866,1.4266146015183387,1.4258461775766842,1.4250442433251294,1.4242074888263798,1.4233345658283565,1.4224240877327623,1.4214746296488807,1.4204847285687698,1.4194528836614675,1.4183775566885417,1.4172571725573444,1.4160901200148397,1.414874752491874,1.4136093891026176,1.412292315809391,1.4109217867554509,1.409496025774795,1.4080132280824118,1.406471562149569,1.404869171769746,1.4032041783070794,1.4014746831639189,1.399678770403998,1.3978145096007584,1.3958799588620134,1.393873168046457,1.3917921821628227,1.3896350449463586,1.3873998026059409,1.3850845077283065,1.3826872233364575,1.3802060270821914,1.3776390155640534,1.3749843087533349,1.3722400545130062,1.36940443319065,1.366475662268025,1.3634520010451818,1.3549227519058389,1.3512945969003638,1.3475490540134103,1.3436843950601065,1.3396989877096226,1.335591301407574,1.3313599130573162,1.3270035124347406,1.322520907297815,1.3179110281669115,1.3131729327484372,1.3083058099783265,1.3033089836644909,1.2981819157123573,1.292924208917796,1.2875356093185313,1.282016008095687,1.2763654430228888,1.2705840994616957,1.264672310907773,1.258630559092336,1.2524594736494483,1.246159831360101,1.2397325549878295,1.2331787117220816,1.2264995112477854,1.219696303461009,1.212770575851662,1.2057239505756503,1.1985581812387482,1.1912751494156322,1.1838768609266666,1.1763654418959244,1.1687431346121642,1.161012293215158,1.153175379228084,1.1452349569562006,1.1371936887704386,1.1290543302947105,1.120819725512162,1.1124928018078988,1.104076564960011,1.0955740940948238,1.0869885366160643,1.0783231031201814,1.0695810623080952,1.0607657359012257,1.0518804935715689,1.0429287478929825,1.033913949320459,0.9932591332565176,0.9719872617247858,0.9505295569658077,0.9289284194200642,0.9072258780737432,0.8854633332494025,0.8636813148072744,0.8419192575026063,0.8202152951535322,0.798606075109591,0.7771265942816769,0.7558100577005394,0.7346877602304447,0.7137889916916882,0.6931409652400925,0.6727687684105692,0.6526953356509159,0.6329414403963728,0.6135257037935942,0.5944646162599234,0.5757725680161054,0.5574618860790452,0.5395428781774987,0.5220238877363984,0.5049113667301893,0.4882099732655757,0.4719226976292343,0.4560510151569834,0.4405950585404162,0.4255537979423135,0.410925215852663,0.3967064653463665,0.382894003540695,0.3694836968369558,0.3564708988264367,0.3438505046564055,0.3316169877061079,0.3197644246452864,0.308286514864067,0.2971765986913083
0.9936842105263158,1.4432423901282423,1.443209008326996,1.4431672707223908,1.443115088557677,1.4430498525020574,1.442968303790371,1.4428663739587115,1.4427389858009865,1.442579806592558,1.4423809428060932,1.442132563485455,1.4418224372163924,1.4414353653578296,1.440952492122012,1.4403504706228882,1.4396004638138813,1.438666961300597,1.4375063987848589,1.4360655783344207,1.4342799072346748,1.433647618173738,1.433192675825169,1.432717076989129,1.4322199408336396,1.4317003541165425,1.431157370449063,1.430590009589193,1.429997256762749,1.429378062021272,1.4287313396403736,1.4280559675657387,1.4273507869116042,1.4266146015182273,1.4258461775766067,1.4250442433252335,1.424207488825522,1.423334565828411,1.422424087733111,1.4214746296487542,1.4204847285687527,1.419452883661476,1.4183775566885444,1.417257172557264,1.416090120014827,1.4148747524917622,1.413609389102601,1.412292315809378,1.4109217867554429,1.4094960257747295,1.4080132280822422,1.406471562149057,1.4048691717676132,1.403204178307088,1.401474683163813,1.399678770403992,1.3978145096008474,1.3958799588620012,1.393873168046467,1.391792182162816,1.3896350449465913,1.3873998026057428,1.3850845077282876,1.382687223336444,1.3802060270822103,1.377639015564134,1.3749843087533995,1.3722400545130036,1.3694044331906858,1.3664756622679606,1.3634520010451334,1.3549227519058278,1.3512945969003642,1.3475490540133994,1.3436843950599535,1.3396989877098615,1.3355913014075151,1.33135991305743,1.3270035124347783,1.322520907297576,1.3179110281669426,1.3131729327484392,1.3083058099781315,1.303308983664495,1.2981819157122074,1.2929242089175492,1.287535609318558,1.282016008095728,1.276365443022865,1.2705840994616997,1.2646723109077775,1.2586305590923217,1.252459473649594,1.2461598313600757,1.2397325549878069,1.233178711722087,1.2264995112478003,1.219696303461023,1.2127705758516785,1.2057239505756687,1.1985581812388124,1.1912751494156295,1.1838768609266714,1.1763654418959366,1.168743134612151,1.161012293215173,1.153175379228089,1.1452349569562068,1.1371936887704313,1.129054330294683,1.1208197255122097,1.1124928018078746,1.1040765649600068,1.095574094094828,1.0869885366160577,1.0783231031202007,1.0695810623081008,1.060765735901216,1.0518804935715325,1.042928747892997,1.033913949320458,0.9932591332565366,0.971987261724813,0.9505295569657648,0.9289284194200874,0.9072258780737452,0.8854633332494183,0.8636813148072665,0.8419192575026274,0.8202152951535276,0.7986060751095748,0.7771265942817014,0.7558100577006319,0.7346877602314549,0.7137889916995469,0.6931409652979627,0.6727687687267256,0.6526953370725661,0.6329414458130832,0.6135257215484139,0.5944646671451215,0.575772697389567,0.5574621816724624,0.5395434921609469,0.5220250591479801,0.5049134385491907,0.48821339820559,0.4719280285131034,0.4560588789860105,0.4406061170686179,0.4255687002407437,0.4109445499675425,0.3967307155324461,0.3829235180871855,0.3695186691651361,0.3565113623025644,0.3438963395824039,0.3316679378623989,0.3198201203043539,0.3083464990410662,0.2972403540392799
0.9941315789473685,1.4432423901282525,1.443209008326986,1.443167270722384,1.4431150885576711,1.4430498525020563,1.4429683037903156,1.4428663739586975,1.442738985800957,1.4425798065925592,1.4423809428060932,1.4421325634854596,1.4418224372163573,1.441435365357841,1.4409524921219905,1.4403504706228705,1.4396004638138693,1.4386669613006258,1.4375063987848111,1.4360655783343936,1.4342799072345125,1.43364761817461,1.4331926758249378,1.4327170769897766,1.4322199408338154,1.4317003541164175,1.431157370449026,1.4305900095891857,1.4299972567627368,1.4293780620203274,1.428731339640358,1.4280559675657318,1.4273507869115034,1.4266146015182894,1.4258461775750153,1.4250442433249058,1.4242074888254934,1.4233345658285133,1.4224240877330212,1.4214746296487653,1.4204847285685172,1.4194528836614575,1.418377556688553,1.417257172557275,1.4160901200148246,1.4148747524917966,1.4136093891025363,1.4122923158093563,1.4109217867554518,1.4094960257747968,1.4080132280822886,1.4064715621492034,1.404869171767702,1.403204178307104,1.4014746831637903,1.399678770403978,1.3978145096007446,1.395879958862077,1.3938731680464709,1.3917921821628274,1.3896350449466044,1.387399802605974,1.3850845077283214,1.3826872233364471,1.3802060270822232,1.3776390155640434,1.374984308753393,1.3722400545130058,1.3694044331905757,1.3664756622680014,1.3634520010451678,1.354922751905816,1.3512945969002514,1.3475490540133463,1.3436843950598534,1.339698987709819,1.335591301407576,1.3313599130573504,1.327003512434762,1.3225209072977868,1.3179110281668898,1.3131729327486097,1.3083058099782987,1.3033089836645035,1.2981819157123131,1.2929242089177224,1.28753560931853,1.2820160080957002,1.2763654430229023,1.2705840994616957,1.2646723109077729,1.2586305590923406,1.2524594736494652,1.246159831360106,1.239732554987821,1.2331787117220767,1.2264995112477926,1.2196963034610284,1.2127705758516871,1.2057239505756605,1.1985581812387596,1.1912751494156282,1.1838768609266277,1.1763654418959255,1.1687431346121635,1.1610122932151614,1.1531753792281036,1.1452349569562053,1.1371936887704452,1.1290543302946638,1.1208197255121957,1.1124928018077864,1.1040765649601274,1.0955740940948704,1.0869885366160528,1.0783231031202252,1.0695810623080764,1.0607657359012166,1.0518804935715116,1.0429287478929825,1.0339139493204563,0.9932591332565556,0.971987261724824,0.9505295569657816,0.928928419420082,0.9072258780737908,0.8854633332494506,0.8636813148072943,0.8419192575026212,0.8202152951535271,0.7986060751095768,0.7771265942817106,0.7558100577006424,0.7346877602316851,0.7137889917022627,0.6931409653162742,0.6727687688399904,0.6526953376446852,0.6329414482257577,0.6135257302074041,0.5944646940545983,0.5757727709355422,0.5574623609148405,0.5395438865480332,0.5220258512889334,0.5049149053269288,0.4882159242077208,0.4719321062970187,0.4560650932373021,0.4406151129646967,0.4255811403239254,0.4109610655270916,0.396751859672527,0.3829497265195665,0.3695502328947974,0.3565484139434676,0.3439388530837318,0.3317157394384549,0.3198729078218208,0.3084038665872302,0.2973018186931033
0.9945789473684211,1.4432423901282454,1.443209008326995,1.443167270722477,1.4431150885576367,1.4430498525020414,1.4429683037903478,1.4428663739587095,1.4427389858009652,1.442579806592539,1.442380942806099,1.442132563485436,1.4418224372163753,1.4414353653578558,1.4409524921219754,1.4403504706229693,1.4396004638138216,1.4386669613006111,1.437506398785207,1.4360655783344896,1.4342799072346333,1.4336476181745794,1.433192675825199,1.4327170769891269,1.4322199408337866,1.4317003541170523,1.4311573704488925,1.430590009589173,1.4299972567627748,1.4293780620212422,1.4287313396403922,1.428055967565659,1.4273507869115951,1.4266146015183947,1.4258461775769762,1.4250442433252817,1.4242074888255016,1.4233345658288812,1.4224240877328682,1.4214746296487772,1.420484728568877,1.41945288366145,1.4183775566885888,1.417257172557308,1.4160901200148488,1.4148747524917191,1.4136093891026185,1.4122923158094447,1.4109217867554469,1.4094960257747806,1.4080132280822493,1.4064715621489932,1.4048691717675987,1.403204178307116,1.4014746831635627,1.3996787704040043,1.3978145096007308,1.3958799588620376,1.3938731680464609,1.391792182162791,1.3896350449465675,1.3873998026059469,1.3850845077283698,1.3826872233364214,1.3802060270822218,1.3776390155640506,1.3749843087533793,1.3722400545129945,1.3694044331906507,1.3664756622679686,1.363452001045161,1.354922751905797,1.3512945969004284,1.3475490540133506,1.3436843950600628,1.3396989877098804,1.335591301407658,1.331359913057364,1.32700351243446,1.32252090729783,1.317911028166879,1.3131729327484938,1.3083058099783158,1.3033089836646696,1.298181915712179,1.2929242089177782,1.287535609318508,1.2820160080957586,1.276365443022865,1.27058409946171,1.2646723109077231,1.258630559092334,1.2524594736494434,1.2461598313601003,1.239732554987821,1.2331787117220692,1.2264995112477877,1.219696303461019,1.2127705758516716,1.2057239505756252,1.1985581812387578,1.1912751494151506,1.1838768609266812,1.176365441895945,1.1687431346121475,1.1610122932151687,1.1531753792280988,1.1452349569561695,1.1371936887704193,1.129054330294655,1.1208197255122023,1.1124928018078832,1.1040765649600368,1.095574094094805,1.0869885366161036,1.0783231031202791,1.0695810623080726,1.0607657359011875,1.0518804935715482,1.042928747892902,1.033913949320447,0.9932591332564688,0.9719872617248272,0.95052955696578,0.928928419420042,0.9072258780737452,0.8854633332494553,0.8636813148072708,0.8419192575026267,0.8202152951535496,0.7986060751095694,0.7771265942816714,0.7558100577006421,0.7346877602317443,0.7137889917027909,0.6931409653211081,0.6727687688745813,0.6526953378439417,0.632941449170394,0.6135257339714577,0.5944647068982767,0.5757728090950714,0.5574624611152846,0.5395441221980213,0.522026353584805,0.5049158860764513,0.4882176950570564,0.4719350883118389,0.4560698119821263,0.4406221771769549,0.4255912059291902,0.4109747899278565,0.3967698529498211,0.3829725064875726,0.369578189500114,0.3565817863976757,0.3439777207699,0.3317600255953051,0.3199223936496477,0.3084582126926026,0.2973605906880085
0.9950263157894738,1.443242390128243,1.443209008327022,1.44316727072251,1.4431150885576802,1.4430498525020592,1.4429683037903287,1.4428663739587,1.4427389858006274,1.4425798065926174,1.442380942806094,1.442132563485467,1.4418224372164403,1.441435365357874,1.4409524921220005,1.4403504706227603,1.4396004638138358,1.4386669613006091,1.4375063987852026,1.4360655783344878,1.4342799072346462,1.4336476181746889,1.4331926758253686,1.432717076988807,1.4322199408336147,1.4317003541164803,1.4311573704489242,1.4305900095891926,1.4299972567627883,1.4293780620212555,1.4287313396403385,1.428055967565821,1.427350786911454,1.426614601518205,1.4258461775768707,1.4250442433251684,1.424207488824854,1.4233345658279568,1.422424087733055,1.42147462964884,1.4204847285689757,1.4194528836615008,1.4183775566885273,1.4172571725572882,1.416090120014631,1.41487475249181,1.4136093891026154,1.412292315809385,1.410921786755432,1.4094960257747822,1.408013228082233,1.406471562149093,1.4048691717675512,1.403204178307088,1.401474683163793,1.3996787704039446,1.3978145096007517,1.3958799588620252,1.3938731680464695,1.391792182162834,1.3896350449465875,1.3873998026059324,1.3850845077282916,1.3826872233365055,1.3802060270822023,1.3776390155640392,1.374984308753381,1.3722400545130182,1.3694044331905662,1.3664756622679255,1.3634520010452076,1.35492275190584,1.3512945969004757,1.3475490540132882,1.3436843950599322,1.3396989877097123,1.3355913014075589,1.33135991305737,1.327003512434762,1.322520907298111,1.3179110281668474,1.3131729327483557,1.308305809978295,1.3033089836645,1.2981819157122378,1.2929242089178143,1.2875356093185306,1.2820160080957024,1.2763654430228517,1.27058409946172,1.264672310907764,1.2586305590923863,1.2524594736494514,1.2461598313600897,1.2397325549878246,1.233178711722089,1.226499511247812,1.2196963034610184,1.21277057585168,1.2057239505756123,1.1985581812387378,1.1912751494156366,1.1838768609266666,1.1763654418959415,1.1687431346121744,1.1610122932151508,1.1531753792280923,1.1452349569561864,1.1371936887704452,1.1290543302946556,1.120819725512194,1.1124928018079168,1.104076564960006,1.0955740940948953,1.0869885366160617,1.0783231031201932,1.069581062308159,1.060765735901199,1.0518804935715511,1.042928747892998,1.03391394932048,0.9932591332564956,0.971987261724799,0.950529556965796,0.9289284194200644,0.9072258780737624,0.8854633332494498,0.863681314807263,0.8419192575025991,0.8202152951535653,0.7986060751095732,0.7771265942816854,0.7558100577006324,0.7346877602317037,0.7137889917028882,0.6931409653221282,0.672768768883225,0.652695337901864,0.6329414494851227,0.6135257353880473,0.5944647122886395,0.5757728267493849,0.5574625116897439,0.5395442507586741,0.5220266473278611,0.5049164963163084,0.4882188596299658,0.4719371487028215,0.4560732192490944,0.4406274825659179,0.4255990351418079,0.4109858038886544,0.3967847005418279,0.3829917762130134,0.3696023666623486,0.3566112208003112,0.3440126076484213,0.3318004002339852,0.3199681382204098,0.3085090726917713,0.2974161978482281
0.9954736842105263,1.443242390128233,1.4432090083270042,1.4431672707224317,1.4431150885576849,1.443049852502014,1.442968303790311,1.4428663739587024,1.4427389858009108,1.442579806592729,1.442380942806106,1.442132563485493,1.4418224372164024,1.4414353653578422,1.4409524921220234,1.440350470622896,1.439600463813839,1.4386669613006415,1.4375063987852337,1.4360655783343164,1.4342799072346846,1.4336476181748392,1.433192675825404,1.432717076989152,1.432219940833808,1.4317003541162427,1.431157370449024,1.430590009589166,1.429997256762808,1.429378062021207,1.428731339640354,1.4280559675657043,1.4273507869115891,1.4266146015183403,1.425846177576806,1.4250442433251782,1.42420748882545,1.4233345658284309,1.4224240877330612,1.4214746296487906,1.420484728568791,1.4194528836614742,1.4183775566885215,1.4172571725573009,1.416090120014936,1.4148747524917893,1.413609389102598,1.412292315809376,1.4109217867554211,1.4094960257747895,1.4080132280822608,1.4064715621491168,1.4048691717675756,1.4032041783071043,1.401474683163767,1.3996787704039992,1.3978145096007677,1.3958799588620328,1.3938731680464855,1.3917921821628323,1.389635044946549,1.387399802606124,1.3850845077283147,1.3826872233364649,1.3802060270822163,1.377639015564072,1.3749843087533709,1.3722400545129707,1.369404433190774,1.366475662267958,1.363452001045181,1.3549227519057134,1.3512945969003671,1.3475490540134218,1.3436843950600528,1.3396989877098058,1.3355913014076168,1.331359913057367,1.327003512434611,1.3225209072977286,1.3179110281669022,1.313172932748471,1.3083058099783489,1.3033089836644955,1.2981819157123171,1.292924208917796,1.2875356093185322,1.2820160080956808,1.2763654430228548,1.270584099461692,1.2646723109077784,1.2586305590923534,1.2524594736494443,1.2461598313601985,1.2397325549878295,1.2331787117220754,1.226499511247811,1.2196963034610029,1.2127705758516816,1.2057239505756057,1.1985581812387809,1.191275149415623,1.1838768609267676,1.176365441895922,1.1687431346121615,1.1610122932151432,1.153175379227997,1.1452349569561782,1.1371936887704552,1.1290543302946645,1.1208197255121988,1.112492801807916,1.104076564960017,1.0955740940947851,1.0869885366160303,1.0783231031202052,1.0695810623080952,1.060765735901216,1.0518804935715598,1.0429287478929985,1.0339139493204277,0.993259133256541,0.971987261724835,0.950529556965767,0.9289284194200496,0.9072258780737572,0.8854633332494142,0.8636813148072294,0.8419192575026043,0.8202152951535606,0.7986060751095798,0.7771265942816815,0.7558100577006444,0.7346877602317671,0.713788991702883,0.6931409653222712,0.6727687688848372,0.6526953379152459,0.6329414495704543,0.6135257358316726,0.594464714208487,0.5757728338042595,0.5574625340905536,0.5395443131840759,0.5220268021917277,0.504916842554217,0.4882195651702083,0.4719384722377526,0.4560755253994601,0.4406312448399345,0.4256048230048199,0.4109942538798538,0.3967964748203955,0.3830075145014444,0.3696226386192781,0.3566364850911263,0.344043182318088,0.3318364465743616,0.3200096581326973,0.3085559178047454,0.2974680875665138
0.9959210526315789,1.4432423901282276,1.4432090083269489,1.443167270722503,1.4431150885576634,1.4430498525020263,1.4429683037903105,1.442866373958697,1.4427389858009632,1.4425798065925106,1.4423809428059733,1.4421325634854514,1.441822437216362,1.4414353653578458,1.4409524921219954,1.4403504706227932,1.4396004638138278,1.4386669613006102,1.4375063987852252,1.4360655783348066,1.4342799072347363,1.433647618174667,1.4331926758253313,1.4327170769891369,1.4322199408338538,1.431700354116612,1.4311573704490617,1.430590009589187,1.4299972567627626,1.4293780620212466,1.4287313396403711,1.428055967565801,1.4273507869115551,1.4266146015184082,1.4258461775768136,1.4250442433252724,1.4242074888253942,1.423334565828504,1.4224240877331795,1.421474629648794,1.4204847285687796,1.4194528836615423,1.418377556688601,1.4172571725573018,1.416090120014853,1.4148747524917973,1.4136093891026096,1.4122923158093512,1.410921786755432,1.4094960257747735,1.408013228082258,1.4064715621491188,1.4048691717675184,1.4032041783070708,1.4014746831637914,1.3996787704044156,1.3978145096007466,1.3958799588620248,1.393873168046436,1.3917921821628112,1.3896350449471817,1.3873998026059309,1.3850845077282918,1.3826872233364642,1.380206027082226,1.3776390155640583,1.374984308753404,1.372240054512934,1.3694044331906583,1.3664756622679524,1.3634520010451965,1.354922751905841,1.351294596900488,1.347549054013291,1.3436843950598594,1.3396989877097416,1.335591301407604,1.3313599130574112,1.327003512434732,1.3225209072977964,1.3179110281662256,1.3131729327484922,1.308305809978278,1.3033089836635436,1.2981819157123402,1.2929242089177924,1.287535609318565,1.282016008095716,1.2763654430228557,1.2705840994617104,1.2646723109077795,1.2586305590923403,1.2524594736494667,1.2461598313601157,1.2397325549878275,1.2331787117220678,1.2264995112478072,1.2196963034610129,1.2127705758516585,1.205723950577254,1.1985581812387514,1.1912751494156102,1.1838768609266737,1.176365441895917,1.1687431346121682,1.161012293215158,1.1531753792280948,1.1452349569561835,1.1371936887704364,1.129054330294676,1.120819725512211,1.1124928018078757,1.1040765649600284,1.0955740940948313,1.086988536616048,1.078323103120202,1.0695810623081072,1.060765735901216,1.051880493571504,1.0429287478929985,1.0339139493204466,0.9932591332565236,0.9719872617248514,0.9505295569657276,0.9289284194200516,0.907225878073774,0.8854633332493923,0.8636813148072748,0.8419192575025941,0.8202152951535377,0.7986060751095759,0.777126594281724,0.7558100577006278,0.7346877602317062,0.7137889917028809,0.6931409653223063,0.6727687688850926,0.6526953379175473,0.632941449588201,0.6135257359410904,0.5944647147608029,0.5757728361336227,0.5574625424505417,0.539544339212455,0.5220268734840589,0.5049170166482201,0.4882199490229007,0.471939244878118,0.4560769590884443,0.4406337189022379,0.4256088247632729,0.4110003635252938,0.396805334595176,0.3830197860314668,0.3696389545415557,0.3566574020210747,0.3440691412717703,0.3318677450597584,0.3200464358884209,0.3085981558557784,0.2975156186774562
0.9963684210526316,1.4432423901282776,1.443209008327005,1.4431672707224334,1.4431150885576738,1.4430498525020574,1.4429683037903376,1.442866373958678,1.4427389858009498,1.4425798065926054,1.4423809428061003,1.442132563485448,1.4418224372163744,1.4414353653578436,1.4409524921220125,1.440350470622869,1.439600463813827,1.4386669613006329,1.4375063987853638,1.436065578334511,1.434279907234686,1.4336476181745983,1.433192675825458,1.4327170769891,1.432219940833844,1.4317003541162263,1.431157370449035,1.4305900095891844,1.4299972567627868,1.4293780620212382,1.4287313396403765,1.4280559675656983,1.4273507869116375,1.4266146015183032,1.425846177576931,1.4250442433251789,1.4242074888254668,1.423334565828461,1.4224240877330618,1.4214746296486795,1.4204847285688256,1.419452883661451,1.4183775566885584,1.417257172557319,1.41609012001481,1.4148747524917868,1.4136093891029822,1.412292315809377,1.4109217867554265,1.4094960257747764,1.4080132280822455,1.4064715621515629,1.4048691717676074,1.4032041783077374,1.40147468316329,1.3996787704040297,1.397814509600758,1.3958799588620474,1.3938731680464524,1.391792182162881,1.3896350449465968,1.387399802605965,1.3850845077283196,1.3826872233364356,1.380206027082219,1.377639015564067,1.3749843087533011,1.372240054512993,1.3694044331906827,1.366475662268009,1.3634520010451885,1.35492275190582,1.3512945969002836,1.347549054013398,1.34368439506017,1.3396989877099053,1.3355913014076544,1.3313599130573868,1.327003512434833,1.322520907297804,1.3179110281668909,1.3131729327484918,1.3083058099783005,1.303308983664499,1.2981819157123873,1.2929242089177782,1.287535609318571,1.282016008095786,1.2763654430228624,1.2705840994617073,1.264672310907766,1.258630559092338,1.2524594736494488,1.2461598313600262,1.239732554987832,1.233178711722084,1.22649951124779,1.219696303460932,1.212770575851687,1.2057239505756596,1.1985581812387336,1.1912751494156135,1.183876860926682,1.176365441895978,1.16874313461214,1.161012293215158,1.1531753792280954,1.1452349569561828,1.13719368877045,1.1290543302946758,1.120819725512222,1.1124928018078954,1.1040765649600146,1.0955740940948495,1.0869885366160554,1.0783231031202325,1.0695810623080697,1.0607657359011782,1.051880493571565,1.0429287478930949,1.033913949320442,0.9932591332565124,0.971987261724806,0.9505295569657964,0.9289284194200382,0.9072258780738012,0.8854633332494269,0.8636813148073172,0.8419192575025808,0.8202152951535103,0.7986060751095796,0.7771265942816982,0.7558100577006102,0.7346877602316988,0.7137889917028939,0.6931409653222456,0.6727687688851102,0.652695337917795,0.6329414495906782,0.6135257359607337,0.5944647148802648,0.5757728367297213,0.5574625449461994,0.5395443480741241,0.5220269008502106,0.5049170910842637,0.4882201297672753,0.4719396414508953,0.4560777539376733,0.4406351883494769,0.4256113523878753,0.4110044404789668,0.3968115438340084,0.3830287709539622,0.3696513760699722,0.3566738902019735,0.3440902484634401,0.3318939067995672,0.3200779435156402,0.3086351427779188,0.2975580599072746
0.9968157894736842,1.4432423901282505,1.4432090083269844,1.443167270722482,1.4431150885577049,1.4430498525020854,1.4429683037903376,1.4428663739587178,1.4427389858009332,1.4425798065928197,1.442380942806148,1.4421325634854678,1.4418224372163502,1.4414353653578251,1.4409524921224417,1.4403504706228685,1.4396004638138673,1.4386669613006375,1.4375063987851942,1.436065578334462,1.4342799072346717,1.4336476181743802,1.4331926758252245,1.4327170769891124,1.4322199408338063,1.4317003541165143,1.431157370449081,1.4305900095892012,1.4299972567627588,1.4293780620212695,1.4287313396403276,1.428055967565646,1.427350786911614,1.4266146015183527,1.4258461775769231,1.425044243325185,1.4242074888255072,1.4233345658283714,1.4224240877330654,1.4214746296476186,1.4204847285687687,1.419452883661496,1.4183775566886176,1.4172571725572698,1.4160901200148428,1.4148747524917902,1.4136093891026076,1.412292315809364,1.4109217867554362,1.4094960257748013,1.4080132280822628,1.4064715621491055,1.4048691717675703,1.4032041783070843,1.4014746831638178,1.3996787704039872,1.3978145096006778,1.395879958862042,1.393873168046946,1.3917921821628554,1.3896350449465398,1.387399802605961,1.3850845077282952,1.382687223336494,1.380206027082235,1.3776390155642282,1.374984308753418,1.3722400545129925,1.3694044331906667,1.366475662267974,1.3634520010451163,1.3549227519058296,1.3512945969003587,1.347549054013347,1.3436843950601385,1.3396989877098813,1.335591301407616,1.3313599130573566,1.327003512434718,1.3225209072977095,1.3179110281669022,1.313172932748502,1.3083058099783773,1.3033089836644276,1.2981819157124848,1.2929242089177402,1.2875356093184964,1.2820160080956813,1.2763654430228186,1.2705840994616937,1.2646723109077658,1.2586305590923468,1.2524594736494612,1.2461598313601026,1.239732554987822,1.2331787117220878,1.2264995112477817,1.2196963034610246,1.2127705758516794,1.205723950575642,1.198558181238757,1.1912751494156035,1.1838768609263206,1.176365441895943,1.1687431346121615,1.161012293215148,1.15317537922746,1.1452349569561784,1.137193688770434,1.129054330294683,1.1208197255121917,1.1124928018079157,1.1040765649599815,1.0955740940948306,1.0869885366160672,1.078323103120236,1.0695810623080997,1.060765735901237,1.0518804935715036,1.0429287478928873,1.0339139493204528,0.9932591332565068,0.9719872617248556,0.9505295569657632,0.9289284194200508,0.9072258780737508,0.8854633332494464,0.8636813148072517,0.841919257502603,0.8202152951535145,0.7986060751096965,0.7771265942816445,0.755810057700628,0.7346877602317038,0.7137889917028895,0.6931409653222961,0.6727687688851018,0.6526953379178179,0.6329414495909805,0.6135257359629848,0.5944647148978098,0.5757728368372772,0.5574625454875094,0.5395443503528334,0.5220269090261289,0.5049171165229401,0.4882201994419158,0.4719398117287437,0.4560781297907824,0.4406359458365285,0.4256127598864865,0.4110068728197215,0.396815483741297,0.3830347946052856,0.3696601229318469,0.3566860208965968,0.3441063965941451,0.3319146318950469,0.3201036911549224,0.3086662161975677,0.2975946051496662
0.9972631578947369,1.4432423901282567,1.4432090083269842,1.4431672707224616,1.4431150885576742,1.4430498525020805,1.4429683037903338,1.4428663739586132,1.4427389858009907,1.4425798065925717,1.4423809428061254,1.4421325634854478,1.4418224372163997,1.4414353653578504,1.4409524921219683,1.4403504706227952,1.4396004638138695,1.4386669613005911,1.437506398785205,1.4360655783344791,1.4342799072345298,1.4336476181746869,1.4331926758265798,1.432717076988924,1.432219940833836,1.431700354116517,1.431157370449428,1.4305900095883377,1.4299972567627814,1.4293780620212608,1.4287313396403571,1.4280559675656923,1.4273507869113586,1.4266146015184071,1.4258461775769578,1.4250442433251296,1.4242074888255378,1.4233345658285257,1.4224240877330498,1.4214746296488412,1.4204847285687996,1.4194528836614675,1.4183775566885413,1.4172571725573728,1.4160901200148692,1.4148747524917895,1.4136093891025885,1.4122923158093796,1.410921786755415,1.409496025774766,1.408013228082232,1.4064715621492734,1.4048691717675728,1.4032041783070963,1.4014746831637892,1.3996787704039748,1.3978145096007737,1.3958799588620197,1.393873168046451,1.391792182162847,1.389635044946597,1.3873998026059613,1.3850845077283034,1.382687223336443,1.3802060270821577,1.377639015564044,1.3749843087534412,1.3722400545130171,1.3694044331907322,1.3664756622679706,1.3634520010450772,1.3549227519058853,1.351294596900417,1.3475490540132886,1.343684395060121,1.3396989877098624,1.335591301407622,1.3313599130573168,1.327003512434749,1.3225209072977964,1.3179110281668254,1.313172932748417,1.30830580997831,1.303308983664508,1.2981819157121783,1.2929242089177917,1.2875356093185195,1.2820160080956975,1.2763654430228677,1.2705840994616913,1.2646723109077809,1.2586305590923257,1.252459473649458,1.2461598313600986,1.2397325549878302,1.2331787117220998,1.2264995112476125,1.2196963034610468,1.212770575851678,1.2057239505756585,1.1985581812387651,1.191275149415634,1.183876860926674,1.1763654418959242,1.168743134612169,1.1610122932151845,1.1531753792280994,1.1452349569560678,1.1371936887704586,1.1290543302946734,1.1208197255122343,1.112492801807903,1.1040765649600333,1.0955740940948535,1.0869885366160663,1.0783231031202785,1.0695810623081,1.0607657359011933,1.0518804935715675,1.042928747892982,1.033913949320425,0.9932591332565078,0.9719872617248022,0.950529556965768,0.9289284194200584,0.9072258780737744,0.8854633332494675,0.8636813148072314,0.8419192575026238,0.8202152951535995,0.7986060751095927,0.7771265942816675,0.7558100577006512,0.7346877602317101,0.7137889917029031,0.693140965322323,0.6727687688850971,0.65269533791778,0.6329414495908495,0.6135257359631363,0.594464714899284,0.5757728368402761,0.55746254556243,0.5395443507596097,0.5220269107342672,0.504917122832939,0.4882202196041832,0.4719398682979714,0.4560782711071419,0.4406362640756817,0.4256134130058683,0.411008106471501,0.396817647489933,0.3830383466319726,0.3696656193769022,0.3566940891832494,0.3441176956740929,0.3319298050183469,0.3201233180690978,0.3086907712021402,0.2976244258694485
0.9977105263157895,1.4432423901282572,1.4432090083270217,1.4431672707225671,1.4431150885576671,1.4430498525020037,1.4429683037903864,1.442866373958696,1.442738985800979,1.4425798065925428,1.4423809428061336,1.4421325634854838,1.4418224372163848,1.4414353653578449,1.4409524921220165,1.4403504706228276,1.4396004638138424,1.438666961300588,1.437506398785233,1.4360655783345355,1.4342799072346957,1.4336476181746989,1.4331926758253293,1.4327170769890298,1.4322199408338072,1.4317003541165687,1.431157370449059,1.43059000958918,1.4299972567625387,1.4293780620212675,1.4287313396403805,1.4280559675657791,1.4273507869116235,1.4266146015182204,1.4258461775768454,1.4250442433281698,1.4242074888255207,1.423334565828497,1.4224240877332537,1.4214746296487013,1.4204847285687894,1.4194528836616798,1.4183775566885837,1.4172571725573244,1.4160901200149234,1.4148747524916938,1.4136093891026995,1.4122923158093916,1.4109217867554535,1.4094960257747529,1.4080132280822466,1.4064715621491015,1.404869171767735,1.4032041783073597,1.4014746831638094,1.3996787704040046,1.39781450960075,1.3958799588620387,1.3938731680464638,1.39179218216282,1.3896350449465684,1.387399802605945,1.3850845077284326,1.3826872233364458,1.3802060270822278,1.377639015564042,1.3749843087533211,1.3722400545129934,1.3694044331905502,1.3664756622679073,1.363452001045206,1.354922751905837,1.3512945969004142,1.347549054013361,1.34368439506006,1.3396989877097905,1.3355913014074756,1.3313599130573377,1.3270035124348216,1.322520907297161,1.3179110281669246,1.3131729327484711,1.3083058099783225,1.3033089836645,1.2981819157123369,1.2929242089177877,1.2875356093185328,1.2820160080956928,1.276365443022691,1.270584099461703,1.264672310907761,1.2586305590923563,1.2524594736494938,1.246159831360095,1.2397325549878178,1.2331787117220845,1.2264995112478,1.2196963034610264,1.2127705758516725,1.2057239505756554,1.1985581812387578,1.1912751494156393,1.1838768609262909,1.1763654418959208,1.168743134612161,1.1610122932151534,1.1531753792280963,1.145234956956172,1.1371936887704206,1.1290543302946652,1.1208197255121803,1.112492801807882,1.1040765649599815,1.0955740940948204,1.086988536616062,1.0783231031201588,1.0695810623080952,1.0607657359012204,1.0518804935715915,1.0429287478930072,1.0339139493204557,0.9932591332564856,0.9719872617248212,0.9505295569645762,0.928928419420098,0.907225878073738,0.8854633332495082,0.8636813148072293,0.8419192575026284,0.8202152951535453,0.7986060751095861,0.7771265942816855,0.7558100577006384,0.7346877602316912,0.7137889917028946,0.693140965322298,0.6727687688850974,0.6526953379177772,0.6329414495910106,0.6135257359631154,0.5944647148993432,0.5757728368408808,0.5574625455621618,0.5395443507975443,0.5220269109439478,0.5049171238033857,0.4882202234000611,0.4719398810843135,0.4560783087411978,0.4406363622400084,0.4256136429008069,0.4110085953158089,0.3968186009648463,0.3830400681098759,0.3696685201152627,0.35669868455298,0.3441245853409517,0.331939638412614,0.3201367497693512,0.3087084127708747,0.2976468008018655
0.9981578947368421,1.443242390128259,1.4432090083269944,1.443167270722424,1.443115088557685,1.443049852502011,1.442968303790345,1.4428663739586831,1.4427389858008453,1.4425798065925413,1.4423809428061147,1.442132563485469,1.4418224372163693,1.441435365357844,1.4409524921219994,1.440350470622824,1.4396004638138205,1.4386669613006156,1.4375063987871424,1.4360655783344638,1.4342799072346888,1.433647618174677,1.433192675825412,1.4327170769891462,1.4322199408337994,1.4317003541165252,1.4311573704490397,1.430590009589161,1.4299972567627273,1.4293780620212488,1.4287313396403398,1.4280559675656792,1.4273507869116009,1.4266146015183387,1.4258461775768372,1.4250442433250776,1.4242074888255185,1.4233345658285117,1.4224240877330647,1.421474629648816,1.4204847285676525,1.4194528836614475,1.4183775566884982,1.4172571725573204,1.416090120014845,1.414874752491861,1.4136093891025912,1.412292315809328,1.4109217867554211,1.409496025774773,1.408013228082257,1.4064715621491275,1.4048691717675428,1.4032041783070666,1.4014746831637637,1.3996787704040077,1.397814509600784,1.395879958862042,1.393873168046463,1.3917921821627943,1.389635044946624,1.3873998026059595,1.385084507728229,1.3826872233364365,1.380206027082219,1.3776390155640583,1.3749843087533613,1.372240054512958,1.3694044331906463,1.3664756622679688,1.363452001045126,1.3549227519057232,1.3512945969004009,1.347549054013295,1.3436843950599189,1.3396989877098957,1.3355913014074847,1.331359913057393,1.3270035124348405,1.322520907297804,1.3179110281669206,1.3131729327485089,1.3083058099782716,1.3033089836644345,1.29818191571253,1.2929242089178032,1.2875356093185095,1.282016008095745,1.276365443022853,1.2705840994616782,1.264672310907772,1.2586305590923623,1.2524594736494468,1.2461598313600857,1.2397325549878315,1.2331787117220692,1.2264995112478114,1.2196963034610222,1.2127705758516714,1.2057239505756523,1.198558181238747,1.1912751494156395,1.183876860926681,1.1763654418957603,1.1687431346120396,1.1610122932152354,1.1531753792280537,1.1452349569561755,1.1371936887704184,1.1290543302946776,1.12081972551221,1.1124928018079243,1.1040765649600213,1.0955740940948129,1.0869885366160552,1.07832310312019,1.0695810623081163,1.0607657359011895,1.051880493571537,1.0429287478929872,1.0339139493204348,0.9932591332565162,0.9719872617248084,0.9505295569658104,0.928928419420046,0.907225878073778,0.8854633332494476,0.8636813148072437,0.8419192575026269,0.820215295153543,0.7986060751095733,0.7771265942816662,0.7558100577006313,0.7346877602317015,0.7137889917028759,0.6931409653222573,0.6727687688850887,0.652695337917766,0.6329414495910157,0.6135257359630863,0.5944647148993197,0.575772836844763,0.5574625455621691,0.5395443507862671,0.5220269109551381,0.5049171238740684,0.4882202237634411,0.471939882655193,0.4560783145288935,0.4406363807257767,0.4256136948491031,0.41100872547578,0.3968188951969231,0.3830406746982628,0.3696696715915913,0.3567007146653371,0.3441279354786137,0.3319448492964586,0.3201444372678237,0.3087192302129827,0.2976613930171524
0.9986052631578948,1.4432423901282132,1.443209008326997,1.4431672707224383,1.4431150885576929,1.4430498525020512,1.4429683037903134,1.442866373958707,1.4427389858005817,1.4425798065926176,1.442380942806092,1.4421325634854596,1.4418224372163984,1.4414353653578655,1.4409524921219916,1.4403504706228365,1.4396004638138056,1.4386669613006438,1.4375063987852392,1.4360655783344718,1.4342799072346752,1.4336476181746354,1.433192675828012,1.4327170769891542,1.4322199408338057,1.4317003541165192,1.4311573704490328,1.4305900095891486,1.4299972567627874,1.4293780620211671,1.4287313396403387,1.4280559675655535,1.4273507869115474,1.4266146015170535,1.425846177576831,1.4250442433251442,1.4242074888255185,1.4233345658284835,1.42242408773328,1.421474629648771,1.4204847285687063,1.41945288366141,1.41837755668859,1.4172571725572949,1.4160901200146805,1.4148747524917782,1.4136093891025898,1.412292315809368,1.4109217867554409,1.409496025774794,1.4080132280823048,1.4064715621491342,1.404869171767547,1.4032041783071152,1.401474683163796,1.3996787704039722,1.397814509600758,1.3958799588620463,1.3938731680464655,1.3917921821627697,1.3896350449465755,1.3873998026059364,1.385084507728474,1.3826872233364396,1.3802060270822072,1.377639015564102,1.3749843087532936,1.3722400545128968,1.3694044331905848,1.3664756622679806,1.3634520010451552,1.3549227519058231,1.351294596900462,1.3475490540133803,1.343684395060058,1.339698987709901,1.3355913014076397,1.3313599130573466,1.3270035124348347,1.322520907297787,1.317911028166891,1.3131729327484891,1.3083058099785336,1.3033089836644929,1.2981819157125007,1.2929242089177522,1.2875356093185155,1.2820160080957,1.2763654430228717,1.270584099461698,1.2646723109077669,1.2586305590923474,1.2524594736494548,1.2461598313600926,1.2397325549878178,1.2331787117220767,1.2264995112478143,1.2196963034610158,1.2127705758516685,1.2057239505756472,1.1985581812387724,1.1912751494156302,1.183876860926673,1.1763654418959548,1.1687431346121833,1.161012293215173,1.1531753792270956,1.145234956956169,1.1371936887704426,1.1290543302946785,1.120819725512152,1.1124928018078142,1.104076564960048,1.0955740940948335,1.0869885366160112,1.078323103120183,1.0695810623080766,1.0607657359011575,1.051880493571569,1.0429287478929865,1.0339139493204377,0.9932591332565136,0.9719872617247974,0.9505295569658468,0.9289284194200964,0.90722587807378,0.8854633332494231,0.8636813148072937,0.8419192575026149,0.8202152951535339,0.7986060751095674,0.7771265942818993,0.7558100577004919,0.7346877602317186,0.7137889917028937,0.6931409653222669,0.6727687688851269,0.6526953379177771,0.6329414495909951,0.6135257359631295,0.5944647148993025,0.5757728368397199,0.5574625455622471,0.5395443507901464,0.522026910955284,0.5049171238752691,0.4882202237745604,0.4719398827238598,0.4560783148737265,0.4406363822233141,0.425613700324977,0.4110087428863239,0.3968189440054819,0.3830407969068088,0.3696699480670365,0.3567012857010203,0.3441290223369873,0.3319467716649912,0.3201476210052967,0.3087242010867811,0.2976687548496566
0.9990526315789474,1.4432423901282383,1.4432090083269842,1.4431672707224386,1.4431150885576969,1.4430498525020243,1.4429683037903345,1.4428663739586918,1.4427389858009128,1.44257980659256,1.4423809428061083,1.4421325634854694,1.441822437216199,1.4414353653578356,1.4409524921220005,1.4403504706228012,1.4396004638138802,1.438666961300629,1.4375063987852172,1.43606557833452,1.4342799072344483,1.4336476181746036,1.433192675825356,1.4327170769884077,1.4322199408336482,1.4317003541164683,1.4311573704489908,1.430590009589167,1.4299972567628023,1.4293780620212664,1.4287313396403822,1.4280559675656774,1.427350786911502,1.42661460151832,1.425846177576902,1.4250442433251636,1.4242074888255392,1.4233345658284655,1.4224240877330607,1.4214746296487406,1.420484728568763,1.4194528836614742,1.4183775566885342,1.417257172557281,1.4160901200148432,1.4148747524917982,1.413609389102598,1.412292315809345,1.4109217867554336,1.409496025774791,1.4080132280822877,1.4064715621490924,1.404869171767667,1.4032041783070934,1.4014746831637872,1.3996787704040008,1.3978145096007548,1.3958799588620634,1.393873168046469,1.391792182162821,1.3896350449465882,1.387399802605925,1.3850845077283205,1.382687223336449,1.380206027082289,1.37763901556406,1.3749843087533191,1.372240054512952,1.3694044331906077,1.3664756622680394,1.3634520010451554,1.3549227519058098,1.3512945969003594,1.3475490540133326,1.343684395060139,1.339698987709798,1.3355913014075018,1.3313599130572975,1.3270035124347843,1.3225209072977635,1.3179110281665785,1.313172932748461,1.3083058099785096,1.3033089836645109,1.2981819157123418,1.2929242089177957,1.2875356093185586,1.282016008095734,1.2763654430228604,1.2705840994617188,1.26467231090778,1.2586305590923392,1.25245947364945,1.246159831360094,1.2397325549878448,1.233178711722092,1.226499511247803,1.219696303461023,1.2127705758516931,1.2057239505752686,1.1985581812387234,1.1912751494156326,1.1838768609268835,1.1763654418959348,1.1687431346121808,1.1610122932150988,1.1531753792280814,1.1452349569562017,1.1371936887704446,1.1290543302946874,1.1208197255121488,1.1124928018079043,1.1040765649600084,1.0955740940948524,1.0869885366160668,1.078323103120178,1.0695810623081037,1.0607657359011986,1.0518804935715598,1.042928747892954,1.0339139493204978,0.9932591332565052,0.9719872617248057,0.9505295569658496,0.928928419420064,0.9072258780738326,0.8854633332494469,0.8636813148072539,0.8419192575021041,0.8202152951535491,0.7986060751095722,0.7771265942816776,0.7558100577006428,0.734687760231722,0.7137889917028982,0.6931409653222971,0.6727687688850956,0.6526953379177771,0.6329414495910328,0.6135257359631038,0.5944647148992906,0.5757728368412599,0.5574625455602548,0.5395443507914904,0.5220269109552814,0.5049171238752725,0.4882202237846266,0.471939882724241,0.4560783148777938,0.4406363822475387,0.4256137004611693,0.4110087435056769,0.3968189464735664,0.3830408052830527,0.3696699730355647,0.3567013518894398,0.3441291802753426,0.3319471146671148,0.3201483052804555,0.3087254658801552,0.2976709374141726
0.9995,1.4432423901282283,1.443209008327033,1.4431672707225032,1.4431150885577115,1.4430498525020263,1.442968303790381,1.4428663739586711,1.442738985800964,1.442579806592498,1.442380942806344,1.4421325634854596,1.4418224372163837,1.4414353653578262,1.4409524921219787,1.4403504706228167,1.4396004638138278,1.4386669613006282,1.4375063987835657,1.4360655783344924,1.4342799072346086,1.4336476181743032,1.4331926758254347,1.432717076989193,1.4322199408337952,1.4317003541165096,1.431157370449,1.4305900095889983,1.4299972567628028,1.429378062021209,1.4287313396403556,1.428055967565455,1.427350786911466,1.4266146015183454,1.4258461775768514,1.4250442433252797,1.424207488825561,1.423334565828507,1.4224240877330845,1.4214746296487877,1.420484728568904,1.4194528836614952,1.4183775566884989,1.4172571725573198,1.416090120014739,1.4148747524917875,1.4136093891026014,1.412292315809362,1.4109217867554604,1.4094960257747875,1.4080132280822473,1.4064715621481632,1.4048691717675448,1.4032041783070863,1.4014746831637963,1.3996787704039673,1.3978145096007004,1.395879958862039,1.3938731680463778,1.3917921821628043,1.3896350449465835,1.387399802605923,1.3850845077283058,1.3826872233364411,1.3802060270822134,1.3776390155640243,1.3749843087533526,1.372240054512879,1.3694044331906348,1.3664756622680256,1.363452001045126,1.3549227519057354,1.3512945969003491,1.3475490540132926,1.3436843950600734,1.3396989877098424,1.3355913014076637,1.3313599130573197,1.3270035124348225,1.3225209072975723,1.3179110281681947,1.3131729327484478,1.3083058099783278,1.303308983664695,1.2981819157123395,1.2929242089177853,1.287535609318525,1.2820160080957137,1.2763654430228597,1.2705840994617048,1.264672310907762,1.2586305590923637,1.252459473649442,1.2461598313601077,1.2397325549878289,1.2331787117220718,1.2264995112477906,1.2196963034610169,1.2127705758516665,1.2057239505756712,1.1985581812387605,1.191275149415636,1.1838768609266688,1.1763654418960283,1.1687431346121675,1.1610122932150808,1.153175379228094,1.1452349569561833,1.137193688770446,1.1290543302946745,1.1208197255121553,1.1124928018078626,1.104076564959973,1.0955740940948415,1.0869885366160543,1.0783231031201983,1.069581062308076,1.0607657359012197,1.0518804935715844,1.0429287478929994,1.033913949320451,0.9932591332565388,0.9719872617247932,0.9505295569658044,0.9289284194200368,0.9072258780736812,0.8854633332494248,0.8636813148072408,0.8419192575026097,0.8202152951535654,0.7986060751095764,0.7771265942816649,0.7558100577006495,0.734687760231725,0.7137889917026494,0.6931409653222519,0.6727687688850971,0.6526953379177693,0.6329414495910114,0.6135257359632159,0.5944647148993066,0.5757728368500387,0.5574625455643606,0.5395443507883577,0.5220269109553022,0.5049171238752616,0.4882202237910751,0.47193988272296,0.4560783148777415,0.4406363822484027,0.4256137004575077,0.4110087435138935,0.3968189464819086,0.3830408053410987,0.3696699732844195,0.3567013529145379,0.3441291839659171,0.3319471262021185,0.3201483373574849,0.3087255458977,0.2976711187110898
